date;Total Private Construction Spending: Amusement and Recreation in the United States;Total Private Construction Spending: Commercial in the United States;Total Private Construction Spending: Communication in the United States;Total Private Construction Spending: Educational in the United States;Total Private Construction Spending: Health Care in the United States;Total Private Construction Spending: Lodging in the United StatesÂ ;Total Private Construction Spending: Manufacturing in the United States;Total Private Construction Spending: Nonresidential in the United States;Total Private Construction Spending: Office in the United States;Total Private Construction Spending: Power in the United States;Total Private Construction Spending: Religious in the United States;Total Private Construction Spending: Residential in the United States;Total Private Construction Spending: Transportation in the United States;Total Public Construction Spending: Amusement and Recreation in the United States;Total Public Construction Spending: Commercial in the United States;Total Public Construction Spending: Conservation and Development in the United States;Total Public Construction Spending: Educational in the United States;Total Public Construction Spending: Health Care in the United States;Total Public Construction Spending: Highway and Street in the United States;Total Public Construction Spending: Nonresidential in the United States;Total Public Construction Spending: Office in the United States;Total Public Construction Spending: Power in the United States;Total Public Construction Spending: Public Safety in the United States;Total Public Construction Spending: Residential in the United States;Total Public Construction Spending: Sewage and Waste Disposal in the United State;Total Public Construction Spending: Transportation in the United States;Total Public Construction Spending: Water Supply in the United States
1993-01-01;3566,0;31715,0;9629,0;3734,0;14059,0;3359,0;24811,0;150025,0;22366,0;27195,0;3843,0;194150,0;4055,0;;;;;;;;;;;;;;
1993-02-01;4161,0;32406,0;9483,0;3891,0;13840,0;3425,0;23488,0;149035,0;21804,0;27822,0;3699,0;194689,0;3578,0;;;;;;;;;;;;;;
1993-03-01;3354,0;33061,0;10089,0;3767,0;14014,0;4586,0;22800,0;148442,0;20809,0;26155,0;4131,0;190185,0;4357,0;;;;;;;;;;;;;;
1993-04-01;4052,0;32686,0;9387,0;4100,0;14005,0;3734,0;21550,0;144221,0;20953,0;23518,0;4053,0;198296,0;4803,0;;;;;;;;;;;;;;
1993-05-01;4428,0;34271,0;9630,0;4691,0;14287,0;5660,0;23659,0;148529,0;18807,0;23175,0;3728,0;198835,0;4902,0;;;;;;;;;;;;;;
1993-06-01;5027,0;33906,0;9506,0;5127,0;15104,0;5508,0;21963,0;147860,0;19699,0;22202,0;3642,0;203175,0;4809,0;;;;;;;;;;;;;;
1993-07-01;4789,0;32032,0;9794,0;5471,0;15343,0;4740,0;22933,0;145513,0;18683,0;21590,0;3827,0;208760,0;4954,0;;;;;;;;;;;;;;
1993-08-01;5113,0;34214,0;9471,0;6004,0;15935,0;4978,0;23480,0;149217,0;19082,0;21241,0;3622,0;212238,0;4880,0;;;;;;;;;;;;;;
1993-09-01;5042,0;35550,0;9879,0;5215,0;15500,0;5524,0;23376,0;150868,0;19106,0;21179,0;4205,0;214446,0;5007,0;;;;;;;;;;;;;;
1993-10-01;5360,0;35782,0;9659,0;5202,0;15580,0;4824,0;23696,0;151440,0;19427,0;22287,0;3745,0;214778,0;4386,0;;;;;;;;;;;;;;
1993-11-01;5578,0;38306,0;9973,0;5115,0;15667,0;4902,0;23787,0;156274,0;19360,0;23234,0;4008,0;227235,0;4834,0;;;;;;;;;;;;;;
1993-12-01;4592,0;37758,0;10013,0;4878,0;15827,0;3836,0;25010,0;159605,0;20643,0;26097,0;4230,0;235648,0;5060,0;;;;;;;;;;;;;;
1994-01-01;4358,0;33787,0;9480,0;5303,0;15492,0;3750,0;24403,0;148235,0;18322,0;22999,0;3966,0;238612,0;4844,0;;;;;;;;;;;;;;
1994-02-01;4525,0;32801,0;10148,0;4734,0;14062,0;4178,0;24862,0;152047,0;18977,0;27416,0;3883,0;236577,0;4757,0;;;;;;;;;;;;;;
1994-03-01;5266,0;36630,0;10125,0;5158,0;16059,0;4806,0;25912,0;159948,0;22331,0;23730,0;3884,0;235150,0;4712,0;;;;;;;;;;;;;;
1994-04-01;5163,0;38641,0;9524,0;4811,0;15959,0;5564,0;26921,0;159650,0;20387,0;22723,0;3694,0;244746,0;4597,0;;;;;;;;;;;;;;
1994-05-01;5106,0;38842,0;9892,0;5175,0;16120,0;5382,0;29875,0;162280,0;20810,0;20699,0;3915,0;244056,0;4845,0;;;;;;;;;;;;;;
1994-06-01;5371,0;40175,0;10250,0;5098,0;16725,0;4717,0;28663,0;160441,0;19980,0;19116,0;3885,0;244032,0;4890,0;;;;;;;;;;;;;;
1994-07-01;5171,0;40985,0;9986,0;5255,0;15481,0;3848,0;28246,0;158233,0;19258,0;19829,0;3746,0;245463,0;4848,0;;;;;;;;;;;;;;
1994-08-01;5140,0;41197,0;10751,0;4816,0;15679,0;4308,0;29333,0;161620,0;20662,0;19520,0;4023,0;243134,0;4587,0;;;;;;;;;;;;;;
1994-09-01;5434,0;42745,0;10091,0;4891,0;14909,0;4505,0;30066,0;163466,0;21267,0;19607,0;3805,0;242619,0;4513,0;;;;;;;;;;;;;;
1994-10-01;5429,0;42544,0;10376,0;4879,0;14801,0;4540,0;30512,0;163059,0;20620,0;19388,0;3881,0;234905,0;4580,0;;;;;;;;;;;;;;
1994-11-01;5531,0;41729,0;10408,0;5000,0;15090,0;5071,0;33727,0;168246,0;21808,0;19876,0;3839,0;239857,0;4640,0;;;;;;;;;;;;;;
1994-12-01;4992,0;41658,0;10631,0;5142,0;15028,0;5209,0;32015,0;165270,0;20529,0;20151,0;3984,0;241395,0;4574,0;;;;;;;;;;;;;;
1995-01-01;4964,0;40850,0;11220,0;4966,0;15233,0;5443,0;32256,0;169788,0;22953,0;22031,0;3966,0;241184,0;4434,0;;;;;;;;;;;;;;
1995-02-01;4875,0;42926,0;10664,0;5266,0;15110,0;5760,0;33780,0;173462,0;22902,0;21485,0;4199,0;234257,0;5070,0;;;;;;;;;;;;;;
1995-03-01;5321,0;45652,0;10787,0;5199,0;14850,0;7460,0;34291,0;178944,0;23160,0;21956,0;3919,0;228013,0;4965,0;;;;;;;;;;;;;;
1995-04-01;5810,0;43956,0;12310,0;5689,0;15059,0;5730,0;35806,0;180257,0;22713,0;22828,0;4282,0;225488,0;4696,0;;;;;;;;;;;;;;
1995-05-01;5407,0;41938,0;10498,0;5445,0;15605,0;6662,0;37043,0;180694,0;23334,0;23335,0;4430,0;222062,0;4598,0;;;;;;;;;;;;;;
1995-06-01;6001,0;45271,0;11660,0;6067,0;14768,0;6853,0;35902,0;184210,0;23368,0;23221,0;4387,0;218972,0;4642,0;;;;;;;;;;;;;;
1995-07-01;5476,0;44061,0;12468,0;6184,0;15527,0;6846,0;36957,0;185753,0;24088,0;22348,0;4594,0;224113,0;5043,0;;;;;;;;;;;;;;
1995-08-01;5870,0;43118,0;11171,0;6384,0;14885,0;7087,0;35191,0;180948,0;23994,0;22083,0;4485,0;226045,0;4510,0;;;;;;;;;;;;;;
1995-09-01;6182,0;45269,0;11204,0;6003,0;15683,0;7304,0;35838,0;182754,0;22329,0;21558,0;4581,0;228688,0;4805,0;;;;;;;;;;;;;;
1995-10-01;7187,0;45426,0;10992,0;5585,0;15856,0;7690,0;35857,0;183887,0;22649,0;21241,0;4680,0;227589,0;4790,0;;;;;;;;;;;;;;
1995-11-01;6651,0;45083,0;10816,0;5872,0;15221,0;9199,0;35508,0;181715,0;21929,0;20550,0;4388,0;231913,0;4783,0;;;;;;;;;;;;;;
1995-12-01;6552,0;45861,0;10145,0;5235,0;15525,0;9539,0;35511,0;182144,0;22439,0;20164,0;4033,0;235572,0;5052,0;;;;;;;;;;;;;;
1996-01-01;6385,0;46675,0;11641,0;5798,0;15190,0;8862,0;39939,0;187068,0;21950,0;19322,0;4414,0;240958,0;5267,0;;;;;;;;;;;;;;
1996-02-01;6799,0;47146,0;11718,0;6154,0;13991,0;9696,0;37011,0;185642,0;23067,0;18960,0;4464,0;243695,0;5146,0;;;;;;;;;;;;;;
1996-03-01;6847,0;46693,0;10833,0;6273,0;13457,0;9761,0;36821,0;184419,0;23367,0;19233,0;4090,0;249952,0;5480,0;;;;;;;;;;;;;;
1996-04-01;7177,0;47573,0;11493,0;5933,0;14141,0;11068,0;37085,0;189505,0;25038,0;18723,0;4251,0;252836,0;5783,0;;;;;;;;;;;;;;
1996-05-01;6457,0;48000,0;11527,0;6181,0;15180,0;9878,0;36485,0;187923,0;25461,0;17376,0;4241,0;259296,0;5807,0;;;;;;;;;;;;;;
1996-06-01;6893,0;48411,0;11064,0;6980,0;15807,0;10728,0;37396,0;194933,0;28174,0;17531,0;4534,0;263085,0;5872,0;;;;;;;;;;;;;;
1996-07-01;7206,0;47668,0;10764,0;7185,0;15472,0;10400,0;36034,0;189035,0;26330,0;16814,0;4217,0;263549,0;5568,0;;;;;;;;;;;;;;
1996-08-01;6998,0;51737,0;11919,0;7426,0;15827,0;12022,0;35494,0;196246,0;26819,0;16405,0;4449,0;263618,0;5151,0;;;;;;;;;;;;;;
1996-09-01;6731,0;51368,0;11444,0;7572,0;16098,0;11929,0;38181,0;200156,0;28478,0;16533,0;4677,0;265677,0;5550,0;;;;;;;;;;;;;;
1996-10-01;7278,0;52464,0;11952,0;7805,0;16360,0;11995,0;42797,0;209483,0;29458,0;16687,0;4707,0;261444,0;6200,0;;;;;;;;;;;;;;
1996-11-01;7674,0;51718,0;12637,0;7925,0;16696,0;12030,0;40927,0;209930,0;29873,0;16851,0;5041,0;259668,0;6910,0;;;;;;;;;;;;;;
1996-12-01;7513,0;51604,0;13911,0;7852,0;16774,0;12599,0;38840,0;208000,0;29569,0;15985,0;5284,0;253234,0;6417,0;;;;;;;;;;;;;;
1997-01-01;7923,0;53779,0;12059,0;7604,0;16988,0;11263,0;38762,0;208531,0;30713,0;17298,0;5024,0;255365,0;5618,0;;;;;;;;;;;;;;
1997-02-01;7950,0;53935,0;12032,0;7746,0;16908,0;11671,0;38273,0;206553,0;32297,0;14159,0;5267,0;258595,0;4742,0;;;;;;;;;;;;;;
1997-03-01;8785,0;52879,0;11620,0;7470,0;17499,0;12306,0;34865,0;202627,0;30473,0;14127,0;5699,0;264566,0;5168,0;;;;;;;;;;;;;;
1997-04-01;8787,0;52543,0;12612,0;8587,0;17276,0;12614,0;36084,0;206035,0;29599,0;14793,0;5643,0;257490,0;5684,0;;;;;;;;;;;;;;
1997-05-01;8758,0;52949,0;12254,0;8498,0;16873,0;13811,0;36177,0;207099,0;28443,0;15834,0;5948,0;264581,0;5808,0;;;;;;;;;;;;;;
1997-06-01;8433,0;53017,0;12629,0;8714,0;17248,0;13950,0;36393,0;209596,0;31269,0;15119,0;5234,0;262299,0;5750,0;;;;;;;;;;;;;;
1997-07-01;8641,0;54479,0;13395,0;9258,0;17021,0;13951,0;38968,0;218840,0;33271,0;16286,0;5444,0;261593,0;6323,0;;;;;;;;;;;;;;
1997-08-01;8873,0;54609,0;12457,0;9242,0;17820,0;13448,0;38172,0;219995,0;34328,0;17406,0;5402,0;263951,0;6353,0;;;;;;;;;;;;;;
1997-09-01;8777,0;53432,0;13176,0;9645,0;18246,0;13034,0;38597,0;222959,0;35154,0;18068,0;6272,0;270511,0;6652,0;;;;;;;;;;;;;;
1997-10-01;8570,0;52974,0;12576,0;9591,0;17950,0;13386,0;38519,0;223110,0;36065,0;18597,0;6336,0;272980,0;6627,0;;;;;;;;;;;;;;
1997-11-01;8324,0;52395,0;12492,0;9391,0;17841,0;12604,0;37407,0;218126,0;35605,0;16501,0;6417,0;272786,0;7328,0;;;;;;;;;;;;;;
1997-12-01;8435,0;51283,0;11865,0;9225,0;17020,0;12739,0;39180,0;218388,0;36364,0;16676,0;6631,0;269192,0;7312,0;;;;;;;;;;;;;;
1998-01-01;7629,0;52412,0;12006,0;9776,0;17116,0;11993,0;39333,0;219748,0;37910,0;15304,0;6489,0;276485,0;7692,0;;;;;;;;;;;;;;
1998-02-01;7459,0;52418,0;13025,0;10210,0;16943,0;11872,0;39842,0;221382,0;37298,0;16101,0;6751,0;279249,0;7616,0;;;;;;;;;;;;;;
1998-03-01;7432,0;54485,0;13400,0;10480,0;17494,0;12775,0;43006,0;228207,0;37432,0;15765,0;6325,0;291505,0;7619,0;;;;;;;;;;;;;;
1998-04-01;9111,0;55127,0;12284,0;10582,0;18048,0;13892,0;41412,0;235598,0;39202,0;20187,0;6170,0;288409,0;7701,0;;;;;;;;;;;;;;
1998-05-01;7991,0;54686,0;13085,0;10534,0;18020,0;13190,0;40807,0;234582,0;38972,0;22098,0;5723,0;292879,0;7429,0;;;;;;;;;;;;;;
1998-06-01;8552,0;57842,0;12522,0;9710,0;18092,0;15852,0;40067,0;248234,0;42775,0;26797,0;6211,0;296632,0;7473,0;;;;;;;;;;;;;;
1998-07-01;8796,0;56813,0;12167,0;9014,0;18089,0;15421,0;38311,0;239636,0;39950,0;25573,0;6250,0;296717,0;7553,0;;;;;;;;;;;;;;
1998-08-01;9146,0;55859,0;12383,0;9138,0;17818,0;16316,0;41540,0;243170,0;39134,0;25740,0;6604,0;299495,0;7644,0;;;;;;;;;;;;;;
1998-09-01;8583,0;55522,0;12357,0;9963,0;17778,0;16907,0;40743,0;242566,0;40125,0;24493,0;6933,0;305345,0;7568,0;;;;;;;;;;;;;;
1998-10-01;9167,0;56624,0;12928,0;9274,0;17555,0;17234,0;40623,0;241654,0;42583,0;20340,0;6986,0;308127,0;6759,0;;;;;;;;;;;;;;
1998-11-01;9359,0;58004,0;12010,0;9726,0;17765,0;16195,0;40042,0;243153,0;44164,0;20432,0;7286,0;307899,0;6539,0;;;;;;;;;;;;;;
1998-12-01;9703,0;57339,0;11507,0;10032,0;18223,0;16163,0;40300,0;243689,0;44838,0;20030,0;7550,0;302650,0;6597,0;;;;;;;;;;;;;;
1999-01-01;9439,0;54852,0;13766,0;8789,0;17873,0;15653,0;38716,0;242862,0;44242,0;23408,0;7536,0;305968,0;7076,0;;;;;;;;;;;;;;
1999-02-01;9902,0;55470,0;14700,0;9065,0;18320,0;16914,0;37575,0;251260,0;46061,0;27677,0;7515,0;307914,0;6717,0;;;;;;;;;;;;;;
1999-03-01;10413,0;58118,0;16752,0;9462,0;18428,0;17180,0;37992,0;253110,0;45183,0;24042,0;7377,0;316822,0;6495,0;;;;;;;;;;;;;;
1999-04-01;10532,0;59435,0;17676,0;10223,0;17998,0;16592,0;35523,0;244859,0;44694,0;16486,0;7555,0;316111,0;6304,0;;;;;;;;;;;;;;
1999-05-01;9726,0;60447,0;16647,0;9389,0;18190,0;16243,0;34976,0;242211,0;44733,0;16479,0;7426,0;320326,0;6234,0;;;;;;;;;;;;;;
1999-06-01;9393,0;59209,0;16856,0;10036,0;17934,0;15548,0;34980,0;249433,0;46003,0;24382,0;7351,0;322905,0;6232,0;;;;;;;;;;;;;;
1999-07-01;9361,0;59416,0;19467,0;10209,0;18275,0;16156,0;35027,0;255008,0;44636,0;27107,0;7291,0;320854,0;6359,0;;;;;;;;;;;;;;
1999-08-01;9011,0;58803,0;19831,0;9736,0;18684,0;15328,0;34586,0;246083,0;45742,0;19090,0;7310,0;326779,0;6365,0;;;;;;;;;;;;;;
1999-09-01;9460,0;59895,0;19733,0;9655,0;18947,0;15202,0;34161,0;247860,0;46525,0;19100,0;7215,0;334947,0;6514,0;;;;;;;;;;;;;;
1999-10-01;8859,0;59911,0;20598,0;10022,0;18820,0;15023,0;32512,0;246803,0;45046,0;20372,0;7350,0;342423,0;6734,0;;;;;;;;;;;;;;
1999-11-01;9416,0;63866,0;20911,0;10279,0;18949,0;15918,0;32703,0;255740,0;43862,0;24113,0;7291,0;348035,0;6853,0;;;;;;;;;;;;;;
1999-12-01;9572,0;63609,0;20393,0;10319,0;18327,0;15706,0;34293,0;257380,0;43709,0;24961,0;7382,0;346989,0;7111,0;;;;;;;;;;;;;;
2000-01-01;9230,0;61228,0;19353,0;10416,0;18394,0;15899,0;32449,0;247213,0;42558,0;23767,0;7610,0;353065,0;4948,0;;;;;;;;;;;;;;
2000-02-01;9476,0;65092,0;16775,0;10850,0;17790,0;15820,0;35742,0;265200,0;47567,0;28911,0;8293,0;351933,0;7187,0;;;;;;;;;;;;;;
2000-03-01;9793,0;63200,0;18052,0;11270,0;18188,0;17219,0;36433,0;268020,0;49334,0;27341,0;8046,0;353452,0;7240,0;;;;;;;;;;;;;;
2000-04-01;9175,0;62109,0;17082,0;10765,0;18797,0;16926,0;36553,0;264832,0;50719,0;26305,0;7847,0;356188,0;6971,0;;;;;;;;;;;;;;
2000-05-01;9302,0;62755,0;18004,0;12180,0;19218,0;17060,0;39979,0;275989,0;52588,0;27968,0;7873,0;349907,0;7275,0;;;;;;;;;;;;;;
2000-06-01;8845,0;63376,0;18873,0;11475,0;19722,0;17298,0;38449,0;271873,0;51906,0;24852,0;8117,0;348133,0;7147,0;;;;;;;;;;;;;;
2000-07-01;8666,0;63175,0;17694,0;12043,0;19731,0;16655,0;37295,0;274805,0;52106,0;30455,0;8310,0;337374,0;6955,0;;;;;;;;;;;;;;
2000-08-01;9013,0;66254,0;17497,0;12629,0;19950,0;16524,0;38617,0;284502,0;54796,0;32121,0;7997,0;337583,0;6864,0;;;;;;;;;;;;;;
2000-09-01;8477,0;66178,0;22175,0;12016,0;20008,0;15966,0;38456,0;289543,0;56252,0;32482,0;8092,0;339048,0;7037,0;;;;;;;;;;;;;;
2000-10-01;7914,0;66319,0;17874,0;12192,0;20847,0;15972,0;39157,0;286731,0;54921,0;33724,0;8319,0;344095,0;7039,0;;;;;;;;;;;;;;
2000-11-01;7977,0;64073,0;19907,0;12160,0;20648,0;15734,0;39100,0;288986,0;56587,0;35718,0;8006,0;347301,0;6851,0;;;;;;;;;;;;;;
2000-12-01;7382,0;64012,0;22231,0;11766,0;20031,0;14576,0;38470,0;281975,0;58202,0;28131,0;7929,0;344139,0;7022,0;;;;;;;;;;;;;;
2001-01-01;7266,0;63292,0;20205,0;12280,0;20379,0;14442,0;43224,0;278005,0;57565,0;21947,0;7952,0;348279,0;7257,0;;;;;;;;;;;;;;
2001-02-01;7446,0;64543,0;19279,0;12035,0;19645,0;14544,0;40064,0;270735,0;55683,0;20149,0;8034,0;353629,0;7203,0;;;;;;;;;;;;;;
2001-03-01;7801,0;64306,0;18642,0;12177,0;20798,0;14714,0;42465,0;280450,0;56789,0;25233,0;8217,0;350029,0;7464,0;;;;;;;;;;;;;;
2001-04-01;7704,0;65593,0;20623,0;12237,0;19414,0;14534,0;40776,0;278653,0;53994,0;26540,0;8296,0;361991,0;7495,0;;;;;;;;;;;;;;
2001-05-01;7815,0;64445,0;22629,0;12035,0;19846,0;14783,0;38921,0;281069,0;51841,0;31356,0;8393,0;360534,0;7435,0;;;;;;;;;;;;;;
2001-06-01;8422,0;63871,0;19441,0;12578,0;18995,0;15439,0;40082,0;284499,0;53527,0;34680,0;8345,0;365905,0;7289,0;;;;;;;;;;;;;;
2001-07-01;8006,0;65300,0;18902,0;12547,0;19113,0;15672,0;39336,0;279200,0;50497,0;32544,0;8560,0;366500,0;7132,0;;;;;;;;;;;;;;
2001-08-01;7783,0;63339,0;20200,0;12928,0;18869,0;15308,0;38439,0;274690,0;46992,0;33929,0;8523,0;369000,0;7039,0;;;;;;;;;;;;;;
2001-09-01;7818,0;62756,0;19814,0;13619,0;19169,0;14628,0;38751,0;270320,0;44443,0;32862,0;8711,0;368809,0;6490,0;;;;;;;;;;;;;;
2001-10-01;8027,0;62638,0;18954,0;13913,0;19616,0;14110,0;34000,0;268404,0;44497,0;36404,0;8420,0;370957,0;6560,0;;;;;;;;;;;;;;
2001-11-01;8233,0;62629,0;18658,0;13971,0;18786,0;13608,0;29466,0;260359,0;42142,0;36581,0;8596,0;375803,0;6621,0;;;;;;;;;;;;;;
2001-12-01;7677,0;62247,0;18372,0;13991,0;19693,0;12439,0;30083,0;264194,0;39970,0;43150,0;8501,0;376279,0;6999,0;;;;;;;;;;;;;;
2002-01-01;7822,0;63972,0;18843,0;13616,0;20888,0;11669,0;28116,0;263731,0;40176,0;42407,0;8742,0;377631,0;6512,0;10044,0;4282,0;3578,0;58742,0;4859,0;62553,0;211973,0;8964,0;3643,0;8356,0;5348,0;16077,0;19035,0;11412,0
2002-02-01;7925,0;62196,0;19831,0;13588,0;20859,0;10861,0;25816,0;256668,0;38891,0;40693,0;8517,0;385745,0;6437,0;10392,0;3644,0;3704,0;60748,0;4579,0;61664,0;214277,0;8837,0;3981,0;8667,0;5689,0;16645,0;19226,0;11717,0
2002-03-01;7472,0;63256,0;19053,0;13724,0;20986,0;10810,0;24835,0;252252,0;37058,0;38707,0;8469,0;385406,0;6907,0;10516,0;3467,0;3328,0;58523,0;4652,0;52889,0;201253,0;9158,0;3031,0;7933,0;5536,0;15960,0;19835,0;11530,0
2002-04-01;7636,0;61548,0;18895,0;13922,0;21570,0;11833,0;24301,0;250341,0;37198,0;36754,0;8793,0;398990,0;6893,0;9628,0;3331,0;3066,0;60631,0;4547,0;52965,0;203435,0;9511,0;4626,0;7846,0;5266,0;16035,0;18717,0;11823,0
2002-05-01;7551,0;59318,0;18544,0;13663,0;22054,0;11581,0;23650,0;241636,0;35652,0;33307,0;8506,0;394223,0;6900,0;9437,0;3423,0;3199,0;61914,0;4406,0;56191,0;210154,0;9984,0;4565,0;7816,0;4941,0;15979,0;19551,0;13026,0
2002-06-01;7734,0;57773,0;19234,0;12772,0;23092,0;10633,0;22981,0;235344,0;35208,0;29911,0;8021,0;401920,0;7000,0;9465,0;3209,0;3314,0;59135,0;4594,0;55273,0;204433,0;8869,0;3929,0;8283,0;5385,0;15838,0;19726,0;12197,0
2002-07-01;7456,0;55599,0;18707,0;12540,0;22832,0;10135,0;21868,0;229426,0;34703,0;29958,0;8081,0;404632,0;6653,0;9367,0;3372,0;3582,0;60292,0;4770,0;58189,0;207608,0;9129,0;3971,0;7332,0;5539,0;16138,0;19201,0;11655,0
2002-08-01;7508,0;57623,0;17931,0;12425,0;23096,0;9613,0;20733,0;227442,0;34243,0;27585,0;8263,0;398875,0;7154,0;9570,0;3600,0;3466,0;61219,0;4667,0;57267,0;207256,0;8925,0;3466,0;7356,0;5181,0;16052,0;19296,0;11741,0
2002-09-01;7205,0;58489,0;16938,0;12557,0;22955,0;9865,0;20028,0;224568,0;33767,0;26442,0;8016,0;394820,0;6936,0;10649,0;3508,0;3504,0;61808,0;4996,0;56598,0;207471,0;8309,0;3111,0;7119,0;5240,0;15926,0;18882,0;12329,0
2002-10-01;7580,0;58129,0;17784,0;13036,0;23659,0;10008,0;20691,0;228572,0;32887,0;28820,0;8026,0;397077,0;6721,0;9760,0;3644,0;3800,0;62421,0;4733,0;57615,0;209130,0;8734,0;4382,0;6812,0;5014,0;15522,0;18190,0;12634,0
2002-11-01;6945,0;57379,0;17073,0;13356,0;23680,0;9296,0;20804,0;228716,0;33125,0;30746,0;8410,0;401424,0;6588,0;9756,0;3692,0;3759,0;61959,0;4806,0;56332,0;209198,0;8586,0;5803,0;7002,0;5185,0;15670,0;18838,0;12124,0
2002-12-01;6887,0;54711,0;18227,0;12700,0;23321,0;9302,0;20214,0;222509,0;31654,0;29428,0;8354,0;411758,0;6485,0;9844,0;3209,0;3973,0;61134,0;4831,0;64279,0;216656,0;8950,0;6063,0;6972,0;5086,0;15977,0;18039,0;12488,0
2003-01-01;6506,0;56837,0;13589,0;13183,0;22981,0;9382,0;19598,0;226819,0;30925,0;37189,0;8614,0;417788,0;6745,0;9844,0;3553,0;3699,0;61957,0;4709,0;61134,0;213997,0;8884,0;6451,0;6856,0;5261,0;16077,0;17910,0;12060,0
2003-02-01;7079,0;55183,0;13643,0;12915,0;24210,0;9416,0;19754,0;225646,0;29344,0;37657,0;8576,0;417500,0;6877,0;9367,0;3522,0;3291,0;60020,0;4943,0;58549,0;210873,0;8888,0;6923,0;6938,0;5205,0;16338,0;18608,0;12714,0
2003-03-01;7572,0;55746,0;14297,0;13195,0;24121,0;10112,0;20723,0;229653,0;29351,0;38673,0;8403,0;413303,0;6568,0;9121,0;3079,0;3261,0;60735,0;4804,0;53496,0;203317,0;8643,0;6889,0;6862,0;4929,0;15508,0;17685,0;12324,0
2003-04-01;7729,0;56343,0;14355,0;12958,0;24045,0;9544,0;20541,0;227092,0;28520,0;36901,0;8525,0;420510,0;6529,0;9521,0;3797,0;3789,0;60262,0;4908,0;54507,0;206904,0;8700,0;7092,0;6818,0;4983,0;15938,0;18650,0;11814,0
2003-05-01;7759,0;57203,0;14572,0;13863,0;24189,0;13804,0;22072,0;232573,0;28785,0;34038,0;8614,0;421143,0;6518,0;10209,0;4114,0;3855,0;61440,0;5108,0;53781,0;207997,0;8478,0;7092,0;6915,0;5127,0;15522,0;18323,0;12085,0
2003-06-01;8095,0;58254,0;14659,0;13800,0;24551,0;9949,0;22403,0;231498,0;30213,0;33203,0;8708,0;430929,0;6566,0;9321,0;4401,0;3970,0;62447,0;5193,0;55703,0;213185,0;8626,0;8245,0;6997,0;5234,0;16051,0;18737,0;12359,0
2003-07-01;7836,0;59419,0;15051,0;13844,0;23940,0;9553,0;21444,0;224707,0;29921,0;27318,0;8772,0;448917,0;6444,0;8820,0;4328,0;4057,0;62356,0;5124,0;55490,0;212517,0;9334,0;7834,0;7280,0;5123,0;16267,0;18248,0;12151,0
2003-08-01;7721,0;60148,0;14244,0;13685,0;23904,0;9572,0;21517,0;228595,0;30713,0;30661,0;8800,0;453031,0;6489,0;8602,0;4231,0;4210,0;61269,0;5349,0;57473,0;214568,0;9100,0;8842,0;7051,0;5645,0;16370,0;18508,0;12547,0
2003-09-01;8092,0;58186,0;14682,0;14002,0;23768,0;9517,0;22317,0;233700,0;30994,0;35058,0;8744,0;458676,0;6669,0;8472,0;4557,0;3753,0;60271,0;5311,0;59799,0;213928,0;9287,0;7465,0;6938,0;5277,0;16563,0;18516,0;11894,0
2003-10-01;8484,0;58251,0;14194,0;13351,0;24450,0;9796,0;22797,0;233121,0;33366,0;31491,0;8801,0;469855,0;6646,0;8697,0;4605,0;3874,0;61082,0;5260,0;58853,0;217356,0;9007,0;10738,0;7414,0;5379,0;16815,0;18332,0;11755,0
2003-11-01;8097,0;56549,0;14736,0;12858,0;24751,0;9497,0;21941,0;226077,0;32535,0;28817,0;8302,0;485245,0;6346,0;8488,0;3940,0;3318,0;59030,0;5252,0;58466,0;209417,0;8758,0;7754,0;6902,0;5196,0;16664,0;18057,0;12015,0
2003-12-01;8277,0;57811,0;15201,0;13365,0;25660,0;9020,0;21392,0;232151,0;32437,0;33083,0;7864,0;503356,0;6542,0;8267,0;3895,0;3142,0;59978,0;5345,0;57719,0;207664,0;8351,0;7869,0;6779,0;5281,0;17263,0;16680,0;11766,0
2004-01-01;7525,0;58958,0;12927,0;12970,0;24028,0;8778,0;21253,0;227349,0;30793,0;34476,0;7514,0;498640,0;6629,0;9353,0;3688,0;3285,0;57927,0;5439,0;56936,0;207518,0;8748,0;7416,0;6873,0;5019,0;16940,0;17638,0;12621,0
2004-02-01;7931,0;59110,0;14173,0;12553,0;25440,0;10067,0;22116,0;227051,0;31850,0;27348,0;7742,0;500439,0;6936,0;8420,0;3709,0;3489,0;59675,0;5314,0;54671,0;205679,0;9350,0;7032,0;6462,0;4643,0;17079,0;17346,0;12337,0
2004-03-01;8035,0;60085,0;14570,0;12859,0;26467,0;11274,0;21681,0;233056,0;32413,0;29157,0;7994,0;506879,0;6791,0;8552,0;3719,0;3746,0;61303,0;5564,0;60004,0;216272,0;9854,0;6929,0;6804,0;4950,0;17493,0;18591,0;12858,0
2004-04-01;8087,0;62109,0;14713,0;12973,0;27084,0;11422,0;21351,0;233437,0;32820,0;26619,0;8151,0;512400,0;6593,0;8565,0;3896,0;3921,0;60960,0;5978,0;60418,0;216253,0;9159,0;7290,0;6822,0;5512,0;17544,0;18306,0;12574,0
2004-05-01;8883,0;63368,0;14914,0;12480,0;26813,0;11759,0;22122,0;232956,0;32664,0;23458,0;8217,0;522534,0;6616,0;8480,0;3979,0;3631,0;60724,0;5739,0;58426,0;213244,0;9552,0;7471,0;6875,0;5647,0;17938,0;17616,0;12031,0
2004-06-01;8613,0;65215,0;14697,0;12455,0;26640,0;12115,0;20483,0;232519,0;32513,0;22764,0;8233,0;527794,0;6738,0;8383,0;4113,0;3516,0;63871,0;6092,0;59498,0;217209,0;9310,0;8068,0;6666,0;5564,0;17339,0;17522,0;12093,0
2004-07-01;8509,0;67602,0;15268,0;12482,0;26546,0;12478,0;21973,0;238888,0;34202,0;22991,0;8453,0;543260,0;6924,0;8292,0;3911,0;4176,0;63067,0;6082,0;57503,0;218266,0;9645,0;7816,0;6902,0;5771,0;18183,0;18899,0;13239,0
2004-08-01;8792,0;64469,0;15748,0;12537,0;26304,0;12826,0;22525,0;241348,0;32790,0;28835,0;8072,0;551447,0;6942,0;8149,0;3717,0;4019,0;61954,0;6030,0;56840,0;214856,0;9770,0;8451,0;7068,0;5964,0;17813,0;18242,0;12301,0
2004-09-01;8586,0;65631,0;16397,0;12703,0;26596,0;13480,0;23193,0;246868,0;32627,0;30686,0;8431,0;546306,0;6913,0;8109,0;4087,0;4312,0;62378,0;5861,0;54231,0;212838,0;9534,0;9176,0;6788,0;6068,0;17496,0;18203,0;12143,0
2004-10-01;8874,0;64122,0;17257,0;12735,0;25985,0;13456,0;25459,0;246581,0;33278,0;29005,0;8260,0;551137,0;6975,0;7705,0;3538,0;4271,0;60826,0;5924,0;58303,0;212712,0;9241,0;8662,0;6156,0;5288,0;17793,0;18640,0;11350,0
2004-11-01;8567,0;63847,0;15995,0;12909,0;26726,0;13535,0;27525,0;247029,0;33643,0;27838,0;8261,0;550392,0;7062,0;7573,0;3916,0;4103,0;61530,0;6095,0;62906,0;220021,0;9699,0;9017,0;6649,0;5552,0;17814,0;18758,0;11555,0
2004-12-01;8508,0;62959,0;17161,0;12795,0;26223,0;12593,0;28119,0;246725,0;33934,0;27692,0;8459,0;566284,0;7049,0;7679,0;3879,0;3865,0;62222,0;6841,0;61606,0;218884,0;10154,0;8379,0;6486,0;5587,0;17354,0;18285,0;11802,0
2005-01-01;8133,0;62789,0;19121,0;12855,0;27041,0;11826,0;27578,0;250158,0;36903,0;27503,0;8286,0;575650,0;6761,0;7337,0;3709,0;3814,0;60701,0;5686,0;59637,0;214756,0;9698,0;9478,0;6572,0;5518,0;17355,0;18259,0;12324,0
2005-02-01;8249,0;63349,0;18870,0;12724,0;26980,0;12348,0;28016,0;251796,0;38553,0;26819,0;7847,0;588435,0;6199,0;7691,0;4383,0;4256,0;62294,0;5743,0;64318,0;221049,0;9412,0;8553,0;6554,0;5569,0;17336,0;17868,0;12316,0
2005-03-01;7842,0;64279,0;18322,0;12742,0;26834,0;13517,0;28650,0;251961,0;37469,0;26365,0;8134,0;591580,0;6371,0;7551,0;3812,0;4269,0;64248,0;5917,0;62696,0;222582,0;9375,0;9116,0;6363,0;5621,0;17780,0;17862,0;13227,0
2005-04-01;7416,0;65422,0;18621,0;12666,0;26784,0;12870,0;27939,0;254161,0;38229,0;28310,0;7680,0;598335,0;6733,0;7376,0;3625,0;3836,0;66635,0;5940,0;61438,0;222876,0;9323,0;7695,0;6369,0;5640,0;18931,0;17531,0;13945,0
2005-05-01;7110,0;66885,0;18739,0;12597,0;27775,0;11822,0;27051,0;255438,0;37947,0;29436,0;7665,0;603707,0;6968,0;7726,0;3618,0;4364,0;67727,0;6222,0;62198,0;228732,0;8126,0;11050,0;6622,0;5463,0;19519,0;17050,0;14208,0
2005-06-01;7081,0;64556,0;18753,0;12834,0;27661,0;11284,0;27548,0;252025,0;37258,0;29137,0;7757,0;616958,0;6895,0;7590,0;3713,0;4599,0;68204,0;6016,0;63138,0;231145,0;8453,0;10158,0;7268,0;5768,0;19986,0;17457,0;13866,0
2005-07-01;6870,0;65441,0;18900,0;12844,0;29224,0;11814,0;27589,0;253900,0;35468,0;29529,0;7914,0;628750,0;6843,0;7883,0;3723,0;4599,0;67866,0;5983,0;63092,0;230628,0;8479,0;9880,0;6899,0;5822,0;20396,0;17814,0;13602,0
2005-08-01;6900,0;66490,0;19051,0;12995,0;29825,0;12439,0;29024,0;257599,0;35750,0;29134,0;7451,0;633710,0;7178,0;8202,0;3976,0;4548,0;67769,0;6062,0;64049,0;232061,0;8202,0;9380,0;6985,0;5791,0;19741,0;18152,0;14478,0
2005-09-01;7670,0;67352,0;18374,0;13106,0;31174,0;13285,0;29048,0;263183,0;37948,0;28936,0;7566,0;647374,0;7418,0;7441,0;3393,0;4565,0;67561,0;6103,0;65774,0;232504,0;8000,0;9554,0;7628,0;5374,0;19819,0;18146,0;13978,0
2005-10-01;7405,0;69672,0;18510,0;12763,0;29806,0;13529,0;29294,0;265451,0;37286,0;30448,0;7329,0;658590,0;7708,0;7876,0;3407,0;4258,0;67798,0;6079,0;65237,0;230970,0;7899,0;8626,0;7304,0;5817,0;19999,0;18200,0;13824,0
2005-11-01;8025,0;70571,0;19559,0;12595,0;29287,0;13486,0;29590,0;269373,0;37299,0;32013,0;7528,0;665376,0;7926,0;7885,0;3360,0;4247,0;69404,0;5747,0;65639,0;231960,0;7298,0;7244,0;7212,0;5381,0;21321,0;18109,0;14063,0
2005-12-01;7798,0;72105,0;19831,0;12916,0;29308,0;13770,0;29672,0;272395,0;38097,0;31748,0;7522,0;670522,0;8190,0;8154,0;3342,0;4559,0;71055,0;5762,0;65989,0;236145,0;7814,0;8637,0;6768,0;5613,0;21738,0;17866,0;14047,0
2006-01-01;7839,0;73518,0;21794,0;13438,0;29799,0;13358,0;29698,0;277343,0;38860,0;31412,0;7432,0;675679,0;8658,0;8433,0;3382,0;4543,0;69946,0;5879,0;66507,0;237035,0;8055,0;8156,0;6980,0;5584,0;22299,0;17716,0;14377,0
2006-02-01;8345,0;71295,0;21300,0;13516,0;30242,0;14074,0;28900,0;280283,0;41160,0;32754,0;7836,0;678562,0;9340,0;8634,0;3051,0;4445,0;70471,0;6192,0;68286,0;240874,0;7858,0;9358,0;7327,0;5920,0;22826,0;17774,0;13911,0
2006-03-01;8383,0;71801,0;21276,0;13568,0;30549,0;15394,0;30851,0;285365,0;41573,0;32962,0;8029,0;668311,0;9132,0;8869,0;3121,0;5058,0;70861,0;6202,0;70141,0;245347,0;7606,0;8778,0;7217,0;6146,0;23328,0;18843,0;14614,0
2006-04-01;9188,0;70472,0;21511,0;13715,0;30768,0;17106,0;31862,0;287651,0;43884,0;31277,0;7812,0;650388,0;8412,0;8953,0;3384,0;5206,0;69521,0;6290,0;73543,0;248746,0;8508,0;9444,0;7336,0;6510,0;22427,0;19045,0;14276,0
2006-05-01;9709,0;72497,0;21174,0;13792,0;31340,0;16952,0;31848,0;292927,0;45024,0;32185,0;7876,0;633815,0;8700,0;9440,0;2993,0;5269,0;69345,0;6349,0;73387,0;247605,0;8209,0;8830,0;7322,0;6234,0;21858,0;18988,0;14903,0
2006-06-01;9033,0;73107,0;21622,0;13552,0;32570,0;18120,0;33010,0;299334,0;46537,0;33251,0;7773,0;615053,0;9022,0;10048,0;2787,0;5136,0;71129,0;6452,0;73872,0;251575,0;8405,0;8978,0;7145,0;6167,0;22559,0;19785,0;14568,0
2006-07-01;9519,0;73227,0;21868,0;13370,0;32258,0;18688,0;32092,0;301402,0;48280,0;33838,0;7672,0;598487,0;8835,0;10059,0;2994,0;5122,0;71452,0;6463,0;75761,0;252504,0;8414,0;6756,0;7162,0;5534,0;23093,0;19644,0;14639,0
2006-08-01;9858,0;73435,0;22297,0;13190,0;33008,0;18805,0;35881,0;306563,0;48623,0;34016,0;7577,0;584460,0;7997,0;10207,0;3346,0;4939,0;70340,0;6366,0;72577,0;249155,0;8452,0;7888,0;6863,0;5729,0;23174,0;19766,0;14222,0
2006-09-01;10185,0;74597,0;23372,0;13901,0;33085,0;18890,0;34212,0;307094,0;47777,0;33405,0;7556,0;573878,0;8279,0;10318,0;3380,0;5259,0;70515,0;6523,0;70247,0;248906,0;8726,0;8436,0;7441,0;5875,0;23010,0;19486,0;14343,0
2006-10-01;10229,0;72694,0;23277,0;14394,0;32761,0;19974,0;32318,0;304567,0;47311,0;33813,0;7716,0;561444,0;8363,0;10081,0;3940,0;4922,0;70983,0;6748,0;69466,0;250595,0;9449,0;8232,0;7693,0;6308,0;23692,0;19414,0;14715,0
2006-11-01;9910,0;75553,0;23000,0;14730,0;33233,0;20207,0;32408,0;312164,0;48541,0;36433,0;7747,0;548971,0;8578,0;10248,0;4018,0;5038,0;73317,0;6921,0;70446,0;254286,0;9112,0;8554,0;7717,0;6328,0;23104,0;19701,0;14751,0
2006-12-01;9646,0;77579,0;23928,0;15097,0;34704,0;19914,0;32700,0;320162,0;50482,0;37608,0;7812,0;545011,0;8832,0;10746,0;3907,0;5261,0;76823,0;7162,0;71882,0;263503,0;9189,0;10337,0;8013,0;6729,0;23343,0;20633,0;14822,0
2007-01-01;8990,0;77865,0;23777,0;14950,0;34572,0;20478,0;33382,0;320249,0;51815,0;37115,0;7858,0;537571,0;7740,0;10678,0;4131,0;5549,0;75257,0;7481,0;78215,0;273573,0;9680,0;12035,0;8410,0;6525,0;24598,0;21174,0;14974,0
2007-02-01;8698,0;80407,0;26619,0;15407,0;35270,0;21182,0;34468,0;332339,0;51248,0;41447,0;7689,0;531641,0;8170,0;10249,0;3868,0;4770,0;73699,0;7292,0;76093,0;268434,0;9671,0;11504,0;8271,0;6619,0;25216,0;20867,0;15406,0
2007-03-01;9765,0;80852,0;26758,0;15041,0;35014,0;23653,0;33954,0;340354,0;53619,0;43766,0;7529,0;527865,0;8608,0;10595,0;3941,0;4776,0;75863,0;7692,0;75239,0;271615,0;10457,0;13185,0;8839,0;6790,0;23076,0;20308,0;15912,0
2007-04-01;9616,0;83531,0;25695,0;15768,0;35047,0;25103,0;35825,0;345178,0;51523,0;44520,0;7519,0;523666,0;8988,0;10749,0;3717,0;4428,0;78022,0;7941,0;75497,0;274663,0;10119,0;12634,0;8818,0;7082,0;23923,0;21275,0;15873,0
2007-05-01;9943,0;87584,0;27616,0;15984,0;34984,0;26479,0;35234,0;358048,0;52676,0;49362,0;7574,0;514131,0;8638,0;11533,0;3812,0;4913,0;80212,0;8410,0;75536,0;282034,0;11588,0;12385,0;9149,0;7368,0;24099,0;22243,0;16220,0
2007-06-01;10040,0;88093,0;28115,0;16880,0;34806,0;27433,0;37526,0;369495,0;52398,0;55295,0;7612,0;505936,0;9200,0;10291,0;3901,0;5132,0;81462,0;8040,0;75261,0;280492,0;11853,0;11153,0;9425,0;7587,0;24004,0;22221,0;15790,0
2007-07-01;10380,0;86673,0;26853,0;17493,0;35103,0;28532,0;40927,0;370632,0;51817,0;54367,0;7591,0;495976,0;9050,0;11551,0;3972,0;5121,0;81675,0;8409,0;71985,0;281330,0;12319,0;12002,0;9630,0;7511,0;23965,0;24259,0;14807,0
2007-08-01;10962,0;88662,0;28473,0;17518,0;35903,0;28883,0;40314,0;384672,0;54451,0;60345,0;7521,0;480974,0;9555,0;11774,0;3920,0;4890,0;81549,0;8835,0;75965,0;285589,0;13218,0;10681,0;9640,0;7843,0;24405,0;23493,0;15322,0
2007-09-01;10575,0;88628,0;28655,0;17542,0;36378,0;30457,0;48027,0;395532,0;55553,0;60551,0;7702,0;465709,0;9351,0;11735,0;3901,0;5386,0;81397,0;8306,0;77714,0;290053,0;11689,0;12124,0;10651,0;7286,0;25276,0;23879,0;15622,0
2007-10-01;10889,0;88940,0;28679,0;17715,0;36744,0;33136,0;49256,0;408729,0;56815,0;67546,0;7302,0;447819,0;9473,0;11110,0;3501,0;5746,0;81314,0;8815,0;77235,0;288717,0;12414,0;11389,0;10224,0;7226,0;25284,0;24642,0;15234,0
2007-11-01;11252,0;88550,0;28098,0;17633,0;36472,0;32788,0;44181,0;402136,0;57025,0;66933,0;7095,0;431878,0;9581,0;10775,0;3695,0;5411,0;84519,0;8693,0;78515,0;291628,0;12007,0;11866,0;10948,0;7266,0;24971,0;24198,0;14369,0
2007-12-01;11048,0;85811,0;29450,0;17697,0;36331,0;31643,0;47937,0;401961,0;56579,0;66334,0;7287,0;416486,0;9443,0;10827,0;3621,0;5632,0;83570,0;8162,0;78242,0;289482,0;11837,0;12919,0;10723,0;7212,0;24848,0;24008,0;13648,0
2008-01-01;11107,0;89764,0;30023,0;18519,0;36213,0;30643,0;48190,0;414958,0;57686,0;72961,0;7436,0;402138,0;9794,0;11082,0;3661,0;5258,0;83521,0;8390,0;75757,0;286970,0;11559,0;11926,0;11272,0;7282,0;24630,0;24945,0;13367,0
2008-02-01;10993,0;90198,0;28599,0;18042,0;36856,0;31796,0;48028,0;411129,0;57067,0;69124,0;7197,0;386197,0;10673,0;11054,0;3647,0;5119,0;82448,0;8541,0;77736,0;292327,0;12535,0;12242,0;11423,0;6996,0;24756,0;25604,0;15771,0
2008-03-01;10720,0;85821,0;29641,0;17994,0;37461,0;33143,0;48567,0;406437,0;56232,0;66792,0;7067,0;390471,0;10718,0;11571,0;3695,0;5218,0;84384,0;8701,0;82405,0;299540,0;12408,0;11975,0;11900,0;6998,0;25130,0;25357,0;15345,0
2008-04-01;10495,0;87956,0;28292,0;18078,0;37478,0;35636,0;49910,0;411413,0;56825,0;67352,0;7109,0;385328,0;10059,0;11858,0;3797,0;4870,0;84783,0;8487,0;82028,0;297038,0;12460,0;11334,0;11451,0;7474,0;24713,0;24969,0;15073,0
2008-05-01;11332,0;87302,0;29996,0;18258,0;38113,0;36900,0;52617,0;414316,0;55081,0;66592,0;7088,0;381911,0;9097,0;11600,0;3806,0;4901,0;87224,0;8345,0;78488,0;297896,0;12692,0;11525,0;12076,0;7424,0;24386,0;25233,0;16528,0
2008-06-01;10563,0;85290,0;26617,0;18405,0;38487,0;36766,0;54289,0;408045,0;55408,0;63990,0;6848,0;374495,0;9384,0;11369,0;4012,0;5249,0;86932,0;8109,0;79236,0;300053,0;12949,0;12490,0;11601,0;7505,0;24440,0;25729,0;16933,0
2008-07-01;10714,0;85398,0;26131,0;19008,0;39444,0;37177,0;52515,0;411470,0;55728,0;66344,0;7184,0;364873,0;9864,0;10951,0;3731,0;5696,0;87395,0;8207,0;80068,0;302727,0;13208,0;12098,0;12227,0;7882,0;24854,0;25752,0;17684,0
2008-08-01;10410,0;81618,0;23988,0;18861,0;38453,0;37793,0;54380,0;403794,0;55254,0;64184,0;6845,0;352598,0;10045,0;11204,0;3609,0;5485,0;89199,0;8679,0;81821,0;305899,0;13104,0;12658,0;12300,0;7785,0;24265,0;26020,0;16465,0
2008-09-01;10145,0;79537,0;24242,0;19243,0;39023,0;37579,0;56654,0;410624,0;56122,0;68898,0;7261,0;340396,0;10064,0;11343,0;3166,0;4606,0;85900,0;8175,0;81638,0;300748,0;13828,0;11678,0;12684,0;7810,0;24710,0;25651,0;16405,0
2008-10-01;10703,0;77108,0;23309,0;19624,0;39149,0;37596,0;58710,0;412323,0;54526,0;72349,0;7480,0;329304,0;9891,0;11121,0;3383,0;5037,0;87516,0;8852,0;82927,0;306812,0;13550,0;11322,0;13115,0;7520,0;25977,0;26427,0;16747,0
2008-11-01;9699,0;74155,0;23168,0;19125,0;40437,0;36288,0;58318,0;405596,0;54308,0;71451,0;7448,0;312540,0;9665,0;11389,0;3191,0;5185,0;86849,0;8425,0;83884,0;309153,0;13617,0;12130,0;14378,0;7744,0;26267,0;25682,0;17405,0
2008-12-01;9521,0;69772,0;22599,0;18357,0;39453,0;33050,0;58386,0;393186,0;50348,0;73256,0;7451,0;293997,0;9517,0;11317,0;3124,0;5666,0;86524,0;8480,0;80885,0;304622,0;14337,0;10258,0;14721,0;7334,0;26091,0;25342,0;17070,0
2009-01-01;9018,0;65512,0;20487,0;18633,0;38230,0;30258,0;63869,0;381677,0;47834,0;70358,0;7133,0;283870,0;8801,0;10432,0;3130,0;4638,0;87797,0;8677,0;80732,0;301899,0;14826,0;10983,0;13879,0;7653,0;24542,0;26211,0;15315,0
2009-02-01;9392,0;63821,0;18436,0;18178,0;38720,0;30751,0;66482,0;382404,0;44849,0;74239,0;7037,0;267938,0;9027,0;11027,0;3460,0;5982,0;90338,0;9213,0;81762,0;313191,0;14699,0;13346,0;14213,0;8176,0;24261,0;28088,0;16072,0
2009-03-01;9499,0;60863,0;19322,0;18050,0;38617,0;30694,0;64284,0;383667,0;42690,0;82088,0;6814,0;254645,0;9231,0;10920,0;3873,0;6079,0;93324,0;9212,0;80107,0;317598,0;14624,0;17434,0;13592,0;7883,0;26194,0;25761,0;15799,0
2009-04-01;9290,0;58443,0;20268,0;17577,0;37889,0;31098,0;63750,0;369627,0;41091,0;72552,0;6775,0;243958,0;9494,0;10948,0;3371,0;6141,0;90970,0;8821,0;80229,0;311619,0;14221,0;16617,0;13773,0;7277,0;24674,0;25190,0;16007,0
2009-05-01;9316,0;54754,0;19920,0;17964,0;36539,0;29273,0;63219,0;365757,0;40822,0;76986,0;5985,0;237188,0;9639,0;11311,0;3609,0;5427,0;90842,0;9623,0;80409,0;309864,0;14339,0;13807,0;14018,0;7211,0;24607,0;26274,0;14941,0
2009-06-01;8857,0;50264,0;19729,0;17941,0;36535,0;27142,0;59394,0;354227,0;38936,0;78589,0;6118,0;237343,0;9456,0;11650,0;3940,0;5324,0;90419,0;9732,0;82881,0;313078,0;14711,0;13526,0;14194,0;7883,0;23838,0;27023,0;15208,0
2009-07-01;9237,0;48420,0;19483,0;16770,0;34491,0;25118,0;57699,0;344704,0;37238,0;79580,0;5988,0;244141,0;9323,0;11411,0;3861,0;5550,0;89001,0;9915,0;83780,0;314092,0;14894,0;13371,0;13609,0;8501,0;23873,0;28955,0;15223,0
2009-08-01;7994,0;45498,0;19790,0;16890,0;34282,0;22978,0;55482,0;334891,0;35610,0;79868,0;6024,0;250768,0;9146,0;11064,0;3740,0;5574,0;85308,0;9755,0;83239,0;306447,0;14207,0;12654,0;12841,0;8007,0;23462,0;29150,0;14741,0
2009-09-01;7517,0;45435,0;20017,0;16043,0;33397,0;21918,0;52194,0;322235,0;31681,0;77660,0;5899,0;254135,0;9082,0;11221,0;3656,0;5310,0;81956,0;10297,0;83271,0;302497,0;14116,0;11569,0;12753,0;8374,0;23837,0;29155,0;14592,0
2009-10-01;7512,0;41937,0;19189,0;14953,0;33133,0;19898,0;52021,0;308583,0;31038,0;73370,0;5680,0;254942,0;8601,0;11287,0;3524,0;6256,0;80796,0;10087,0;83639,0;299576,0;14517,0;9932,0;12451,0;8290,0;23650,0;28136,0;14597,0
2009-11-01;6730,0;41799,0;19555,0;14558,0;31548,0;18401,0;50901,0;299917,0;29079,0;71810,0;5569,0;255941,0;8503,0;10220,0;3576,0;6069,0;78778,0;9257,0;80289,0;294604,0;15164,0;10020,0;12381,0;8031,0;25145,0;27912,0;15038,0
2009-12-01;6696,0;41904,0;19887,0;14236,0;30826,0;17126,0;42551,0;286479,0;28431,0;69475,0;5299,0;255801,0;8511,0;10219,0;3493,0;6431,0;77632,0;9861,0;78431,0;291538,0;15288,0;10016,0;12424,0;8792,0;24759,0;27137,0;15042,0
2010-01-01;6173,0;40418,0;17397,0;14029,0;30771,0;15375,0;45115,0;268992,0;26888,0;56850,0;5299,0;254826,0;9225,0;10470,0;2983,0;6188,0;79360,0;9242,0;78173,0;289442,0;14010,0;10252,0;11860,0;8854,0;26991,0;26650,0;12553,0
2010-02-01;6484,0;39263,0;18277,0;14072,0;29020,0;14113,0;45228,0;267569,0;28137,0;56378,0;5593,0;255121,0;9492,0;9863,0;3101,0;5922,0;77621,0;9276,0;78487,0;283667,0;13540,0;9222,0;11746,0;8529,0;23107,0;27914,0;13082,0
2010-03-01;7379,0;38878,0;16491,0;14425,0;29016,0;12260,0;49045,0;267614,0;26066,0;57023,0;5327,0;253924,0;9543,0;9738,0;2787,0;6419,0;76182,0;9671,0;80394,0;291016,0;13660,0;11260,0;11729,0;9295,0;24756,0;29801,0;13773,0
2010-04-01;7229,0;37984,0;17698,0;13810,0;29397,0;11811,0;45738,0;267185,0;25467,0;61744,0;5402,0;254574,0;9401,0;10498,0;2440,0;7589,0;75422,0;9460,0;82327,0;297886,0;14157,0;11952,0;11822,0;10019,0;26265,0;30429,0;14429,0
2010-05-01;6694,0;37203,0;17968,0;13661,0;29941,0;11095,0;43094,0;264485,0;24354,0;63839,0;5487,0;252896,0;9621,0;9988,0;2724,0;7035,0;75468,0;9545,0;84171,0;295941,0;13539,0;10088,0;11468,0;10124,0;25398,0;30218,0;15301,0
2010-06-01;6532,0;38298,0;17243,0;13447,0;29079,0;10887,0;42111,0;264369,0;24263,0;65693,0;5339,0;250518,0;10062,0;10177,0;2673,0;8118,0;75903,0;9654,0;82149,0;296372,0;13509,0;11645,0;11134,0;10684,0;25859,0;28907,0;15460,0
2010-07-01;6032,0;35789,0;17706,0;13020,0;29014,0;10732,0;40652,0;252883,0;22431,0;60840,0;5063,0;244354,0;10152,0;10674,0;2730,0;7205,0;76740,0;9721,0;77216,0;291847,0;13453,0;12124,0;10629,0;10610,0;26344,0;28636,0;15219,0
2010-08-01;6236,0;36882,0;18361,0;13290,0;29460,0;10571,0;38943,0;255187,0;23136,0;61599,0;4946,0;238695,0;10068,0;11014,0;3202,0;6760,0;75123,0;9965,0;84331,0;297476,0;12903,0;12477,0;10536,0;10672,0;26810,0;27532,0;15577,0
2010-09-01;6521,0;35846,0;17417,0;13113,0;29953,0;10101,0;37552,0;253420,0;24289,0;62312,0;5102,0;237834,0;9717,0;11273,0;3179,0;7547,0;76396,0;10411,0;84459,0;305293,0;14389,0;12932,0;10558,0;11181,0;26314,0;31384,0;15174,0
2010-10-01;6076,0;35613,0;17643,0;12394,0;29559,0;9598,0;36219,0;257733,0;23044,0;70644,0;5021,0;236512,0;10485,0;10635,0;3347,0;7442,0;71154,0;10071,0;86962,0;295659,0;13008,0;13640,0;10348,0;11469,0;25995,0;27098,0;14643,0
2010-11-01;6311,0;35243,0;18067,0;13125,0;29843,0;9326,0;34646,0;265154,0;22332,0;79263,0;5377,0;237468,0;10222,0;10539,0;3085,0;8136,0;70424,0;10449,0;85065,0;290189,0;13156,0;12601,0;10108,0;11340,0;24450,0;26155,0;14854,0
2010-12-01;6247,0;34277,0;17533,0;13016,0;29482,0;9288,0;31102,0;257397,0;22595,0;77363,0;5038,0;239030,0;10098,0;10120,0;3129,0;6901,0;69595,0;9856,0;81968,0;283069,0;12298,0;13030,0;9468,0;9899,0;23813,0;27305,0;14186,0
2011-01-01;6274,0;34364,0;17164,0;12416,0;28063,0;8755,0;29987,0;225709,0;21912,0;51139,0;4905,0;240548,0;9481,0;9843,0;3429,0;7864,0;70245,0;11338,0;81293,0;283290,0;12817,0;11659,0;9654,0;10416,0;22785,0;26703,0;14488,0
2011-02-01;6199,0;35380,0;17628,0;12508,0;28050,0;8485,0;32647,0;229621,0;21724,0;52089,0;4367,0;240062,0;9339,0;10482,0;3250,0;8098,0;68625,0;10896,0;79899,0;278996,0;12666,0;11661,0;9914,0;9697,0;22191,0;26043,0;14062,0
2011-03-01;6008,0;36099,0;18203,0;13379,0;28442,0;8247,0;34676,0;237178,0;22106,0;54868,0;4347,0;241586,0;9115,0;10302,0;3441,0;8096,0;70932,0;11354,0;78995,0;280800,0;12463,0;11196,0;9793,0;9594,0;22968,0;26567,0;13284,0
2011-04-01;6951,0;37987,0;17861,0;13188,0;27891,0;7996,0;34064,0;239923,0;22465,0;56911,0;4257,0;244598,0;8844,0;9263,0;3638,0;8026,0;70598,0;12120,0;74889,0;275618,0;12451,0;11964,0;9986,0;9299,0;21463,0;26499,0;13412,0
2011-05-01;7278,0;39527,0;17679,0;13337,0;27259,0;8077,0;36799,0;246937,0;23500,0;59110,0;4065,0;245449,0;8928,0;9402,0;3794,0;7879,0;70422,0;11884,0;75936,0;273685,0;12288,0;10523,0;10071,0;9180,0;21684,0;25671,0;12604,0
2011-06-01;7050,0;41145,0;18134,0;14919,0;29199,0;8457,0;41628,0;262949,0;24036,0;63662,0;4002,0;247520,0;9180,0;9230,0;3856,0;7913,0;68984,0;11873,0;75914,0;275603,0;12096,0;11751,0;10465,0;8766,0;22849,0;25863,0;12978,0
2011-07-01;6890,0;41299,0;17662,0;14662,0;29358,0;7943,0;40811,0;262747,0;23612,0;65395,0;4247,0;249770,0;9362,0;9183,0;3776,0;7246,0;69054,0;11925,0;76166,0;271897,0;11516,0;10629,0;10196,0;7967,0;22413,0;24303,0;13771,0
2011-08-01;6763,0;42040,0;17936,0;14531,0;29421,0;8133,0;42902,0;272384,0;24494,0;70423,0;4402,0;251877,0;9755,0;8695,0;4200,0;7871,0;72311,0;11451,0;77952,0;279609,0;12059,0;10608,0;10851,0;8083,0;21519,0;25991,0;14140,0
2011-09-01;7124,0;39831,0;17930,0;14618,0;29848,0;8347,0;45106,0;273972,0;24199,0;71496,0;4199,0;250152,0;9799,0;8445,0;3734,0;6949,0;73882,0;11030,0;82178,0;281396,0;13008,0;9795,0;10288,0;8141,0;21641,0;24381,0;13576,0
2011-10-01;6804,0;39185,0;18271,0;14611,0;29181,0;8371,0;44638,0;270982,0;23829,0;71097,0;3935,0;252821,0;9575,0;8594,0;3578,0;7096,0;72422,0;9989,0;82767,0;277090,0;11839,0;9630,0;9949,0;7485,0;21587,0;23705,0;14121,0
2011-11-01;6868,0;40295,0;17530,0;15344,0;29705,0;8856,0;44834,0;277776,0;25790,0;73055,0;3877,0;247279,0;9968,0;9149,0;3417,0;6381,0;70851,0;10583,0;85049,0;279873,0;12268,0;10782,0;10359,0;7123,0;22127,0;23434,0;13519,0
2011-12-01;6655,0;40815,0;14991,0;15386,0;30297,0;9208,0;46481,0;284011,0;26576,0;77332,0;4034,0;247983,0;10778,0;9130,0;3712,0;6054,0;72247,0;11170,0;83606,0;282266,0;11807,0;10962,0;10726,0;7107,0;23167,0;25041,0;12535,0
2012-01-01;6399,0;41784,0;16776,0;16068,0;31202,0;9452,0;43668,0;293950,0;25635,0;87335,0;4001,0;251869,0;10279,0;9786,0;3426,0;5967,0;71422,0;11079,0;79329,0;277437,0;11857,0;10029,0;10559,0;7354,0;23386,0;24773,0;14196,0
2012-02-01;6057,0;41759,0;16520,0;16092,0;31517,0;8933,0;43965,0;294111,0;27389,0;87409,0;4081,0;247503,0;9142,0;9646,0;2980,0;5705,0;69883,0;10900,0;80527,0;276136,0;11039,0;10571,0;10897,0;6618,0;23366,0;25421,0;13305,0
2012-03-01;6153,0;42834,0;15785,0;16325,0;31400,0;9920,0;45132,0;297053,0;27057,0;87333,0;3966,0;252283,0;9968,0;9469,0;3421,0;6242,0;69740,0;11278,0;79021,0;273573,0;11534,0;9664,0;10646,0;6379,0;22982,0;24346,0;12951,0
2012-04-01;6177,0;43877,0;15922,0;16304,0;32549,0;10171,0;46145,0;304401,0;26300,0;91194,0;3819,0;258567,0;10602,0;9075,0;3254,0;6019,0;67345,0;11030,0;82373,0;272307,0;11364,0;9898,0;10432,0;6466,0;22151,0;24459,0;13124,0
2012-05-01;6051,0;43998,0;15883,0;16435,0;32196,0;10020,0;46011,0;305582,0;26535,0;92725,0;3703,0;263797,0;10637,0;9536,0;3008,0;6320,0;66443,0;11218,0;83779,0;275512,0;10607,0;11048,0;10508,0;6036,0;22001,0;26054,0;12921,0
2012-06-01;5775,0;44588,0;15895,0;16652,0;32613,0;10004,0;46496,0;302591,0;26430,0;88218,0;3869,0;269664,0;10882,0;9470,0;3111,0;6143,0;68758,0;10792,0;85853,0;279719,0;10524,0;10641,0;10344,0;6035,0;21141,0;28234,0;12588,0
2012-07-01;6303,0;44897,0;16086,0;17384,0;32276,0;10315,0;47315,0;304534,0;27306,0;86276,0;3836,0;273587,0;11126,0;9327,0;2954,0;6003,0;69806,0;10916,0;82360,0;274693,0;10172,0;10496,0;10749,0;6120,0;20215,0;27468,0;12211,0
2012-08-01;6398,0;44888,0;15651,0;16937,0;32368,0;10221,0;46790,0;302812,0;28077,0;85186,0;3703,0;279216,0;11293,0;8733,0;2989,0;6409,0;68344,0;10832,0;81024,0;274448,0;10377,0;12036,0;10454,0;6251,0;21045,0;27368,0;12671,0
2012-09-01;6208,0;45457,0;15857,0;16981,0;30258,0;10242,0;47936,0;305507,0;28753,0;87266,0;3731,0;286120,0;11598,0;9454,0;2845,0;6508,0;67134,0;11004,0;77355,0;269006,0;9378,0;12283,0;10110,0;5956,0;20837,0;27643,0;12650,0
2012-10-01;6551,0;46125,0;15920,0;16793,0;30090,0;10877,0;48505,0;306335,0;29073,0;85540,0;3789,0;294197,0;11790,0;9188,0;2815,0;6413,0;65983,0;11374,0;77010,0;268831,0;9425,0;12669,0;9857,0;6003,0;21009,0;29116,0;12454,0
2012-11-01;6323,0;44887,0;15751,0;16339,0;29640,0;10416,0;48213,0;301430,0;28397,0;85429,0;3526,0;296510,0;11194,0;8907,0;2911,0;6005,0;65415,0;11125,0;77467,0;267800,0;9191,0;12243,0;9623,0;6313,0;22422,0;28341,0;12696,0
2012-12-01;6187,0;44421,0;15592,0;17152,0;30568,0;11480,0;49105,0;304580,0;27991,0;86048,0;3746,0;299101,0;10861,0;8700,0;2672,0;5905,0;65177,0;11658,0;74972,0;262124,0;9099,0;10225,0;9737,0;6004,0;20450,0;28836,0;13284,0
2013-01-01;6011,0;47050,0;16383,0;16721,0;31070,0;11767,0;49235,0;292746,0;28823,0;69781,0;3910,0;303792,0;10619,0;8865,0;2686,0;5859,0;63193,0;10973,0;76317,0;260083,0;8471,0;10228,0;9131,0;6101,0;20632,0;28707,0;13690,0
2013-02-01;6064,0;50067,0;16411,0;16706,0;30705,0;12333,0;50552,0;292424,0;27786,0;66212,0;3943,0;309078,0;9995,0;8244,0;2494,0;5891,0;63803,0;10801,0;79293,0;266526,0;8320,0;12233,0;9647,0;5555,0;21416,0;29057,0;13911,0
2013-03-01;6460,0;48196,0;17128,0;16409,0;29772,0;12411,0;50400,0;290250,0;28359,0;65587,0;3906,0;312083,0;10574,0;8350,0;2600,0;5592,0;61080,0;10793,0;74622,0;255552,0;7561,0;11970,0;9120,0;6625,0;20892,0;28176,0;13379,0
2013-04-01;6546,0;48116,0;17456,0;16446,0;29598,0;12437,0;49566,0;293188,0;27626,0;69434,0;3598,0;316537,0;10964,0;7990,0;2593,0;6085,0;60246,0;10896,0;80466,0;263771,0;7829,0;11410,0;9630,0;6231,0;22282,0;29955,0;13078,0
2013-05-01;6786,0;49496,0;17209,0;17639,0;29620,0;12726,0;48010,0;297883,0;28113,0;72074,0;3709,0;321706,0;11095,0;7671,0;2290,0;5675,0;60883,0;10881,0;80789,0;262950,0;7735,0;11418,0;10104,0;6214,0;22479,0;28415,0;13336,0
2013-06-01;6921,0;49417,0;17839,0;16847,0;28938,0;12729,0;49633,0;302661,0;27888,0;76182,0;3467,0;324770,0;11538,0;7921,0;2019,0;5205,0;62447,0;11708,0;83592,0;266026,0;8194,0;13477,0;9555,0;5838,0;20138,0;27656,0;12716,0
2013-07-01;6916,0;51072,0;18048,0;17407,0;29718,0;12882,0;55194,0;316339,0;29318,0;79088,0;3357,0;328388,0;12091,0;7763,0;2250,0;6007,0;63974,0;11251,0;82581,0;267144,0;7915,0;11833,0;8690,0;5885,0;22059,0;28530,0;12808,0
2013-08-01;7810,0;50959,0;18272,0;17166,0;28803,0;13327,0;54150,0;319524,0;30038,0;82556,0;3365,0;335690,0;11670,0;8376,0;1952,0;5801,0;63193,0;11403,0;83732,0;267995,0;7454,0;11200,0;9132,0;5853,0;23348,0;28059,0;12805,0
2013-09-01;7495,0;52373,0;18230,0;17009,0;29273,0;13553,0;51670,0;325461,0;31500,0;88640,0;3231,0;339977,0;11231,0;8567,0;1995,0;5860,0;61710,0;11225,0;84018,0;267333,0;7401,0;11232,0;9448,0;5350,0;23110,0;28322,0;13051,0
2013-10-01;7462,0;53799,0;17829,0;17421,0;29887,0;13902,0;52232,0;333928,0;32580,0;93220,0;3477,0;346273,0;10914,0;8722,0;1879,0;5930,0;62171,0;10770,0;80082,0;265538,0;8156,0;11917,0;9288,0;5476,0;23247,0;28790,0;13205,0
2013-11-01;7328,0;55819,0;18468,0;16711,0;29985,0;14413,0;52525,0;340714,0;34125,0;96027,0;3501,0;353317,0;10623,0;8546,0;2059,0;5785,0;62349,0;10841,0;80428,0;264436,0;7626,0;13111,0;9651,0;5656,0;22125,0;27943,0;12991,0
2013-12-01;7064,0;55786,0;17853,0;16492,0;29221,0;13804,0;57978,0;348710,0;34857,0;100577,0;3450,0;360754,0;10461,0;8753,0;1977,0;6524,0;59691,0;10259,0;82300,0;264407,0;7647,0;14340,0;9187,0;5340,0;22127,0;28726,0;11849,0
2014-01-01;7159,0;52979,0;17841,0;16199,0;28743,0;14864,0;55426,0;353903,0;35629,0;109633,0;3380,0;368359,0;10643,0;8120,0;1772,0;6080,0;59754,0;10436,0;80761,0;259332,0;7557,0;13632,0;9537,0;4994,0;20540,0;28871,0;11357,0
2014-02-01;7074,0;55634,0;18168,0;15435,0;28660,0;15742,0;53740,0;359437,0;35632,0;114155,0;3265,0;363860,0;10878,0;7595,0;1726,0;6471,0;59956,0;10513,0;81816,0;259309,0;7844,0;12236,0;9082,0;4932,0;20158,0;29434,0;11323,0
2014-03-01;7287,0;56516,0;17734,0;16434,0;28074,0;14880,0;51172,0;355615,0;35293,0;112165,0;3605,0;369329,0;11302,0;8281,0;1656,0;6669,0;59552,0;9586,0;83534,0;261315,0;8060,0;11927,0;9237,0;4899,0;20731,0;28739,0;12270,0
2014-04-01;7564,0;56603,0;17479,0;16999,0;28487,0;15231,0;53868,0;360049,0;38601,0;108855,0;3161,0;375347,0;12114,0;8762,0;1762,0;6643,0;63160,0;10007,0;83515,0;266791,0;7776,0;12129,0;9132,0;4714,0;21537,0;28633,0;12727,0
2014-05-01;7415,0;58481,0;17010,0;16792,0;28799,0;14892,0;53158,0;356841,0;38291,0;105224,0;3172,0;376671,0;12422,0;9454,0;2001,0;6768,0;63679,0;9251,0;83769,0;268891,0;7597,0;10601,0;9316,0;4744,0;21883,0;30086,0;13529,0
2014-06-01;7572,0;59488,0;16725,0;17311,0;28252,0;15294,0;58530,0;360030,0;39271,0;100608,0;3268,0;372569,0;12366,0;9221,0;1943,0;7639,0;64423,0;9883,0;80234,0;268746,0;7611,0;11416,0;9090,0;5079,0;23712,0;29999,0;12614,0
2014-07-01;7825,0;61086,0;16628,0;16683,0;28985,0;16304,0;57665,0;359951,0;38962,0;99266,0;3386,0;372572,0;11799,0;9364,0;1863,0;7213,0;64607,0;9889,0;83391,0;277289,0;7872,0;14744,0;9693,0;5124,0;23585,0;30499,0;13163,0
2014-08-01;7428,0;62864,0;16863,0;16918,0;28622,0;16153,0;59052,0;360732,0;39245,0;96998,0;3395,0;372893,0;11594,0;9493,0;1983,0;6921,0;66200,0;9675,0;85720,0;276372,0;7514,0;11697,0;9045,0;5099,0;23728,0;29901,0;13055,0
2014-09-01;7720,0;65759,0;16830,0;15878,0;28675,0;17047,0;61635,0;363100,0;40699,0;91731,0;3404,0;382053,0;11995,0;9237,0;2193,0;7490,0;63303,0;9450,0;84997,0;271427,0;7584,0;10328,0;9211,0;5311,0;23459,0;29687,0;13241,0
2014-10-01;8289,0;66811,0;16843,0;16741,0;29680,0;18461,0;70768,0;373536,0;41513,0;86251,0;3502,0;386299,0;13039,0;9420,0;2252,0;8059,0;64228,0;9857,0;88426,0;281451,0;7628,0;12852,0;9411,0;5115,0;24015,0;30639,0;13341,0
2014-11-01;8450,0;66363,0;16779,0;16965,0;29692,0;18199,0;73302,0;373100,0;40546,0;83939,0;3537,0;391521,0;13435,0;9611,0;2131,0;7411,0;62851,0;9730,0;87449,0;274922,0;7670,0;9422,0;9053,0;5350,0;24480,0;30627,0;13488,0
2014-12-01;8733,0;65674,0;17176,0;16517,0;29945,0;18504,0;71119,0;370648,0;41829,0;82163,0;3402,0;401584,0;13481,0;9420,0;2067,0;7818,0;63404,0;9095,0;87541,0;278868,0;7972,0;11916,0;8658,0;5329,0;25863,0;30723,0;13232,0
2015-01-01;8381,0;62807,0;18133,0;16125,0;30610,0;18547,0;76229,0;374782,0;42861,0;82616,0;3321,0;405105,0;13454,0;9678,0;1930,0;7464,0;61713,0;8906,0;86174,0;274048,0;8362,0;12537,0;8047,0;7305,0;24090,0;30821,0;13117,0
2015-02-01;8997,0;60463,0;18592,0;16303,0;30282,0;18721,0;79694,0;382163,0;43717,0;87415,0;3381,0;410055,0;12967,0;10019,0;2045,0;7901,0;62104,0;8872,0;86274,0;273518,0;8180,0;11883,0;8110,0;7159,0;24236,0;31089,0;11624,0
2015-03-01;8754,0;61976,0;19369,0;16624,0;30723,0;18921,0;80123,0;393447,0;44805,0;93754,0;3288,0;409845,0;13496,0;10152,0;2148,0;7500,0;63497,0;8861,0;83637,0;275691,0;8020,0;13003,0;8284,0;7766,0;24356,0;32251,0;12430,0
2015-04-01;9405,0;63926,0;20941,0;17125,0;31263,0;20014,0;82248,0;407690,0;46409,0;98410,0;3551,0;415034,0;12860,0;10611,0;2018,0;8147,0;66695,0;8688,0;89499,0;284898,0;8343,0;12501,0;8007,0;7997,0;24486,0;32311,0;12314,0
2015-05-01;9686,0;65066,0;21653,0;17817,0;31421,0;21528,0;83638,0;418064,0;49359,0;99702,0;3676,0;422979,0;12850,0;10591,0;2359,0;7851,0;68147,0;9141,0;90061,0;286423,0;8922,0;11844,0;7928,0;7967,0;23918,0;32008,0;12300,0
2015-06-01;10523,0;62132,0;21457,0;18710,0;31760,0;22921,0;87946,0;424797,0;52110,0;98799,0;3721,0;433746,0;13238,0;11095,0;2717,0;7420,0;70876,0;8885,0;92197,0;293462,0;8063,0;11045,0;8349,0;6189,0;25143,0;32395,0;13695,0
2015-07-01;10329,0;63185,0;22292,0;18517,0;30064,0;21975,0;82296,0;414231,0;47544,0;98733,0;3855,0;439819,0;13803,0;10887,0;2815,0;7979,0;71289,0;8664,0;91556,0;293935,0;8217,0;12409,0;8333,0;6576,0;25055,0;31821,0;13121,0
2015-08-01;10287,0;65073,0;22607,0;18834,0;31679,0;23409,0;83628,0;419103,0;49414,0;94669,0;3679,0;439616,0;14213,0;10949,0;3107,0;8111,0;71088,0;8586,0;96002,0;299228,0;7868,0;15412,0;8363,0;6429,0;23696,0;31620,0;12816,0
2015-09-01;10816,0;66059,0;22858,0;18042,0;31181,0;23012,0;86539,0;416898,0;48798,0;89611,0;3835,0;448021,0;14323,0;10648,0;2727,0;7409,0;69688,0;8500,0;93624,0;292381,0;7880,0;11772,0;8603,0;6637,0;24328,0;32092,0;13001,0
2015-10-01;11004,0;67466,0;23306,0;17761,0;31129,0;22761,0;84557,0;411466,0;48159,0;85804,0;3744,0;448256,0;14054,0;10558,0;2425,0;7559,0;66515,0;8448,0;91902,0;285219,0;8130,0;10571,0;8956,0;6593,0;23919,0;31045,0;13390,0
2015-11-01;11356,0;66794,0;22945,0;17667,0;31160,0;22444,0;83469,0;410953,0;50424,0;85651,0;3505,0;446990,0;14102,0;10063,0;2430,0;7673,0;67743,0;8607,0;90004,0;280966,0;7816,0;10542,0;8121,0;6600,0;23148,0;30591,0;12832,0
2015-12-01;10612,0;68559,0;22716,0;17926,0;30033,0;22811,0;79245,0;405378,0;49894,0;85854,0;3369,0;452947,0;13321,0;10622,0;2792,0;6656,0;67964,0;8617,0;100006,0;291679,0;8024,0;10137,0;8188,0;6349,0;24116,0;30335,0;12710,0
2016-01-01;10535,0;69913,0;22843,0;18385,0;29990,0;23196,0;77111,0;401068,0;50683,0;81200,0;3482,0;456468,0;12653,0;10335,0;3000,0;7388,0;69600,0;8578,0;100723,0;297174,0;7725,0;11167,0;8202,0;6279,0;26102,0;29815,0;13094,0
2016-02-01;10951,0;71270,0;20506,0;18905,0;30508,0;23884,0;79181,0;409310,0;54829,0;82712,0;3425,0;462448,0;11990,0;10659,0;3066,0;7566,0;69891,0;8518,0;93265,0;294814,0;7951,0;12521,0;8081,0;6279,0;27125,0;30931,0;13600,0
2016-03-01;11543,0;71561,0;19981,0;19132,0;32147,0;26054,0;80125,0;419150,0;55474,0;86246,0;3627,0;469622,0;12341,0;10906,0;3443,0;7930,0;71066,0;8887,0;94414,0;293709,0;7945,0;10012,0;7712,0;6296,0;25501,0;30700,0;13676,0
2016-04-01;12576,0;72476,0;20492,0;18956,0;30776,0;26085,0;79989,0;422929,0;57365,0;86712,0;3808,0;468416,0;12733,0;11255,0;3415,0;8384,0;70634,0;8884,0;89949,0;288224,0;7783,0;10613,0;7864,0;6334,0;25291,0;29422,0;13379,0
2016-05-01;12612,0;74462,0;20965,0;19027,0;31143,0;26872,0;81361,0;430910,0;57176,0;88955,0;3670,0;468910,0;13640,0;11441,0;3592,0;8148,0;69577,0;8336,0;88069,0;284473,0;7861,0;11575,0;8023,0;6393,0;23101,0;29854,0;13536,0
2016-06-01;12970,0;73624,0;21345,0;20241,0;31322,0;27408,0;82181,0;441636,0;60032,0;90865,0;3951,0;474571,0;16588,0;11548,0;3262,0;8046,0;74966,0;8793,0;91533,0;295069,0;8066,0;12008,0;7934,0;6328,0;22894,0;30286,0;14422,0
2016-07-01;12700,0;75914,0;21528,0;20995,0;31884,0;26856,0;81731,0;445429,0;61422,0;93166,0;3890,0;476926,0;14237,0;10880,0;2713,0;7141,0;71921,0;8822,0;90572,0;285899,0;8046,0;9654,0;7746,0;6279,0;22691,0;30737,0;13620,0
2016-08-01;12771,0;77350,0;22086,0;20124,0;32150,0;27051,0;79882,0;448016,0;62814,0;95847,0;4029,0;481061,0;12970,0;10820,0;3001,0;7233,0;73614,0;8794,0;90706,0;285489,0;8203,0;8449,0;7541,0;6683,0;23546,0;28877,0;13196,0
2016-09-01;13093,0;77502,0;22612,0;21068,0;33427,0;28347,0;77125,0;451562,0;63241,0;97635,0;3822,0;482953,0;12810,0;10731,0;3019,0;7922,0;72576,0;9161,0;93865,0;291495,0;8350,0;8499,0;8207,0;6428,0;23075,0;30652,0;14034,0
2016-10-01;13465,0;78275,0;22927,0;20917,0;32007,0;27154,0;74966,0;446695,0;63377,0;96891,0;3513,0;496403,0;12161,0;11162,0;3002,0;6902,0;71146,0;8865,0;97083,0;290685,0;7966,0;8124,0;8260,0;7316,0;23219,0;30577,0;13284,0
2016-11-01;13874,0;79653,0;23754,0;21239,0;32261,0;28543,0;76758,0;458428,0;65110,0;100087,0;3825,0;504630,0;12333,0;11373,0;3270,0;7962,0;71314,0;8805,0;98311,0;294870,0;8951,0;7539,0;8187,0;6952,0;22564,0;30521,0;14977,0
2016-12-01;13595,0;82752,0;24530,0;21444,0;32789,0;27828,0;75736,0;461342,0;64316,0;100889,0;3729,0;512328,0;12706,0;11608,0;3295,0;7552,0;71012,0;9094,0;93101,0;289848,0;8683,0;7625,0;9064,0;6925,0;21713,0;31629,0;14129,0
2017-01-01;13268,0;80618,0;23560,0;21534,0;32657,0;28604,0;72253,0;456087,0;62808,0;103597,0;3450,0;510981,0;12776,0;11409,0;3141,0;7231,0;73660,0;8607,0;89547,0;280958,0;8547,0;6901,0;7654,0;6556,0;21309,0;28904,0;12878,0
2017-02-01;13972,0;81551,0;23506,0;21250,0;32340,0;27829,0;69398,0;448256,0;60232,0;100755,0;3488,0;531553,0;12985,0;12123,0;3257,0;7254,0;73643,0;9675,0;92897,0;289328,0;8703,0;6724,0;8158,0;6774,0;22518,0;30390,0;12820,0
2017-03-01;13681,0;83361,0;23008,0;20958,0;32800,0;28414,0;71235,0;448499,0;60198,0;96793,0;3541,0;526970,0;13590,0;13103,0;3132,0;7635,0;72879,0;9899,0;91618,0;290063,0;8612,0;6550,0;8450,0;7191,0;21906,0;30936,0;13965,0
2017-04-01;14445,0;85800,0;23118,0;21127,0;32600,0;27283,0;71190,0;446586,0;60545,0;92693,0;3638,0;533062,0;13179,0;12087,0;3342,0;7067,0;71960,0;9674,0;89515,0;283199,0;7613,0;4957,0;8286,0;6231,0;20878,0;31882,0;14624,0
2017-05-01;14844,0;85477,0;23183,0;21406,0;33507,0;28025,0;72715,0;447834,0;59373,0;89927,0;3787,0;536314,0;14623,0;12618,0;3927,0;7673,0;75605,0;9800,0;89243,0;291625,0;8484,0;5986,0;8354,0;7153,0;22234,0;32030,0;14211,0
2017-06-01;14942,0;85966,0;23819,0;21739,0;33581,0;28260,0;69849,0;444343,0;60174,0;86430,0;3813,0;536675,0;14823,0;13103,0;3158,0;7044,0;78042,0;9612,0;87123,0;289508,0;8223,0;5928,0;7884,0;6825,0;22183,0;31607,0;13891,0
2017-07-01;14933,0;85481,0;23439,0;20516,0;33268,0;27794,0;69898,0;437904,0;58449,0;84532,0;3598,0;541970,0;15114,0;12669,0;2939,0;7060,0;77792,0;9712,0;90384,0;289526,0;8103,0;5720,0;8270,0;6488,0;22660,0;29546,0;13282,0
2017-08-01;15084,0;85328,0;23477,0;20831,0;34379,0;28430,0;67858,0;437551,0;57568,0;84709,0;3662,0;542139,0;15400,0;12167,0;3034,0;7284,0;75913,0;10017,0;88737,0;288779,0;8593,0;5781,0;8767,0;6506,0;22960,0;29886,0;14138,0
2017-09-01;15326,0;85003,0;23428,0;21807,0;34813,0;28245,0;68393,0;440135,0;58411,0;84634,0;3780,0;544359,0;15514,0;11349,0;2972,0;7842,0;74543,0;8804,0;88898,0;289866,0;8998,0;6871,0;8837,0;6812,0;23259,0;31531,0;14359,0
2017-10-01;14501,0;84825,0;24249,0;21356,0;34172,0;27690,0;69040,0;442307,0;59456,0;85829,0;3651,0;538409,0;16783,0;10954,0;3046,0;8491,0;76236,0;9714,0;91797,0;296068,0;9694,0;5787,0;8836,0;6483,0;23743,0;32293,0;13922,0
2017-11-01;14241,0;84686,0;24324,0;20948,0;33878,0;27851,0;69227,0;441516,0;61055,0;84473,0;3448,0;562039,0;16608,0;11869,0;2885,0;7282,0;77224,0;9522,0;90566,0;298334,0;10510,0;7190,0;8763,0;7007,0;23825,0;33294,0;14103,0
2017-12-01;14835,0;85873,0;24284,0;21702,0;34257,0;28521,0;69961,0;447371,0;62032,0;85875,0;3221,0;565020,0;16132,0;11371,0;2911,0;7455,0;77229,0;10187,0;87323,0;294311,0;9299,0;6095,0;8892,0;6965,0;24061,0;33556,0;14305,0
2018-01-01;14394,0;85175,0;24644,0;22020,0;34192,0;29172,0;68321,0;465821,0;61806,0;104763,0;3366,0;570932,0;17257,0;11418,0;3309,0;7672,0;76362,0;9998,0;86762,0;292980,0;9051,0;4721,0;9135,0;6737,0;24251,0;33831,0;15146,0
2018-02-01;14851,0;90540,0;24860,0;22698,0;34494,0;29650,0;71401,0;477978,0;64444,0;103119,0;3466,0;576594,0;17609,0;11471,0;3237,0;7024,0;76421,0;9434,0;87072,0;293853,0;9416,0;4828,0;8765,0;6680,0;24203,0;34254,0;16221,0
2018-03-01;15488,0;86382,0;26375,0;22152,0;33651,0;29133,0;69551,0;469820,0;64138,0;100509,0;3425,0;572219,0;18027,0;11720,0;3208,0;7544,0;79243,0;9476,0;86537,0;296298,0;9629,0;5475,0;9049,0;6631,0;24119,0;33988,0;14668,0
2018-04-01;15907,0;87142,0;24449,0;22601,0;34300,0;30491,0;69410,0;471318,0;64661,0;99404,0;3744,0;573855,0;18175,0;11838,0;3322,0;7622,0;79661,0;9329,0;90146,0;303201,0;10011,0;5209,0;9297,0;6727,0;25575,0;34439,0;15100,0
2018-05-01;16196,0;87727,0;24288,0;23109,0;34507,0;30472,0;71616,0;472940,0;66768,0;95717,0;3484,0;577087,0;17865,0;12469,0;3408,0;8422,0;78911,0;9808,0;91223,0;305512,0;10253,0;5537,0;9318,0;6825,0;23912,0;34685,0;15871,0
2018-06-01;16423,0;82933,0;23948,0;22409,0;33251,0;30166,0;71016,0;461819,0;65817,0;93790,0;3305,0;569346,0;17725,0;12664,0;3597,0;8205,0;76424,0;9588,0;92609,0;305835,0;10151,0;5340,0;9174,0;6214,0;24219,0;35374,0;16833,0
2018-07-01;16349,0;82198,0;23875,0;22111,0;33267,0;31040,0;70236,0;461304,0;66936,0;92529,0;3423,0;559852,0;17909,0;13342,0;3476,0;8676,0;77821,0;9483,0;93736,0;308893,0;9754,0;5505,0;8983,0;6583,0;22851,0;37547,0;16185,0
2018-08-01;16409,0;82000,0;23444,0;22030,0;34317,0;31429,0;74205,0;467011,0;68736,0;91426,0;3561,0;550497,0;18004,0;12619,0;3563,0;8937,0;82001,0;9476,0;97166,0;316476,0;10487,0;5000,0;9121,0;6466,0;23579,0;36156,0;16075,0
2018-09-01;15929,0;82594,0;23534,0;22123,0;34110,0;31021,0;74559,0;464825,0;68862,0;89600,0;3488,0;551118,0;17594,0;12919,0;3778,0;8936,0;79903,0;9083,0;93451,0;304449,0;9089,0;4703,0;9082,0;5721,0;21883,0;35395,0;14210,0
2018-10-01;15342,0;80160,0;23805,0;23107,0;34353,0;31055,0;73729,0;462942,0;70769,0;88046,0;3472,0;536547,0;17511,0;12968,0;3889,0;8525,0;79185,0;9493,0;91365,0;305409,0;10021,0;5315,0;9276,0;6049,0;23021,0;35878,0;14476,0
2018-11-01;15566,0;74826,0;23796,0;22213,0;32683,0;30617,0;73658,0;452225,0;68294,0;87187,0;3623,0;538953,0;18180,0;12465,0;4062,0;7986,0;79262,0;9568,0;92322,0;303664,0;9643,0;5389,0;9075,0;5852,0;22270,0;36468,0;13407,0
2018-12-01;15552,0;73899,0;25163,0;21918,0;34763,0;31149,0;76376,0;462060,0;70395,0;88767,0;3707,0;519036,0;18920,0;12018,0;4362,0;8530,0;82760,0;9197,0;87923,0;303244,0;10167,0;5025,0;9594,0;5591,0;23564,0;35277,0;13558,0
2019-01-01;15587,0;75483,0;22012,0;22164,0;35312,0;31241,0;77017,0;458626,0;71944,0;82947,0;3720,0;517390,0;19484,0;12663,0;4474,0;9317,0;83074,0;9451,0;93503,0;314065,0;10156,0;6461,0;9121,0;5968,0;23501,0;37402,0;13737,0
2019-02-01;16012,0;75251,0;21673,0;21598,0;35289,0;31325,0;80674,0;465357,0;72084,0;86874,0;3641,0;516797,0;18667,0;14242,0;4082,0;9055,0;83516,0;9585,0;100044,0;323842,0;10257,0;6748,0;9749,0;6044,0;23232,0;37356,0;14635,0
2019-03-01;16235,0;75893,0;22223,0;22080,0;35903,0;32015,0;81345,0;474886,0;73266,0;92067,0;3579,0;517696,0;18153,0;14236,0;4318,0;9480,0;83264,0;9117,0;99595,0;323871,0;10509,0;5693,0;8923,0;6079,0;24403,0;37496,0;15320,0
2019-04-01;16062,0;75052,0;22087,0;21742,0;35115,0;32504,0;82255,0;480435,0;74856,0;98967,0;3827,0;522630,0;15925,0;14528,0;3994,0;8917,0;85716,0;9772,0;111627,0;344001,0;10758,0;7595,0;9765,0;6591,0;24610,0;39104,0;16044,0
2019-05-01;15554,0;78027,0;21789,0;21355,0;35767,0;32125,0;80460,0;489938,0;76278,0;106272,0;3776,0;528461,0;16771,0;14642,0;3883,0;8830,0;84780,0;9580,0;105831,0;339774,0;10668,0;7339,0;10091,0;6248,0;26190,0;40875,0;15360,0
2019-06-01;15600,0;80709,0;21725,0;21233,0;36006,0;33370,0;81079,0;499431,0;75813,0;111652,0;3889,0;540442,0;16622,0;15304,0;3985,0;9082,0;85197,0;9361,0;101744,0;337020,0;10936,0;6839,0;11297,0;6416,0;25364,0;40565,0;15450,0
2019-07-01;15065,0;80563,0;21844,0;21833,0;37214,0;32891,0;81246,0;508131,0;80411,0;114776,0;3857,0;552575,0;16724,0;14853,0;4211,0;9124,0;89183,0;9472,0;100540,0;343366,0;11250,0;7587,0;12004,0;6677,0;25779,0;41496,0;16138,0
2019-08-01;16126,0;82623,0;22380,0;22249,0;36542,0;32713,0;81085,0;519560,0;82823,0;119605,0;3876,0;559755,0;17613,0;15113,0;3826,0;9438,0;88246,0;9606,0;96363,0;339654,0;11750,0;8449,0;12566,0;7122,0;25872,0;41352,0;15448,0
2019-09-01;16078,0;83146,0;22434,0;22038,0;37747,0;31801,0;80323,0;520507,0;79831,0;124136,0;3655,0;563783,0;17555,0;14811,0;4158,0;8877,0;90686,0;9538,0;98315,0;346339,0;11835,0;8483,0;12769,0;7491,0;27633,0;40727,0;16684,0
2019-10-01;15816,0;84825,0;22047,0;21427,0;37859,0;32407,0;79549,0;525057,0;81122,0;127089,0;3796,0;567704,0;17207,0;14622,0;4206,0;9123,0;92539,0;9455,0;92844,0;341570,0;11724,0;7956,0;13952,0;7819,0;25380,0;40390,0;17413,0
2019-11-01;16146,0;86983,0;21970,0;21086,0;39083,0;32857,0;81660,0;531161,0;81564,0;127813,0;3628,0;580112,0;16535,0;14892,0;4040,0;9252,0;91248,0;9410,0;91841,0;343944,0;12090,0;8127,0;14922,0;7820,0;25968,0;42205,0;17978,0
2019-12-01;15538,0;83972,0;23097,0;20830,0;39196,0;32491,0;80512,0;524947,0;79424,0;128531,0;3589,0;586250,0;16058,0;15469,0;3988,0;9394,0;89325,0;9805,0;94439,0;347096,0;12153,0;8813,0;15609,0;8122,0;26344,0;42863,0;17364,0
2020-01-01;15221,0;87284,0;23597,0;20459,0;39444,0;32138,0;78776,0;523187,0;84309,0;120510,0;3777,0;598551,0;15990,0;15569,0;4157,0;9254,0;91469,0;9217,0;103558,0;362763,0;12260,0;7865,0;17795,0;9616,0;27126,0;44481,0;18443,0
2020-02-01;15127,0;89285,0;23821,0;20154,0;39372,0;32202,0;77990,0;521188,0;85246,0;116379,0;3623,0;609465,0;16411,0;15514,0;4123,0;8930,0;91923,0;9344,0;102909,0;361764,0;12198,0;8224,0;17559,0;9373,0;26668,0;44552,0;18404,0
2020-03-01;15019,0;88068,0;23813,0;19798,0;39711,0;30177,0;78456,0;514152,0;84280,0;113176,0;3635,0;617132,0;16657,0;14750,0;4368,0;8485,0;93823,0;9622,0;106265,0;365883,0;12459,0;8536,0;18456,0;9168,0;26017,0;43456,0;18264,0
2020-04-01;13627,0;86836,0;24012,0;18671,0;38368,0;28718,0;74051,0;496322,0;79460,0;111032,0;3181,0;595620,0;16903,0;14306,0;4358,0;8570,0;94448,0;9322,0;101793,0;359763,0;11978,0;8033,0;18355,0;8765,0;26317,0;42444,0;18466,0
2020-05-01;12767,0;86160,0;23800,0;19056,0;37919,0;28197,0;73137,0;492143,0;80634,0;108816,0;3421,0;583199,0;16677,0;14141,0;4095,0;8593,0;95369,0;9400,0;106356,0;367685,0;12229,0;8790,0;18452,0;9060,0;26133,0;44314,0;18312,0
2020-06-01;12191,0;87239,0;23634,0;19211,0;39840,0;27591,0;74086,0;496124,0;82723,0;107691,0;3472,0;589685,0;16746,0;14476,0;3886,0;8924,0;92875,0;9565,0;104708,0;363885,0;12850,0;7199,0;18114,0;9494,0;26708,0;44387,0;18553,0
2020-07-01;13218,0;83843,0;24041,0;19225,0;40358,0;27081,0;75185,0;493423,0;80765,0;108011,0;3385,0;609849,0;16627,0;14930,0;4202,0;9373,0;90088,0;9528,0;100219,0;357848,0;12917,0;6889,0;18210,0;9852,0;27070,0;43998,0;18873,0
2020-08-01;13352,0;81921,0;23978,0;18535,0;39045,0;26105,0;73925,0;484271,0;78982,0;107297,0;3513,0;641103,0;16030,0;14882,0;4061,0;9118,0;89759,0;9464,0;98181,0;354687,0;12662,0;7184,0;17241,0;9581,0;26306,0;46282,0;18005,0
2020-09-01;13228,0;82649,0;23865,0;18041,0;38341,0;25889,0;72709,0;483009,0;79517,0;107949,0;3482,0;662353,0;15885,0;15545,0;4067,0;8901,0;90335,0;9787,0;96080,0;354928,0;12558,0;6878,0;17921,0;9893,0;27226,0;45453,0;18557,0
2020-10-01;13265,0;84747,0;23615,0;17914,0;38791,0;24992,0;75260,0;486381,0;78022,0;109209,0;3434,0;684180,0;15879,0;14600,0;4172,0;8500,0;89471,0;9671,0;101717,0;354635,0;11694,0;7601,0;16315,0;9704,0;26547,0;44320,0;18354,0
2020-11-01;12889,0;84704,0;22856,0;17484,0;38699,0;24030,0;73233,0;479857,0;76452,0;108528,0;3520,0;702717,0;16040,0;14233,0;4205,0;8613,0;92265,0;9513,0;103912,0;358379,0;12119,0;6873,0;15796,0;10023,0;27308,0;43660,0;18354,0
2020-12-01;12408,0;83831,0;23495,0;16820,0;38288,0;22425,0;74403,0;479213,0;76898,0;109917,0;3270,0;725025,0;15967,0;13954,0;4076,0;8295,0;91432,0;9793,0;103747,0;358825,0;11659,0;7105,0;15854,0;9696,0;27959,0;45346,0;18062,0
2021-01-01;13239,0;85855,0;22606,0;16225,0;40774,0;22649,0;76350,0;487039,0;78379,0;109799,0;3437,0;748052,0;16333,0;14457,0;4328,0;8419,0;90864,0;9633,0;104514,0;361450,0;12461,0;8112,0;16769,0;10020,0;27431,0;45048,0;18276,0
2021-02-01;12341,0;85006,0;22697,0;16123,0;39376,0;21912,0;75580,0;482055,0;76169,0;111520,0;3307,0;742853,0;16401,0;13412,0;4101,0;7905,0;89346,0;9416,0;100915,0;350143,0;12131,0;7852,0;15383,0;9993,0;26795,0;43519,0;18423,0
2021-03-01;12946,0;89757,0;22844,0;16264,0;39893,0;21260,0;77959,0;494365,0;79579,0;112443,0;3262,0;757335,0;16530,0;13811,0;3892,0;7691,0;87111,0;9462,0;100992,0;350774,0;12215,0;7710,0;14397,0;10571,0;27351,0;45369,0;19665,0
2021-04-01;13003,0;90757,0;22589,0;16031,0;39989,0;20349,0;76564,0;490488,0;78460,0;111789,0;3159,0;766640,0;16033,0;14412,0;3988,0;7430,0;85824,0;9622,0;101905,0;348729,0;12049,0;7493,0;12824,0;9780,0;28311,0;44264,0;19496,0
2021-05-01;13626,0;90532,0;22949,0;15951,0;39216,0;18649,0;76124,0;487791,0;77882,0;111655,0;3114,0;779374,0;16233,0;14025,0;4148,0;7444,0;84971,0;9722,0;107452,0;351534,0;11688,0;7054,0;12699,0;9582,0;28119,0;43264,0;19871,0
2021-06-01;13603,0;91802,0;23060,0;16217,0;40123,0;18187,0;78396,0;493292,0;77482,0;113201,0;2942,0;792075,0;16455,0;13542,0;3413,0;7678,0;83736,0;9790,0;101342,0;344634,0;12302,0;8339,0;12391,0;9779,0;28842,0;42575,0;19481,0
2021-07-01;13725,0;93898,0;22811,0;16568,0;39882,0;17849,0;80227,0;496732,0;77915,0;112434,0;2970,0;806948,0;16722,0;12845,0;3503,0;8341,0;82555,0;10330,0;101247,0;345203,0;12489,0;9073,0;12498,0;9463,0;28777,0;43037,0;19232,0
2021-08-01;13539,0;94712,0;22696,0;16760,0;40127,0;16815,0;80893,0;495095,0;77305,0;111230,0;2870,0;813307,0;16351,0;12563,0;3581,0;7878,0;84463,0;10325,0;103500,0;348780,0;12394,0;9189,0;12145,0;9574,0;29584,0;41734,0;20097,0
2021-09-01;13835,0;95956,0;22780,0;17453,0;40436,0;16501,0;81483,0;496612,0;77408,0;110204,0;2883,0;819594,0;15836,0;12350,0;3392,0;7130,0;82172,0;10279,0;103003,0;341723,0;12669,0;9208,0;11326,0;9404,0;28478,0;40396,0;20097,0
2021-10-01;14955,0;97577,0;22961,0;16962,0;40695,0;16228,0;87133,0;502628,0;76359,0;108755,0;3112,0;828907,0;15994,0;13112,0;3415,0;8104,0;79898,0;10377,0;105101,0;344056,0;12675,0;9434,0;11316,0;9652,0;28489,0;41268,0;19738,0
2021-11-01;14880,0;102323,0;23074,0;17456,0;41386,0;16512,0;93420,0;515402,0;77343,0;107863,0;3113,0;852881,0;16278,0;13398,0;3606,0;8086,0;82008,0;10963,0;103693,0;348439,0;12553,0;10727,0;11226,0;9863,0;28839,0;41956,0;20136,0
2021-12-01;14484,0;104311,0;23067,0;18334,0;41133,0;16285,0;93364,0;515033,0;76439,0;105212,0;3066,0;881281,0;17151,0;13399,0;3466,0;8285,0;82551,0;10823,0;105933,0;348348,0;12597,0;9271,0;10911,0;9765,0;28381,0;41028,0;20560,0
2022-01-01;15501,0;107758,0;23307,0;18633,0;41577,0;16329,0;97276,0;521907,0;75738,0;104439,0;2794,0;912687,0;16220,0;13551,0;3484,0;8573,0;83677,0;10954,0;106506,0;352075,0;12971,0;8958,0;11195,0;9792,0;29062,0;42308,0;19779,0
2022-02-01;15965,0;109959,0;23324,0;18683,0;42187,0;16799,0;97563,0;525726,0;75986,0;103883,0;3011,0;931898,0;16094,0;14025,0;3618,0;8266,0;83694,0;10997,0;108547,0;356365,0;13368,0;9071,0;11502,0;9739,0;29741,0;41994,0;20558,0
2022-03-01;15763,0;110906,0;23693,0;18402,0;42599,0;17629,0;101623,0;531524,0;76811,0;102642,0;2983,0;949368,0;16283,0;13863,0;3922,0;9478,0;83398,0;11072,0;108455,0;359046,0;13517,0;9315,0;11735,0;9700,0;30572,0;41915,0;20769,0
2022-04-01;16423,0;114347,0;24158,0;19134,0;43922,0;18221,0;107091,0;545022,0;79402,0;100584,0;3007,0;965838,0;16576,0;13733,0;3800,0;9136,0;83301,0;11105,0;113096,0;362465,0;13066,0;9224,0;11391,0;9428,0;31160,0;40993,0;21163,0
2022-05-01;16463,0;114304,0;24133,0;18797,0;43130,0;18515,0;109595,0;544106,0;77276,0;100029,0;3074,0;969636,0;16705,0;13192,0;3986,0;9064,0;82893,0;11280,0;109117,0;357747,0;13354,0;9034,0;11495,0;9408,0;30780,0;40645,0;21680,0
2022-06-01;16201,0;116897,0;24005,0;18785,0;43247,0;18725,0;108167,0;546267,0;77284,0;100793,0;3082,0;955943,0;16785,0;13768,0;4295,0;9065,0;84132,0;11389,0;106751,0;361518,0;12805,0;9295,0;11621,0;9457,0;31390,0;41400,0;24176,0
2022-07-01;16181,0;120991,0;24481,0;18950,0;43076,0;18786,0;117242,0;559199,0;77016,0;99673,0;3126,0;929672,0;17078,0;13801,0;4425,0;9444,0;82711,0;11437,0;114282,0;370475,0;13043,0;9805,0;12032,0;9916,0;32935,0;41142,0;24045,0
2022-08-01;15810,0;119737,0;24453,0;18353,0;43436,0;20042,0;119292,0;561457,0;78981,0;98265,0;3037,0;907606,0;17270,0;14092,0;4380,0;9587,0;80616,0;11469,0;115561,0;368678,0;12498,0;9205,0;11366,0;9544,0;33241,0;41302,0;24229,0
2022-09-01;15327,0;120032,0;24449,0;18422,0;42939,0;20790,0;122160,0;563872,0;78908,0;96694,0;2993,0;891657,0;18522,0;13893,0;4384,0;9072,0;81072,0;11140,0;118820,0;372065,0;12818,0;9899,0;11103,0;9336,0;32693,0;41775,0;24117,0
2022-10-01;15641,0;121728,0;24563,0;19271,0;44044,0;21612,0;120245,0;567845,0;79818,0;97110,0;2612,0;877990,0;18525,0;14755,0;4453,0;9889,0;83358,0;11897,0;117049,0;375535,0;13174,0;10622,0;11181,0;9107,0;32656,0;41475,0;24015,0
2022-11-01;16255,0;122141,0;24825,0;20446,0;44692,0;21674,0;131312,0;585319,0;81627,0;97911,0;2735,0;865170,0;18928,0;15191,0;4491,0;11342,0;85000,0;12032,0;117877,0;382059,0;13839,0;11519,0;11352,0;9659,0;33764,0;41030,0;23659,0
2022-12-01;16225,0;126812,0;24462,0;20404,0;45713,0;22261,0;132746,0;594609,0;82842,0;98464,0;2908,0;853718,0;18883,0;14865,0;4521,0;9714,0;86332,0;11889,0;120050,0;383185,0;13480,0;11538,0;10922,0;9385,0;34079,0;41486,0;23303,0
2023-01-01;15100,0;122346,0;24398,0;20390,0;47016,0;22241,0;164186,0;627226,0;82130,0;104376,0;3174,0;856046,0;18888,0;14517,0;4579,0;11066,0;85379,0;12544,0;122859,0;389195,0;13467,0;11493,0;10977,0;9733,0;34557,0;43629,0;23117,0
2023-02-01;14935,0;123038,0;24379,0;20793,0;47973,0;22356,0;168545,0;636032,0;82547,0;106069,0;3225,0;847507,0;19006,0;14654,0;4547,0;10757,0;87122,0;12390,0;124325,0;396318,0;13538,0;12053,0;11425,0;9705,0;37040,0;43246,0;24112,0
2023-03-01;14964,0;122705,0;24222,0;21614,0;49247,0;22368,0;176948,0;644654,0;81540,0;105520,0;3243,0;846865,0;18902,0;14800,0;4769,0;12352,0;87990,0;12502,0;124295,0;399800,0;13232,0;12283,0;11698,0;10082,0;37284,0;43085,0;24294,0
2023-04-01;15230,0;123891,0;24211,0;22150,0;49396,0;22615,0;194403,0;665887,0;82368,0;106094,0;3021,0;824707,0;19029,0;16028,0;4918,0;12000,0;88535,0;12732,0;128495,0;407238,0;14114,0;12091,0;11693,0;10005,0;37320,0;43812,0;24381,0
2023-05-01;15290,0;123116,0;24159,0;22454,0;49234,0;22904,0;199731,0;670081,0;82821,0;105200,0;2998,0;853896,0;19211,0;16704,0;4645,0;11537,0;89951,0;12619,0;128856,0;412625,0;14017,0;12802,0;12858,0;10131,0;38431,0;43776,0;25337,0
2023-06-01;15808,0;125197,0;24135,0;22383,0;48931,0;23202,0;192447,0;665615,0;83961,0;103678,0;3216,0;860888,0;19431,0;17169,0;4571,0;11551,0;90607,0;12917,0;129270,0;419957,0;14386,0;13595,0;13167,0;9767,0;40382,0;44583,0;26525,0
2023-07-01;16073,0;130251,0;24461,0;22840,0;49752,0;23757,0;196698,0;678747,0;84277,0;104382,0;3329,0;855438,0;19509,0;17107,0;4363,0;10874,0;92041,0;12529,0;130916,0;424511,0;14938,0;16524,0;13114,0;10310,0;40238,0;43994,0;26459,0
2023-08-01;16086,0;131080,0;24657,0;23789,0;50433,0;24257,0;203865,0;693114,0;85327,0;106350,0;3514,0;875051,0;19691,0;17126,0;4238,0;11648,0;92847,0;12618,0;132845,0;431253,0;15415,0;16220,0;13441,0;10724,0;41473,0;45118,0;26869,0
2023-09-01;16310,0;131362,0;24738,0;23887,0;51135,0;24032,0;202834,0;695701,0;85460,0;108400,0;3522,0;869635,0;19588,0;17166,0;4656,0;11962,0;97336,0;12743,0;134554,0;441423,0;15607,0;18161,0;13267,0;10752,0;41889,0;45191,0;27653,0
2023-10-01;16519,0;129857,0;24921,0;23791,0;52132,0;23529,0;206692,0;701176,0;85398,0;110400,0;4002,0;889911,0;19690,0;17931,0;4862,0;12211,0;100470,0;13102,0;140963,0;456848,0;15932,0;19114,0;14533,0;10969,0;42496,0;45166,0;28754,0
2023-11-01;16716,0;131455,0;24858,0;25124,0;54338,0;23488,0;218173,0;722401,0;85923,0;113693,0;3901,0;886493,0;19767,0;18058,0;4666,0;11817,0;102224,0;13027,0;145893,0;463083,0;16013,0;19418,0;14632,0;10946,0;42344,0;44671,0;28853,0
2023-12-01;16879,0;131010,0;24859,0;25326,0;54164,0;23451,0;218876,0;724130,0;85593,0;115524,0;4052,0;893440,0;19685,0;18124,0;4818,0;11775,0;103421,0;13565,0;152778,0;472169,0;16335,0;19676,0;15460,0;11303,0;41277,0;44893,0;28607,0
2024-01-01;16836,0;126678,0;25033,0;25452,0;54658,0;22652,0;222549,0;720886,0;85407,0;113342,0;4154,0;885153,0;19671,0;18549,0;4657,0;11701,0;102711,0;13871,0;148712,0;469720,0;15771,0;19959,0;16588,0;11749,0;40857,0;46308,0;28348,0
2024-02-01;17043,0;126939,0;24936,0;25957,0;54914,0;23001,0;226259,0;729040,0;85932,0;115071,0;4159,0;893537,0;19768,0;19190,0;4634,0;11112,0;103148,0;13375,0;147118,0;471231,0;15913,0;21492,0;17325,0;11734,0;40990,0;46351,0;28738,0
2024-03-01;17107,0;125352,0;25012,0;25999,0;54451,0;22199,0;225534,0;723796,0;85724,0;113845,0;4089,0;889546,0;19881,0;19246,0;4732,0;11185,0;103621,0;13671,0;150369,0;476278,0;15636,0;21695,0;17647,0;11892,0;40841,0;46206,0;29318,0
2024-04-01;16943,0;123921,0;24850,0;25204,0;52895,0;21833,0;227614,0;721470,0;86031,0;113972,0;3946,0;890438,0;19985,0;19192,0;4726,0;11300,0;103452,0;13609,0;149578,0;475277,0;15611,0;21678,0;17636,0;11854,0;40577,0;46427,0;29458,0
