date;Total Private Construction Spending: Amusement and Recreation in the United States;Total Private Construction Spending: Commercial in the United States;Total Private Construction Spending: Communication in the United States;Total Private Construction Spending: Educational in the United States;Total Private Construction Spending: Health Care in the United States;Total Private Construction Spending: Lodging in the United States;Total Private Construction Spending: Manufacturing in the United States;Total Private Construction Spending: Nonresidential in the United States;Total Private Construction Spending: Office in the United States;Total Private Construction Spending: Power in the United States;Total Private Construction Spending: Religious in the United States;Total Private Construction Spending: Residential in the United States;Total Private Construction Spending: Transportation in the United States;Total Public Construction Spending: Amusement and Recreation in the United States;Total Public Construction Spending: Commercial in the United States;Total Public Construction Spending: Conservation and Development in the United States;Total Public Construction Spending: Educational in the United States;Total Public Construction Spending: Health Care in the United States;Total Public Construction Spending: Highway and Street in the United States;Total Public Construction Spending: Nonresidential in the United States;Total Public Construction Spending: Office in the United States;Total Public Construction Spending: Power in the United States;Total Public Construction Spending: Public Safety in the United States;Total Public Construction Spending: Residential in the United States;Total Public Construction Spending: Sewage and Waste Disposal in the United State;Total Public Construction Spending: Transportation in the United States;Total Public Construction Spending: Water Supply in the United States;Total Private Construction;Total Public Construction
1993-01-01;3566;31715;9629;3734;14059;3359;24811;150025;22366;27195;3843;194150;4055;;;;;;;;;;;;;;;492507;0.0
1993-01-02;4161;32406;9483;3891;13840;3425;23488;149035;21804;27822;3699;194689;3578;;;;;;;;;;;;;;;491321;0.0
1993-01-03;3354;33061;10089;3767;14014;4586;22800;148442;20809;26155;4131;190185;4357;;;;;;;;;;;;;;;485750;0.0
1993-01-04;4052;32686;9387;4100;14005;3734;21550;144221;20953;23518;4053;198296;4803;;;;;;;;;;;;;;;485358;0.0
1993-01-05;4428;34271;9630;4691;14287;5660;23659;148529;18807;23175;3728;198835;4902;;;;;;;;;;;;;;;494602;0.0
1993-01-06;5027;33906;9506;5127;15104;5508;21963;147860;19699;22202;3642;203175;4809;;;;;;;;;;;;;;;497528;0.0
1993-01-07;4789;32032;9794;5471;15343;4740;22933;145513;18683;21590;3827;208760;4954;;;;;;;;;;;;;;;498429;0.0
1993-01-08;5113;34214;9471;6004;15935;4978;23480;149217;19082;21241;3622;212238;4880;;;;;;;;;;;;;;;509475;0.0
1993-01-09;5042;35550;9879;5215;15500;5524;23376;150868;19106;21179;4205;214446;5007;;;;;;;;;;;;;;;514897;0.0
1993-01-10;5360;35782;9659;5202;15580;4824;23696;151440;19427;22287;3745;214778;4386;;;;;;;;;;;;;;;516166;0.0
1993-01-11;5578;38306;9973;5115;15667;4902;23787;156274;19360;23234;4008;227235;4834;;;;;;;;;;;;;;;538273;0.0
1993-01-12;4592;37758;10013;4878;15827;3836;25010;159605;20643;26097;4230;235648;5060;;;;;;;;;;;;;;;553197;0.0
1994-01-01;4358;33787;9480;5303;15492;3750;24403;148235;18322;22999;3966;238612;4844;;;;;;;;;;;;;;;533551;0.0
1994-01-02;4525;32801;10148;4734;14062;4178;24862;152047;18977;27416;3883;236577;4757;;;;;;;;;;;;;;;538967;0.0
1994-01-03;5266;36630;10125;5158;16059;4806;25912;159948;22331;23730;3884;235150;4712;;;;;;;;;;;;;;;553711;0.0
1994-01-04;5163;38641;9524;4811;15959;5564;26921;159650;20387;22723;3694;244746;4597;;;;;;;;;;;;;;;562380;0.0
1994-01-05;5106;38842;9892;5175;16120;5382;29875;162280;20810;20699;3915;244056;4845;;;;;;;;;;;;;;;566997;0.0
1994-01-06;5371;40175;10250;5098;16725;4717;28663;160441;19980;19116;3885;244032;4890;;;;;;;;;;;;;;;563343;0.0
1994-01-07;5171;40985;9986;5255;15481;3848;28246;158233;19258;19829;3746;245463;4848;;;;;;;;;;;;;;;560349;0.0
1994-01-08;5140;41197;10751;4816;15679;4308;29333;161620;20662;19520;4023;243134;4587;;;;;;;;;;;;;;;564770;0.0
1994-01-09;5434;42745;10091;4891;14909;4505;30066;163466;21267;19607;3805;242619;4513;;;;;;;;;;;;;;;567918;0.0
1994-01-10;5429;42544;10376;4879;14801;4540;30512;163059;20620;19388;3881;234905;4580;;;;;;;;;;;;;;;559514;0.0
1994-01-11;5531;41729;10408;5000;15090;5071;33727;168246;21808;19876;3839;239857;4640;;;;;;;;;;;;;;;574822;0.0
1994-01-12;4992;41658;10631;5142;15028;5209;32015;165270;20529;20151;3984;241395;4574;;;;;;;;;;;;;;;570578;0.0
1995-01-01;4964;40850;11220;4966;15233;5443;32256;169788;22953;22031;3966;241184;4434;;;;;;;;;;;;;;;579288;0.0
1995-01-02;4875;42926;10664;5266;15110;5760;33780;173462;22902;21485;4199;234257;5070;;;;;;;;;;;;;;;579756;0.0
1995-01-03;5321;45652;10787;5199;14850;7460;34291;178944;23160;21956;3919;228013;4965;;;;;;;;;;;;;;;584517;0.0
1995-01-04;5810;43956;12310;5689;15059;5730;35806;180257;22713;22828;4282;225488;4696;;;;;;;;;;;;;;;584624;0.0
1995-01-05;5407;41938;10498;5445;15605;6662;37043;180694;23334;23335;4430;222062;4598;;;;;;;;;;;;;;;581051;0.0
1995-01-06;6001;45271;11660;6067;14768;6853;35902;184210;23368;23221;4387;218972;4642;;;;;;;;;;;;;;;585322;0.0
1995-01-07;5476;44061;12468;6184;15527;6846;36957;185753;24088;22348;4594;224113;5043;;;;;;;;;;;;;;;593458;0.0
1995-01-08;5870;43118;11171;6384;14885;7087;35191;180948;23994;22083;4485;226045;4510;;;;;;;;;;;;;;;585771;0.0
1995-01-09;6182;45269;11204;6003;15683;7304;35838;182754;22329;21558;4581;228688;4805;;;;;;;;;;;;;;;592198;0.0
1995-01-10;7187;45426;10992;5585;15856;7690;35857;183887;22649;21241;4680;227589;4790;;;;;;;;;;;;;;;593429;0.0
1995-01-11;6651;45083;10816;5872;15221;9199;35508;181715;21929;20550;4388;231913;4783;;;;;;;;;;;;;;;593628;0.0
1995-01-12;6552;45861;10145;5235;15525;9539;35511;182144;22439;20164;4033;235572;5052;;;;;;;;;;;;;;;597772;0.0
1996-01-01;6385;46675;11641;5798;15190;8862;39939;187068;21950;19322;4414;240958;5267;;;;;;;;;;;;;;;613469;0.0
1996-01-02;6799;47146;11718;6154;13991;9696;37011;185642;23067;18960;4464;243695;5146;;;;;;;;;;;;;;;613489;0.0
1996-01-03;6847;46693;10833;6273;13457;9761;36821;184419;23367;19233;4090;249952;5480;;;;;;;;;;;;;;;617226;0.0
1996-01-04;7177;47573;11493;5933;14141;11068;37085;189505;25038;18723;4251;252836;5783;;;;;;;;;;;;;;;630606;0.0
1996-01-05;6457;48000;11527;6181;15180;9878;36485;187923;25461;17376;4241;259296;5807;;;;;;;;;;;;;;;633812;0.0
1996-01-06;6893;48411;11064;6980;15807;10728;37396;194933;28174;17531;4534;263085;5872;;;;;;;;;;;;;;;651408;0.0
1996-01-07;7206;47668;10764;7185;15472;10400;36034;189035;26330;16814;4217;263549;5568;;;;;;;;;;;;;;;640242;0.0
1996-01-08;6998;51737;11919;7426;15827;12022;35494;196246;26819;16405;4449;263618;5151;;;;;;;;;;;;;;;654111;0.0
1996-01-09;6731;51368;11444;7572;16098;11929;38181;200156;28478;16533;4677;265677;5550;;;;;;;;;;;;;;;664394;0.0
1996-01-10;7278;52464;11952;7805;16360;11995;42797;209483;29458;16687;4707;261444;6200;;;;;;;;;;;;;;;678630;0.0
1996-01-11;7674;51718;12637;7925;16696;12030;40927;209930;29873;16851;5041;259668;6910;;;;;;;;;;;;;;;677880;0.0
1996-01-12;7513;51604;13911;7852;16774;12599;38840;208000;29569;15985;5284;253234;6417;;;;;;;;;;;;;;;667582;0.0
1997-01-01;7923;53779;12059;7604;16988;11263;38762;208531;30713;17298;5024;255365;5618;;;;;;;;;;;;;;;670927;0.0
1997-01-02;7950;53935;12032;7746;16908;11671;38273;206553;32297;14159;5267;258595;4742;;;;;;;;;;;;;;;670128;0.0
1997-01-03;8785;52879;11620;7470;17499;12306;34865;202627;30473;14127;5699;264566;5168;;;;;;;;;;;;;;;668084;0.0
1997-01-04;8787;52543;12612;8587;17276;12614;36084;206035;29599;14793;5643;257490;5684;;;;;;;;;;;;;;;667747;0.0
1997-01-05;8758;52949;12254;8498;16873;13811;36177;207099;28443;15834;5948;264581;5808;;;;;;;;;;;;;;;677033;0.0
1997-01-06;8433;53017;12629;8714;17248;13950;36393;209596;31269;15119;5234;262299;5750;;;;;;;;;;;;;;;679651;0.0
1997-01-07;8641;54479;13395;9258;17021;13951;38968;218840;33271;16286;5444;261593;6323;;;;;;;;;;;;;;;697470;0.0
1997-01-08;8873;54609;12457;9242;17820;13448;38172;219995;34328;17406;5402;263951;6353;;;;;;;;;;;;;;;702056;0.0
1997-01-09;8777;53432;13176;9645;18246;13034;38597;222959;35154;18068;6272;270511;6652;;;;;;;;;;;;;;;714523;0.0
1997-01-10;8570;52974;12576;9591;17950;13386;38519;223110;36065;18597;6336;272980;6627;;;;;;;;;;;;;;;717281;0.0
1997-01-11;8324;52395;12492;9391;17841;12604;37407;218126;35605;16501;6417;272786;7328;;;;;;;;;;;;;;;707217;0.0
1997-01-12;8435;51283;11865;9225;17020;12739;39180;218388;36364;16676;6631;269192;7312;;;;;;;;;;;;;;;704310;0.0
1998-01-01;7629;52412;12006;9776;17116;11993;39333;219748;37910;15304;6489;276485;7692;;;;;;;;;;;;;;;713893;0.0
1998-01-02;7459;52418;13025;10210;16943;11872;39842;221382;37298;16101;6751;279249;7616;;;;;;;;;;;;;;;720166;0.0
1998-01-03;7432;54485;13400;10480;17494;12775;43006;228207;37432;15765;6325;291505;7619;;;;;;;;;;;;;;;745925;0.0
1998-01-04;9111;55127;12284;10582;18048;13892;41412;235598;39202;20187;6170;288409;7701;;;;;;;;;;;;;;;757723;0.0
1998-01-05;7991;54686;13085;10534;18020;13190;40807;234582;38972;22098;5723;292879;7429;;;;;;;;;;;;;;;759996;0.0
1998-01-06;8552;57842;12522;9710;18092;15852;40067;248234;42775;26797;6211;296632;7473;;;;;;;;;;;;;;;790759;0.0
1998-01-07;8796;56813;12167;9014;18089;15421;38311;239636;39950;25573;6250;296717;7553;;;;;;;;;;;;;;;774290;0.0
1998-01-08;9146;55859;12383;9138;17818;16316;41540;243170;39134;25740;6604;299495;7644;;;;;;;;;;;;;;;783987;0.0
1998-01-09;8583;55522;12357;9963;17778;16907;40743;242566;40125;24493;6933;305345;7568;;;;;;;;;;;;;;;788883;0.0
1998-01-10;9167;56624;12928;9274;17555;17234;40623;241654;42583;20340;6986;308127;6759;;;;;;;;;;;;;;;789854;0.0
1998-01-11;9359;58004;12010;9726;17765;16195;40042;243153;44164;20432;7286;307899;6539;;;;;;;;;;;;;;;792574;0.0
1998-01-12;9703;57339;11507;10032;18223;16163;40300;243689;44838;20030;7550;302650;6597;;;;;;;;;;;;;;;788621;0.0
1999-01-01;9439;54852;13766;8789;17873;15653;38716;242862;44242;23408;7536;305968;7076;;;;;;;;;;;;;;;790180;0.0
1999-01-02;9902;55470;14700;9065;18320;16914;37575;251260;46061;27677;7515;307914;6717;;;;;;;;;;;;;;;809090;0.0
1999-01-03;10413;58118;16752;9462;18428;17180;37992;253110;45183;24042;7377;316822;6495;;;;;;;;;;;;;;;821374;0.0
1999-01-04;10532;59435;17676;10223;17998;16592;35523;244859;44694;16486;7555;316111;6304;;;;;;;;;;;;;;;803988;0.0
1999-01-05;9726;60447;16647;9389;18190;16243;34976;242211;44733;16479;7426;320326;6234;;;;;;;;;;;;;;;803027;0.0
1999-01-06;9393;59209;16856;10036;17934;15548;34980;249433;46003;24382;7351;322905;6232;;;;;;;;;;;;;;;820262;0.0
1999-01-07;9361;59416;19467;10209;18275;16156;35027;255008;44636;27107;7291;320854;6359;;;;;;;;;;;;;;;829166;0.0
1999-01-08;9011;58803;19831;9736;18684;15328;34586;246083;45742;19090;7310;326779;6365;;;;;;;;;;;;;;;817348;0.0
1999-01-09;9460;59895;19733;9655;18947;15202;34161;247860;46525;19100;7215;334947;6514;;;;;;;;;;;;;;;829214;0.0
1999-01-10;8859;59911;20598;10022;18820;15023;32512;246803;45046;20372;7350;342423;6734;;;;;;;;;;;;;;;834473;0.0
1999-01-11;9416;63866;20911;10279;18949;15918;32703;255740;43862;24113;7291;348035;6853;;;;;;;;;;;;;;;857936;0.0
1999-01-12;9572;63609;20393;10319;18327;15706;34293;257380;43709;24961;7382;346989;7111;;;;;;;;;;;;;;;859751;0.0
2000-01-01;9230;61228;19353;10416;18394;15899;32449;247213;42558;23767;7610;353065;4948;;;;;;;;;;;;;;;846130;0.0
2000-01-02;9476;65092;16775;10850;17790;15820;35742;265200;47567;28911;8293;351933;7187;;;;;;;;;;;;;;;880636;0.0
2000-01-03;9793;63200;18052;11270;18188;17219;36433;268020;49334;27341;8046;353452;7240;;;;;;;;;;;;;;;887588;0.0
2000-01-04;9175;62109;17082;10765;18797;16926;36553;264832;50719;26305;7847;356188;6971;;;;;;;;;;;;;;;884269;0.0
2000-01-05;9302;62755;18004;12180;19218;17060;39979;275989;52588;27968;7873;349907;7275;;;;;;;;;;;;;;;900098;0.0
2000-01-06;8845;63376;18873;11475;19722;17298;38449;271873;51906;24852;8117;348133;7147;;;;;;;;;;;;;;;890066;0.0
2000-01-07;8666;63175;17694;12043;19731;16655;37295;274805;52106;30455;8310;337374;6955;;;;;;;;;;;;;;;885264;0.0
2000-01-08;9013;66254;17497;12629;19950;16524;38617;284502;54796;32121;7997;337583;6864;;;;;;;;;;;;;;;904347;0.0
2000-01-09;8477;66178;22175;12016;20008;15966;38456;289543;56252;32482;8092;339048;7037;;;;;;;;;;;;;;;915730;0.0
2000-01-10;7914;66319;17874;12192;20847;15972;39157;286731;54921;33724;8319;344095;7039;;;;;;;;;;;;;;;915104;0.0
2000-01-11;7977;64073;19907;12160;20648;15734;39100;288986;56587;35718;8006;347301;6851;;;;;;;;;;;;;;;923048;0.0
2000-01-12;7382;64012;22231;11766;20031;14576;38470;281975;58202;28131;7929;344139;7022;;;;;;;;;;;;;;;905866;0.0
2001-01-01;7266;63292;20205;12280;20379;14442;43224;278005;57565;21947;7952;348279;7257;;;;;;;;;;;;;;;902093;0.0
2001-01-02;7446;64543;19279;12035;19645;14544;40064;270735;55683;20149;8034;353629;7203;;;;;;;;;;;;;;;892989;0.0
2001-01-03;7801;64306;18642;12177;20798;14714;42465;280450;56789;25233;8217;350029;7464;;;;;;;;;;;;;;;909085;0.0
2001-01-04;7704;65593;20623;12237;19414;14534;40776;278653;53994;26540;8296;361991;7495;;;;;;;;;;;;;;;917850;0.0
2001-01-05;7815;64445;22629;12035;19846;14783;38921;281069;51841;31356;8393;360534;7435;;;;;;;;;;;;;;;921102;0.0
2001-01-06;8422;63871;19441;12578;18995;15439;40082;284499;53527;34680;8345;365905;7289;;;;;;;;;;;;;;;933073;0.0
2001-01-07;8006;65300;18902;12547;19113;15672;39336;279200;50497;32544;8560;366500;7132;;;;;;;;;;;;;;;923309;0.0
2001-01-08;7783;63339;20200;12928;18869;15308;38439;274690;46992;33929;8523;369000;7039;;;;;;;;;;;;;;;917039;0.0
2001-01-09;7818;62756;19814;13619;19169;14628;38751;270320;44443;32862;8711;368809;6490;;;;;;;;;;;;;;;908190;0.0
2001-01-10;8027;62638;18954;13913;19616;14110;34000;268404;44497;36404;8420;370957;6560;;;;;;;;;;;;;;;906500;0.0
2001-01-11;8233;62629;18658;13971;18786;13608;29466;260359;42142;36581;8596;375803;6621;;;;;;;;;;;;;;;895453;0.0
2001-01-12;7677;62247;18372;13991;19693;12439;30083;264194;39970;43150;8501;376279;6999;;;;;;;;;;;;;;;903595;0.0
2002-01-01;7822;63972;18843;13616;20888;11669;28116;263731;40176;42407;8742;377631;6512;10044.0;4282.0;3578.0;58742.0;4859.0;62553.0;211973.0;8964.0;3643.0;8356.0;5348.0;16077.0;19035.0;11412.0;904125;428866.0
2002-01-02;7925;62196;19831;13588;20859;10861;25816;256668;38891;40693;8517;385745;6437;10392.0;3644.0;3704.0;60748.0;4579.0;61664.0;214277.0;8837.0;3981.0;8667.0;5689.0;16645.0;19226.0;11717.0;898027;433770.0
2002-01-03;7472;63256;19053;13724;20986;10810;24835;252252;37058;38707;8469;385406;6907;10516.0;3467.0;3328.0;58523.0;4652.0;52889.0;201253.0;9158.0;3031.0;7933.0;5536.0;15960.0;19835.0;11530.0;888935;407611.0
2002-01-04;7636;61548;18895;13922;21570;11833;24301;250341;37198;36754;8793;398990;6893;9628.0;3331.0;3066.0;60631.0;4547.0;52965.0;203435.0;9511.0;4626.0;7846.0;5266.0;16035.0;18717.0;11823.0;898674;411427.0
2002-01-05;7551;59318;18544;13663;22054;11581;23650;241636;35652;33307;8506;394223;6900;9437.0;3423.0;3199.0;61914.0;4406.0;56191.0;210154.0;9984.0;4565.0;7816.0;4941.0;15979.0;19551.0;13026.0;876585;424586.0
2002-01-06;7734;57773;19234;12772;23092;10633;22981;235344;35208;29911;8021;401920;7000;9465.0;3209.0;3314.0;59135.0;4594.0;55273.0;204433.0;8869.0;3929.0;8283.0;5385.0;15838.0;19726.0;12197.0;871623;413650.0
2002-01-07;7456;55599;18707;12540;22832;10135;21868;229426;34703;29958;8081;404632;6653;9367.0;3372.0;3582.0;60292.0;4770.0;58189.0;207608.0;9129.0;3971.0;7332.0;5539.0;16138.0;19201.0;11655.0;862590;420145.0
2002-01-08;7508;57623;17931;12425;23096;9613;20733;227442;34243;27585;8263;398875;7154;9570.0;3600.0;3466.0;61219.0;4667.0;57267.0;207256.0;8925.0;3466.0;7356.0;5181.0;16052.0;19296.0;11741.0;852491;419062.0
2002-01-09;7205;58489;16938;12557;22955;9865;20028;224568;33767;26442;8016;394820;6936;10649.0;3508.0;3504.0;61808.0;4996.0;56598.0;207471.0;8309.0;3111.0;7119.0;5240.0;15926.0;18882.0;12329.0;842586;419450.0
2002-01-10;7580;58129;17784;13036;23659;10008;20691;228572;32887;28820;8026;397077;6721;9760.0;3644.0;3800.0;62421.0;4733.0;57615.0;209130.0;8734.0;4382.0;6812.0;5014.0;15522.0;18190.0;12634.0;852990;422391.0
2002-01-11;6945;57379;17073;13356;23680;9296;20804;228716;33125;30746;8410;401424;6588;9756.0;3692.0;3759.0;61959.0;4806.0;56332.0;209198.0;8586.0;5803.0;7002.0;5185.0;15670.0;18838.0;12124.0;857542;422710.0
2002-01-12;6887;54711;18227;12700;23321;9302;20214;222509;31654;29428;8354;411758;6485;9844.0;3209.0;3973.0;61134.0;4831.0;64279.0;216656.0;8950.0;6063.0;6972.0;5086.0;15977.0;18039.0;12488.0;855550;437501.0
2003-01-01;6506;56837;13589;13183;22981;9382;19598;226819;30925;37189;8614;417788;6745;9844.0;3553.0;3699.0;61957.0;4709.0;61134.0;213997.0;8884.0;6451.0;6856.0;5261.0;16077.0;17910.0;12060.0;870156;432392.0
2003-01-02;7079;55183;13643;12915;24210;9416;19754;225646;29344;37657;8576;417500;6877;9367.0;3522.0;3291.0;60020.0;4943.0;58549.0;210873.0;8888.0;6923.0;6938.0;5205.0;16338.0;18608.0;12714.0;867800;426179.0
2003-01-03;7572;55746;14297;13195;24121;10112;20723;229653;29351;38673;8403;413303;6568;9121.0;3079.0;3261.0;60735.0;4804.0;53496.0;203317.0;8643.0;6889.0;6862.0;4929.0;15508.0;17685.0;12324.0;871717;410653.0
2003-01-04;7729;56343;14355;12958;24045;9544;20541;227092;28520;36901;8525;420510;6529;9521.0;3797.0;3789.0;60262.0;4908.0;54507.0;206904.0;8700.0;7092.0;6818.0;4983.0;15938.0;18650.0;11814.0;873592;417683.0
2003-01-05;7759;57203;14572;13863;24189;13804;22072;232573;28785;34038;8614;421143;6518;10209.0;4114.0;3855.0;61440.0;5108.0;53781.0;207997.0;8478.0;7092.0;6915.0;5127.0;15522.0;18323.0;12085.0;885133;420046.0
2003-01-06;8095;58254;14659;13800;24551;9949;22403;231498;30213;33203;8708;430929;6566;9321.0;4401.0;3970.0;62447.0;5193.0;55703.0;213185.0;8626.0;8245.0;6997.0;5234.0;16051.0;18737.0;12359.0;892828;430469.0
2003-01-07;7836;59419;15051;13844;23940;9553;21444;224707;29921;27318;8772;448917;6444;8820.0;4328.0;4057.0;62356.0;5124.0;55490.0;212517.0;9334.0;7834.0;7280.0;5123.0;16267.0;18248.0;12151.0;897166;428929.0
2003-01-08;7721;60148;14244;13685;23904;9572;21517;228595;30713;30661;8800;453031;6489;8602.0;4231.0;4210.0;61269.0;5349.0;57473.0;214568.0;9100.0;8842.0;7051.0;5645.0;16370.0;18508.0;12547.0;909080;433765.0
2003-01-09;8092;58186;14682;14002;23768;9517;22317;233700;30994;35058;8744;458676;6669;8472.0;4557.0;3753.0;60271.0;5311.0;59799.0;213928.0;9287.0;7465.0;6938.0;5277.0;16563.0;18516.0;11894.0;924405;432031.0
2003-01-10;8484;58251;14194;13351;24450;9796;22797;233121;33366;31491;8801;469855;6646;8697.0;4605.0;3874.0;61082.0;5260.0;58853.0;217356.0;9007.0;10738.0;7414.0;5379.0;16815.0;18332.0;11755.0;934603;439167.0
2003-01-11;8097;56549;14736;12858;24751;9497;21941;226077;32535;28817;8302;485245;6346;8488.0;3940.0;3318.0;59030.0;5252.0;58466.0;209417.0;8758.0;7754.0;6902.0;5196.0;16664.0;18057.0;12015.0;935751;423257.0
2003-01-12;8277;57811;15201;13365;25660;9020;21392;232151;32437;33083;7864;503356;6542;8267.0;3895.0;3142.0;59978.0;5345.0;57719.0;207664.0;8351.0;7869.0;6779.0;5281.0;17263.0;16680.0;11766.0;966159;419999.0
2004-01-01;7525;58958;12927;12970;24028;8778;21253;227349;30793;34476;7514;498640;6629;9353.0;3688.0;3285.0;57927.0;5439.0;56936.0;207518.0;8748.0;7416.0;6873.0;5019.0;16940.0;17638.0;12621.0;951840;419401.0
2004-01-02;7931;59110;14173;12553;25440;10067;22116;227051;31850;27348;7742;500439;6936;8420.0;3709.0;3489.0;59675.0;5314.0;54671.0;205679.0;9350.0;7032.0;6462.0;4643.0;17079.0;17346.0;12337.0;952756;415206.0
2004-01-03;8035;60085;14570;12859;26467;11274;21681;233056;32413;29157;7994;506879;6791;8552.0;3719.0;3746.0;61303.0;5564.0;60004.0;216272.0;9854.0;6929.0;6804.0;4950.0;17493.0;18591.0;12858.0;971261;436639.0
2004-01-04;8087;62109;14713;12973;27084;11422;21351;233437;32820;26619;8151;512400;6593;8565.0;3896.0;3921.0;60960.0;5978.0;60418.0;216253.0;9159.0;7290.0;6822.0;5512.0;17544.0;18306.0;12574.0;977759;437198.0
2004-01-05;8883;63368;14914;12480;26813;11759;22122;232956;32664;23458;8217;522534;6616;8480.0;3979.0;3631.0;60724.0;5739.0;58426.0;213244.0;9552.0;7471.0;6875.0;5647.0;17938.0;17616.0;12031.0;986784;431353.0
2004-01-06;8613;65215;14697;12455;26640;12115;20483;232519;32513;22764;8233;527794;6738;8383.0;4113.0;3516.0;63871.0;6092.0;59498.0;217209.0;9310.0;8068.0;6666.0;5564.0;17339.0;17522.0;12093.0;990779;439244.0
2004-01-07;8509;67602;15268;12482;26546;12478;21973;238888;34202;22991;8453;543260;6924;8292.0;3911.0;4176.0;63067.0;6082.0;57503.0;218266.0;9645.0;7816.0;6902.0;5771.0;18183.0;18899.0;13239.0;1019576;441752.0
2004-01-08;8792;64469;15748;12537;26304;12826;22525;241348;32790;28835;8072;551447;6942;8149.0;3717.0;4019.0;61954.0;6030.0;56840.0;214856.0;9770.0;8451.0;7068.0;5964.0;17813.0;18242.0;12301.0;1032635;435174.0
2004-01-09;8586;65631;16397;12703;26596;13480;23193;246868;32627;30686;8431;546306;6913;8109.0;4087.0;4312.0;62378.0;5861.0;54231.0;212838.0;9534.0;9176.0;6788.0;6068.0;17496.0;18203.0;12143.0;1038417;431224.0
2004-01-10;8874;64122;17257;12735;25985;13456;25459;246581;33278;29005;8260;551137;6975;7705.0;3538.0;4271.0;60826.0;5924.0;58303.0;212712.0;9241.0;8662.0;6156.0;5288.0;17793.0;18640.0;11350.0;1043124;430409.0
2004-01-11;8567;63847;15995;12909;26726;13535;27525;247029;33643;27838;8261;550392;7062;7573.0;3916.0;4103.0;61530.0;6095.0;62906.0;220021.0;9699.0;9017.0;6649.0;5552.0;17814.0;18758.0;11555.0;1043329;445188.0
2004-01-12;8508;62959;17161;12795;26223;12593;28119;246725;33934;27692;8459;566284;7049;7679.0;3879.0;3865.0;62222.0;6841.0;61606.0;218884.0;10154.0;8379.0;6486.0;5587.0;17354.0;18285.0;11802.0;1058501;443023.0
2005-01-01;8133;62789;19121;12855;27041;11826;27578;250158;36903;27503;8286;575650;6761;7337.0;3709.0;3814.0;60701.0;5686.0;59637.0;214756.0;9698.0;9478.0;6572.0;5518.0;17355.0;18259.0;12324.0;1074604;434844.0
2005-01-02;8249;63349;18870;12724;26980;12348;28016;251796;38553;26819;7847;588435;6199;7691.0;4383.0;4256.0;62294.0;5743.0;64318.0;221049.0;9412.0;8553.0;6554.0;5569.0;17336.0;17868.0;12316.0;1090185;447342.0
2005-01-03;7842;64279;18322;12742;26834;13517;28650;251961;37469;26365;8134;591580;6371;7551.0;3812.0;4269.0;64248.0;5917.0;62696.0;222582.0;9375.0;9116.0;6363.0;5621.0;17780.0;17862.0;13227.0;1094066;450419.0
2005-01-04;7416;65422;18621;12666;26784;12870;27939;254161;38229;28310;7680;598335;6733;7376.0;3625.0;3836.0;66635.0;5940.0;61438.0;222876.0;9323.0;7695.0;6369.0;5640.0;18931.0;17531.0;13945.0;1105166;451160.0
2005-01-05;7110;66885;18739;12597;27775;11822;27051;255438;37947;29436;7665;603707;6968;7726.0;3618.0;4364.0;67727.0;6222.0;62198.0;228732.0;8126.0;11050.0;6622.0;5463.0;19519.0;17050.0;14208.0;1113140;462625.0
2005-01-06;7081;64556;18753;12834;27661;11284;27548;252025;37258;29137;7757;616958;6895;7590.0;3713.0;4599.0;68204.0;6016.0;63138.0;231145.0;8453.0;10158.0;7268.0;5768.0;19986.0;17457.0;13866.0;1119747;467361.0
2005-01-07;6870;65441;18900;12844;29224;11814;27589;253900;35468;29529;7914;628750;6843;7883.0;3723.0;4599.0;67866.0;5983.0;63092.0;230628.0;8479.0;9880.0;6899.0;5822.0;20396.0;17814.0;13602.0;1135086;466666.0
2005-01-08;6900;66490;19051;12995;29825;12439;29024;257599;35750;29134;7451;633710;7178;8202.0;3976.0;4548.0;67769.0;6062.0;64049.0;232061.0;8202.0;9380.0;6985.0;5791.0;19741.0;18152.0;14478.0;1147546;469396.0
2005-01-09;7670;67352;18374;13106;31174;13285;29048;263183;37948;28936;7566;647374;7418;7441.0;3393.0;4565.0;67561.0;6103.0;65774.0;232504.0;8000.0;9554.0;7628.0;5374.0;19819.0;18146.0;13978.0;1172434;469840.0
2005-01-10;7405;69672;18510;12763;29806;13529;29294;265451;37286;30448;7329;658590;7708;7876.0;3407.0;4258.0;67798.0;6079.0;65237.0;230970.0;7899.0;8626.0;7304.0;5817.0;19999.0;18200.0;13824.0;1187791;467294.0
2005-01-11;8025;70571;19559;12595;29287;13486;29590;269373;37299;32013;7528;665376;7926;7885.0;3360.0;4247.0;69404.0;5747.0;65639.0;231960.0;7298.0;7244.0;7212.0;5381.0;21321.0;18109.0;14063.0;1202628;468870.0
2005-01-12;7798;72105;19831;12916;29308;13770;29672;272395;38097;31748;7522;670522;8190;8154.0;3342.0;4559.0;71055.0;5762.0;65989.0;236145.0;7814.0;8637.0;6768.0;5613.0;21738.0;17866.0;14047.0;1213874;477489.0
2006-01-01;7839;73518;21794;13438;29799;13358;29698;277343;38860;31412;7432;675679;8658;8433.0;3382.0;4543.0;69946.0;5879.0;66507.0;237035.0;8055.0;8156.0;6980.0;5584.0;22299.0;17716.0;14377.0;1228828;478892.0
2006-01-02;8345;71295;21300;13516;30242;14074;28900;280283;41160;32754;7836;678562;9340;8634.0;3051.0;4445.0;70471.0;6192.0;68286.0;240874.0;7858.0;9358.0;7327.0;5920.0;22826.0;17774.0;13911.0;1237607;486927.0
2006-01-03;8383;71801;21276;13568;30549;15394;30851;285365;41573;32962;8029;668311;9132;8869.0;3121.0;5058.0;70861.0;6202.0;70141.0;245347.0;7606.0;8778.0;7217.0;6146.0;23328.0;18843.0;14614.0;1237194;496131.0
2006-01-04;9188;70472;21511;13715;30768;17106;31862;287651;43884;31277;7812;650388;8412;8953.0;3384.0;5206.0;69521.0;6290.0;73543.0;248746.0;8508.0;9444.0;7336.0;6510.0;22427.0;19045.0;14276.0;1224046;503189.0
2006-01-05;9709;72497;21174;13792;31340;16952;31848;292927;45024;32185;7876;633815;8700;9440.0;2993.0;5269.0;69345.0;6349.0;73387.0;247605.0;8209.0;8830.0;7322.0;6234.0;21858.0;18988.0;14903.0;1217839;500732.0
2006-01-06;9033;73107;21622;13552;32570;18120;33010;299334;46537;33251;7773;615053;9022;10048.0;2787.0;5136.0;71129.0;6452.0;73872.0;251575.0;8405.0;8978.0;7145.0;6167.0;22559.0;19785.0;14568.0;1211984;508606.0
2006-01-07;9519;73227;21868;13370;32258;18688;32092;301402;48280;33838;7672;598487;8835;10059.0;2994.0;5122.0;71452.0;6463.0;75761.0;252504.0;8414.0;6756.0;7162.0;5534.0;23093.0;19644.0;14639.0;1199536;509597.0
2006-01-08;9858;73435;22297;13190;33008;18805;35881;306563;48623;34016;7577;584460;7997;10207.0;3346.0;4939.0;70340.0;6366.0;72577.0;249155.0;8452.0;7888.0;6863.0;5729.0;23174.0;19766.0;14222.0;1195710;503024.0
2006-01-09;10185;74597;23372;13901;33085;18890;34212;307094;47777;33405;7556;573878;8279;10318.0;3380.0;5259.0;70515.0;6523.0;70247.0;248906.0;8726.0;8436.0;7441.0;5875.0;23010.0;19486.0;14343.0;1186231;502465.0
2006-01-10;10229;72694;23277;14394;32761;19974;32318;304567;47311;33813;7716;561444;8363;10081.0;3940.0;4922.0;70983.0;6748.0;69466.0;250595.0;9449.0;8232.0;7693.0;6308.0;23692.0;19414.0;14715.0;1168861;506238.0
2006-01-11;9910;75553;23000;14730;33233;20207;32408;312164;48541;36433;7747;548971;8578;10248.0;4018.0;5038.0;73317.0;6921.0;70446.0;254286.0;9112.0;8554.0;7717.0;6328.0;23104.0;19701.0;14751.0;1171475;513541.0
2006-01-12;9646;77579;23928;15097;34704;19914;32700;320162;50482;37608;7812;545011;8832;10746.0;3907.0;5261.0;76823.0;7162.0;71882.0;263503.0;9189.0;10337.0;8013.0;6729.0;23343.0;20633.0;14822.0;1183475;532350.0
2007-01-01;8990;77865;23777;14950;34572;20478;33382;320249;51815;37115;7858;537571;7740;10678.0;4131.0;5549.0;75257.0;7481.0;78215.0;273573.0;9680.0;12035.0;8410.0;6525.0;24598.0;21174.0;14974.0;1176362;552280.0
2007-01-02;8698;80407;26619;15407;35270;21182;34468;332339;51248;41447;7689;531641;8170;10249.0;3868.0;4770.0;73699.0;7292.0;76093.0;268434.0;9671.0;11504.0;8271.0;6619.0;25216.0;20867.0;15406.0;1194585;541959.0
2007-01-03;9765;80852;26758;15041;35014;23653;33954;340354;53619;43766;7529;527865;8608;10595.0;3941.0;4776.0;75863.0;7692.0;75239.0;271615.0;10457.0;13185.0;8839.0;6790.0;23076.0;20308.0;15912.0;1206778;548288.0
2007-01-04;9616;83531;25695;15768;35047;25103;35825;345178;51523;44520;7519;523666;8988;10749.0;3717.0;4428.0;78022.0;7941.0;75497.0;274663.0;10119.0;12634.0;8818.0;7082.0;23923.0;21275.0;15873.0;1211979;554741.0
2007-01-05;9943;87584;27616;15984;34984;26479;35234;358048;52676;49362;7574;514131;8638;11533.0;3812.0;4913.0;80212.0;8410.0;75536.0;282034.0;11588.0;12385.0;9149.0;7368.0;24099.0;22243.0;16220.0;1228253;569502.0
2007-01-06;10040;88093;28115;16880;34806;27433;37526;369495;52398;55295;7612;505936;9200;10291.0;3901.0;5132.0;81462.0;8040.0;75261.0;280492.0;11853.0;11153.0;9425.0;7587.0;24004.0;22221.0;15790.0;1242829;566612.0
2007-01-07;10380;86673;26853;17493;35103;28532;40927;370632;51817;54367;7591;495976;9050;11551.0;3972.0;5121.0;81675.0;8409.0;71985.0;281330.0;12319.0;12002.0;9630.0;7511.0;23965.0;24259.0;14807.0;1235394;568536.0
2007-01-08;10962;88662;28473;17518;35903;28883;40314;384672;54451;60345;7521;480974;9555;11774.0;3920.0;4890.0;81549.0;8835.0;75965.0;285589.0;13218.0;10681.0;9640.0;7843.0;24405.0;23493.0;15322.0;1248233;577124.0
2007-01-09;10575;88628;28655;17542;36378;30457;48027;395532;55553;60551;7702;465709;9351;11735.0;3901.0;5386.0;81397.0;8306.0;77714.0;290053.0;11689.0;12124.0;10651.0;7286.0;25276.0;23879.0;15622.0;1254660;585019.0
2007-01-10;10889;88940;28679;17715;36744;33136;49256;408729;56815;67546;7302;447819;9473;11110.0;3501.0;5746.0;81314.0;8815.0;77235.0;288717.0;12414.0;11389.0;10224.0;7226.0;25284.0;24642.0;15234.0;1263043;582851.0
2007-01-11;11252;88550;28098;17633;36472;32788;44181;402136;57025;66933;7095;431878;9581;10775.0;3695.0;5411.0;84519.0;8693.0;78515.0;291628.0;12007.0;11866.0;10948.0;7266.0;24971.0;24198.0;14369.0;1233622;588861.0
2007-01-12;11048;85811;29450;17697;36331;31643;47937;401961;56579;66334;7287;416486;9443;10827.0;3621.0;5632.0;83570.0;8162.0;78242.0;289482.0;11837.0;12919.0;10723.0;7212.0;24848.0;24008.0;13648.0;1218007;584731.0
2008-01-01;11107;89764;30023;18519;36213;30643;48190;414958;57686;72961;7436;402138;9794;11082.0;3661.0;5258.0;83521.0;8390.0;75757.0;286970.0;11559.0;11926.0;11272.0;7282.0;24630.0;24945.0;13367.0;1229432;579620.0
2008-01-02;10993;90198;28599;18042;36856;31796;48028;411129;57067;69124;7197;386197;10673;11054.0;3647.0;5119.0;82448.0;8541.0;77736.0;292327.0;12535.0;12242.0;11423.0;6996.0;24756.0;25604.0;15771.0;1205899;590199.0
2008-01-03;10720;85821;29641;17994;37461;33143;48567;406437;56232;66792;7067;390471;10718;11571.0;3695.0;5218.0;84384.0;8701.0;82405.0;299540.0;12408.0;11975.0;11900.0;6998.0;25130.0;25357.0;15345.0;1201064;604627.0
2008-01-04;10495;87956;28292;18078;37478;35636;49910;411413;56825;67352;7109;385328;10059;11858.0;3797.0;4870.0;84783.0;8487.0;82028.0;297038.0;12460.0;11334.0;11451.0;7474.0;24713.0;24969.0;15073.0;1205931;600335.0
2008-01-05;11332;87302;29996;18258;38113;36900;52617;414316;55081;66592;7088;381911;9097;11600.0;3806.0;4901.0;87224.0;8345.0;78488.0;297896.0;12692.0;11525.0;12076.0;7424.0;24386.0;25233.0;16528.0;1208603;602124.0
2008-01-06;10563;85290;26617;18405;38487;36766;54289;408045;55408;63990;6848;374495;9384;11369.0;4012.0;5249.0;86932.0;8109.0;79236.0;300053.0;12949.0;12490.0;11601.0;7505.0;24440.0;25729.0;16933.0;1188587;606607.0
2008-01-07;10714;85398;26131;19008;39444;37177;52515;411470;55728;66344;7184;364873;9864;10951.0;3731.0;5696.0;87395.0;8207.0;80068.0;302727.0;13208.0;12098.0;12227.0;7882.0;24854.0;25752.0;17684.0;1185850;612480.0
2008-01-08;10410;81618;23988;18861;38453;37793;54380;403794;55254;64184;6845;352598;10045;11204.0;3609.0;5485.0;89199.0;8679.0;81821.0;305899.0;13104.0;12658.0;12300.0;7785.0;24265.0;26020.0;16465.0;1158223;618493.0
2008-01-09;10145;79537;24242;19243;39023;37579;56654;410624;56122;68898;7261;340396;10064;11343.0;3166.0;4606.0;85900.0;8175.0;81638.0;300748.0;13828.0;11678.0;12684.0;7810.0;24710.0;25651.0;16405.0;1159788;608342.0
2008-01-10;10703;77108;23309;19624;39149;37596;58710;412323;54526;72349;7480;329304;9891;11121.0;3383.0;5037.0;87516.0;8852.0;82927.0;306812.0;13550.0;11322.0;13115.0;7520.0;25977.0;26427.0;16747.0;1152072;620306.0
2008-01-11;9699;74155;23168;19125;40437;36288;58318;405596;54308;71451;7448;312540;9665;11389.0;3191.0;5185.0;86849.0;8425.0;83884.0;309153.0;13617.0;12130.0;14378.0;7744.0;26267.0;25682.0;17405.0;1122198;625299.0
2008-01-12;9521;69772;22599;18357;39453;33050;58386;393186;50348;73256;7451;293997;9517;11317.0;3124.0;5666.0;86524.0;8480.0;80885.0;304622.0;14337.0;10258.0;14721.0;7334.0;26091.0;25342.0;17070.0;1078893;615771.0
2009-01-01;9018;65512;20487;18633;38230;30258;63869;381677;47834;70358;7133;283870;8801;10432.0;3130.0;4638.0;87797.0;8677.0;80732.0;301899.0;14826.0;10983.0;13879.0;7653.0;24542.0;26211.0;15315.0;1045680;610714.0
2009-01-02;9392;63821;18436;18178;38720;30751;66482;382404;44849;74239;7037;267938;9027;11027.0;3460.0;5982.0;90338.0;9213.0;81762.0;313191.0;14699.0;13346.0;14213.0;8176.0;24261.0;28088.0;16072.0;1031274;633828.0
2009-01-03;9499;60863;19322;18050;38617;30694;64284;383667;42690;82088;6814;254645;9231;10920.0;3873.0;6079.0;93324.0;9212.0;80107.0;317598.0;14624.0;17434.0;13592.0;7883.0;26194.0;25761.0;15799.0;1020464;642400.0
2009-01-04;9290;58443;20268;17577;37889;31098;63750;369627;41091;72552;6775;243958;9494;10948.0;3371.0;6141.0;90970.0;8821.0;80229.0;311619.0;14221.0;16617.0;13773.0;7277.0;24674.0;25190.0;16007.0;981812;629858.0
2009-01-05;9316;54754;19920;17964;36539;29273;63219;365757;40822;76986;5985;237188;9639;11311.0;3609.0;5427.0;90842.0;9623.0;80409.0;309864.0;14339.0;13807.0;14018.0;7211.0;24607.0;26274.0;14941.0;967362;626282.0
2009-01-06;8857;50264;19729;17941;36535;27142;59394;354227;38936;78589;6118;237343;9456;11650.0;3940.0;5324.0;90419.0;9732.0;82881.0;313078.0;14711.0;13526.0;14194.0;7883.0;23838.0;27023.0;15208.0;944531;633407.0
2009-01-07;9237;48420;19483;16770;34491;25118;57699;344704;37238;79580;5988;244141;9323;11411.0;3861.0;5550.0;89001.0;9915.0;83780.0;314092.0;14894.0;13371.0;13609.0;8501.0;23873.0;28955.0;15223.0;932192;636036.0
2009-01-08;7994;45498;19790;16890;34282;22978;55482;334891;35610;79868;6024;250768;9146;11064.0;3740.0;5574.0;85308.0;9755.0;83239.0;306447.0;14207.0;12654.0;12841.0;8007.0;23462.0;29150.0;14741.0;919221;620189.0
2009-01-09;7517;45435;20017;16043;33397;21918;52194;322235;31681;77660;5899;254135;9082;11221.0;3656.0;5310.0;81956.0;10297.0;83271.0;302497.0;14116.0;11569.0;12753.0;8374.0;23837.0;29155.0;14592.0;897213;612604.0
2009-01-10;7512;41937;19189;14953;33133;19898;52021;308583;31038;73370;5680;254942;8601;11287.0;3524.0;6256.0;80796.0;10087.0;83639.0;299576.0;14517.0;9932.0;12451.0;8290.0;23650.0;28136.0;14597.0;870857;606738.0
2009-01-11;6730;41799;19555;14558;31548;18401;50901;299917;29079;71810;5569;255941;8503;10220.0;3576.0;6069.0;78778.0;9257.0;80289.0;294604.0;15164.0;10020.0;12381.0;8031.0;25145.0;27912.0;15038.0;854311;596484.0
2009-01-12;6696;41904;19887;14236;30826;17126;42551;286479;28431;69475;5299;255801;8511;10219.0;3493.0;6431.0;77632.0;9861.0;78431.0;291538.0;15288.0;10016.0;12424.0;8792.0;24759.0;27137.0;15042.0;827222;591063.0
2010-01-01;6173;40418;17397;14029;30771;15375;45115;268992;26888;56850;5299;254826;9225;10470.0;2983.0;6188.0;79360.0;9242.0;78173.0;289442.0;14010.0;10252.0;11860.0;8854.0;26991.0;26650.0;12553.0;791358;587028.0
2010-01-02;6484;39263;18277;14072;29020;14113;45228;267569;28137;56378;5593;255121;9492;9863.0;3101.0;5922.0;77621.0;9276.0;78487.0;283667.0;13540.0;9222.0;11746.0;8529.0;23107.0;27914.0;13082.0;788747;575077.0
2010-01-03;7379;38878;16491;14425;29016;12260;49045;267614;26066;57023;5327;253924;9543;9738.0;2787.0;6419.0;76182.0;9671.0;80394.0;291016.0;13660.0;11260.0;11729.0;9295.0;24756.0;29801.0;13773.0;786991;590481.0
2010-01-04;7229;37984;17698;13810;29397;11811;45738;267185;25467;61744;5402;254574;9401;10498.0;2440.0;7589.0;75422.0;9460.0;82327.0;297886.0;14157.0;11952.0;11822.0;10019.0;26265.0;30429.0;14429.0;787440;604695.0
2010-01-05;6694;37203;17968;13661;29941;11095;43094;264485;24354;63839;5487;252896;9621;9988.0;2724.0;7035.0;75468.0;9545.0;84171.0;295941.0;13539.0;10088.0;11468.0;10124.0;25398.0;30218.0;15301.0;780338;601008.0
2010-01-06;6532;38298;17243;13447;29079;10887;42111;264369;24263;65693;5339;250518;10062;10177.0;2673.0;8118.0;75903.0;9654.0;82149.0;296372.0;13509.0;11645.0;11134.0;10684.0;25859.0;28907.0;15460.0;777841;602244.0
2010-01-07;6032;35789;17706;13020;29014;10732;40652;252883;22431;60840;5063;244354;10152;10674.0;2730.0;7205.0;76740.0;9721.0;77216.0;291847.0;13453.0;12124.0;10629.0;10610.0;26344.0;28636.0;15219.0;748668;593148.0
2010-01-08;6236;36882;18361;13290;29460;10571;38943;255187;23136;61599;4946;238695;10068;11014.0;3202.0;6760.0;75123.0;9965.0;84331.0;297476.0;12903.0;12477.0;10536.0;10672.0;26810.0;27532.0;15577.0;747374;604378.0
2010-01-09;6521;35846;17417;13113;29953;10101;37552;253420;24289;62312;5102;237834;9717;11273.0;3179.0;7547.0;76396.0;10411.0;84459.0;305293.0;14389.0;12932.0;10558.0;11181.0;26314.0;31384.0;15174.0;743177;620490.0
2010-01-10;6076;35613;17643;12394;29559;9598;36219;257733;23044;70644;5021;236512;10485;10635.0;3347.0;7442.0;71154.0;10071.0;86962.0;295659.0;13008.0;13640.0;10348.0;11469.0;25995.0;27098.0;14643.0;750541;601471.0
2010-01-11;6311;35243;18067;13125;29843;9326;34646;265154;22332;79263;5377;237468;10222;10539.0;3085.0;8136.0;70424.0;10449.0;85065.0;290189.0;13156.0;12601.0;10108.0;11340.0;24450.0;26155.0;14854.0;766377;590551.0
2010-01-12;6247;34277;17533;13016;29482;9288;31102;257397;22595;77363;5038;239030;10098;10120.0;3129.0;6901.0;69595.0;9856.0;81968.0;283069.0;12298.0;13030.0;9468.0;9899.0;23813.0;27305.0;14186.0;752466;574637.0
2011-01-01;6274;34364;17164;12416;28063;8755;29987;225709;21912;51139;4905;240548;9481;9843.0;3429.0;7864.0;70245.0;11338.0;81293.0;283290.0;12817.0;11659.0;9654.0;10416.0;22785.0;26703.0;14488.0;690717;575824.0
2011-01-02;6199;35380;17628;12508;28050;8485;32647;229621;21724;52089;4367;240062;9339;10482.0;3250.0;8098.0;68625.0;10896.0;79899.0;278996.0;12666.0;11661.0;9914.0;9697.0;22191.0;26043.0;14062.0;698099;566480.0
2011-01-03;6008;36099;18203;13379;28442;8247;34676;237178;22106;54868;4347;241586;9115;10302.0;3441.0;8096.0;70932.0;11354.0;78995.0;280800.0;12463.0;11196.0;9793.0;9594.0;22968.0;26567.0;13284.0;714254;569785.0
2011-01-04;6951;37987;17861;13188;27891;7996;34064;239923;22465;56911;4257;244598;8844;9263.0;3638.0;8026.0;70598.0;12120.0;74889.0;275618.0;12451.0;11964.0;9986.0;9299.0;21463.0;26499.0;13412.0;722936;559226.0
2011-01-05;7278;39527;17679;13337;27259;8077;36799;246937;23500;59110;4065;245449;8928;9402.0;3794.0;7879.0;70422.0;11884.0;75936.0;273685.0;12288.0;10523.0;10071.0;9180.0;21684.0;25671.0;12604.0;737945;555023.0
2011-01-06;7050;41145;18134;14919;29199;8457;41628;262949;24036;63662;4002;247520;9180;9230.0;3856.0;7913.0;68984.0;11873.0;75914.0;275603.0;12096.0;11751.0;10465.0;8766.0;22849.0;25863.0;12978.0;771881;558141.0
2011-01-07;6890;41299;17662;14662;29358;7943;40811;262747;23612;65395;4247;249770;9362;9183.0;3776.0;7246.0;69054.0;11925.0;76166.0;271897.0;11516.0;10629.0;10196.0;7967.0;22413.0;24303.0;13771.0;773758;550042.0
2011-01-08;6763;42040;17936;14531;29421;8133;42902;272384;24494;70423;4402;251877;9755;8695.0;4200.0;7871.0;72311.0;11451.0;77952.0;279609.0;12059.0;10608.0;10851.0;8083.0;21519.0;25991.0;14140.0;795061;565340.0
2011-01-09;7124;39831;17930;14618;29848;8347;45106;273972;24199;71496;4199;250152;9799;8445.0;3734.0;6949.0;73882.0;11030.0;82178.0;281396.0;13008.0;9795.0;10288.0;8141.0;21641.0;24381.0;13576.0;796621;568444.0
2011-01-10;6804;39185;18271;14611;29181;8371;44638;270982;23829;71097;3935;252821;9575;8594.0;3578.0;7096.0;72422.0;9989.0;82767.0;277090.0;11839.0;9630.0;9949.0;7485.0;21587.0;23705.0;14121.0;793300;559852.0
2011-01-11;6868;40295;17530;15344;29705;8856;44834;277776;25790;73055;3877;247279;9968;9149.0;3417.0;6381.0;70851.0;10583.0;85049.0;279873.0;12268.0;10782.0;10359.0;7123.0;22127.0;23434.0;13519.0;801177;564915.0
2011-01-12;6655;40815;14991;15386;30297;9208;46481;284011;26576;77332;4034;247983;10778;9130.0;3712.0;6054.0;72247.0;11170.0;83606.0;282266.0;11807.0;10962.0;10726.0;7107.0;23167.0;25041.0;12535.0;814547;569530.0
2012-01-01;6399;41784;16776;16068;31202;9452;43668;293950;25635;87335;4001;251869;10279;9786.0;3426.0;5967.0;71422.0;11079.0;79329.0;277437.0;11857.0;10029.0;10559.0;7354.0;23386.0;24773.0;14196.0;838418;560600.0
2012-01-02;6057;41759;16520;16092;31517;8933;43965;294111;27389;87409;4081;247503;9142;9646.0;2980.0;5705.0;69883.0;10900.0;80527.0;276136.0;11039.0;10571.0;10897.0;6618.0;23366.0;25421.0;13305.0;834478;556994.0
2012-01-03;6153;42834;15785;16325;31400;9920;45132;297053;27057;87333;3966;252283;9968;9469.0;3421.0;6242.0;69740.0;11278.0;79021.0;273573.0;11534.0;9664.0;10646.0;6379.0;22982.0;24346.0;12951.0;845209;551246.0
2012-01-04;6177;43877;15922;16304;32549;10171;46145;304401;26300;91194;3819;258567;10602;9075.0;3254.0;6019.0;67345.0;11030.0;82373.0;272307.0;11364.0;9898.0;10432.0;6466.0;22151.0;24459.0;13124.0;866028;549297.0
2012-01-05;6051;43998;15883;16435;32196;10020;46011;305582;26535;92725;3703;263797;10637;9536.0;3008.0;6320.0;66443.0;11218.0;83779.0;275512.0;10607.0;11048.0;10508.0;6036.0;22001.0;26054.0;12921.0;873573;554991.0
2012-01-06;5775;44588;15895;16652;32613;10004;46496;302591;26430;88218;3869;269664;10882;9470.0;3111.0;6143.0;68758.0;10792.0;85853.0;279719.0;10524.0;10641.0;10344.0;6035.0;21141.0;28234.0;12588.0;873677;563353.0
2012-01-07;6303;44897;16086;17384;32276;10315;47315;304534;27306;86276;3836;273587;11126;9327.0;2954.0;6003.0;69806.0;10916.0;82360.0;274693.0;10172.0;10496.0;10749.0;6120.0;20215.0;27468.0;12211.0;881241;553490.0
2012-01-08;6398;44888;15651;16937;32368;10221;46790;302812;28077;85186;3703;279216;11293;8733.0;2989.0;6409.0;68344.0;10832.0;81024.0;274448.0;10377.0;12036.0;10454.0;6251.0;21045.0;27368.0;12671.0;883540;552981.0
2012-01-09;6208;45457;15857;16981;30258;10242;47936;305507;28753;87266;3731;286120;11598;9454.0;2845.0;6508.0;67134.0;11004.0;77355.0;269006.0;9378.0;12283.0;10110.0;5956.0;20837.0;27643.0;12650.0;895914;542163.0
2012-01-10;6551;46125;15920;16793;30090;10877;48505;306335;29073;85540;3789;294197;11790;9188.0;2815.0;6413.0;65983.0;11374.0;77010.0;268831.0;9425.0;12669.0;9857.0;6003.0;21009.0;29116.0;12454.0;905585;542147.0
2012-01-11;6323;44887;15751;16339;29640;10416;48213;301430;28397;85429;3526;296510;11194;8907.0;2911.0;6005.0;65415.0;11125.0;77467.0;267800.0;9191.0;12243.0;9623.0;6313.0;22422.0;28341.0;12696.0;898055;540459.0
2012-01-12;6187;44421;15592;17152;30568;11480;49105;304580;27991;86048;3746;299101;10861;8700.0;2672.0;5905.0;65177.0;11658.0;74972.0;262124.0;9099.0;10225.0;9737.0;6004.0;20450.0;28836.0;13284.0;906832;528843.0
2013-01-01;6011;47050;16383;16721;31070;11767;49235;292746;28823;69781;3910;303792;10619;8865.0;2686.0;5859.0;63193.0;10973.0;76317.0;260083.0;8471.0;10228.0;9131.0;6101.0;20632.0;28707.0;13690.0;887908;524936.0
2013-01-02;6064;50067;16411;16706;30705;12333;50552;292424;27786;66212;3943;309078;9995;8244.0;2494.0;5891.0;63803.0;10801.0;79293.0;266526.0;8320.0;12233.0;9647.0;5555.0;21416.0;29057.0;13911.0;892276;537191.0
2013-01-03;6460;48196;17128;16409;29772;12411;50400;290250;28359;65587;3906;312083;10574;8350.0;2600.0;5592.0;61080.0;10793.0;74622.0;255552.0;7561.0;11970.0;9120.0;6625.0;20892.0;28176.0;13379.0;891535;516312.0
2013-01-04;6546;48116;17456;16446;29598;12437;49566;293188;27626;69434;3598;316537;10964;7990.0;2593.0;6085.0;60246.0;10896.0;80466.0;263771.0;7829.0;11410.0;9630.0;6231.0;22282.0;29955.0;13078.0;901512;532462.0
2013-01-05;6786;49496;17209;17639;29620;12726;48010;297883;28113;72074;3709;321706;11095;7671.0;2290.0;5675.0;60883.0;10881.0;80789.0;262950.0;7735.0;11418.0;10104.0;6214.0;22479.0;28415.0;13336.0;916066;530840.0
2013-01-06;6921;49417;17839;16847;28938;12729;49633;302661;27888;76182;3467;324770;11538;7921.0;2019.0;5205.0;62447.0;11708.0;83592.0;266026.0;8194.0;13477.0;9555.0;5838.0;20138.0;27656.0;12716.0;928830;536492.0
2013-01-07;6916;51072;18048;17407;29718;12882;55194;316339;29318;79088;3357;328388;12091;7763.0;2250.0;6007.0;63974.0;11251.0;82581.0;267144.0;7915.0;11833.0;8690.0;5885.0;22059.0;28530.0;12808.0;959818;538690.0
2013-01-08;7810;50959;18272;17166;28803;13327;54150;319524;30038;82556;3365;335690;11670;8376.0;1952.0;5801.0;63193.0;11403.0;83732.0;267995.0;7454.0;11200.0;9132.0;5853.0;23348.0;28059.0;12805.0;973330;540303.0
2013-01-09;7495;52373;18230;17009;29273;13553;51670;325461;31500;88640;3231;339977;11231;8567.0;1995.0;5860.0;61710.0;11225.0;84018.0;267333.0;7401.0;11232.0;9448.0;5350.0;23110.0;28322.0;13051.0;989643;538622.0
2013-01-10;7462;53799;17829;17421;29887;13902;52232;333928;32580;93220;3477;346273;10914;8722.0;1879.0;5930.0;62171.0;10770.0;80082.0;265538.0;8156.0;11917.0;9288.0;5476.0;23247.0;28790.0;13205.0;1012924;535171.0
2013-01-11;7328;55819;18468;16711;29985;14413;52525;340714;34125;96027;3501;353317;10623;8546.0;2059.0;5785.0;62349.0;10841.0;80428.0;264436.0;7626.0;13111.0;9651.0;5656.0;22125.0;27943.0;12991.0;1033556;533547.0
2013-01-12;7064;55786;17853;16492;29221;13804;57978;348710;34857;100577;3450;360754;10461;8753.0;1977.0;6524.0;59691.0;10259.0;82300.0;264407.0;7647.0;14340.0;9187.0;5340.0;22127.0;28726.0;11849.0;1057007;533127.0
2014-01-01;7159;52979;17841;16199;28743;14864;55426;353903;35629;109633;3380;368359;10643;8120.0;1772.0;6080.0;59754.0;10436.0;80761.0;259332.0;7557.0;13632.0;9537.0;4994.0;20540.0;28871.0;11357.0;1074758;522743.0
2014-01-02;7074;55634;18168;15435;28660;15742;53740;359437;35632;114155;3265;363860;10878;7595.0;1726.0;6471.0;59956.0;10513.0;81816.0;259309.0;7844.0;12236.0;9082.0;4932.0;20158.0;29434.0;11323.0;1081680;522395.0
2014-01-03;7287;56516;17734;16434;28074;14880;51172;355615;35293;112165;3605;369329;11302;8281.0;1656.0;6669.0;59552.0;9586.0;83534.0;261315.0;8060.0;11927.0;9237.0;4899.0;20731.0;28739.0;12270.0;1079406;526456.0
2014-01-04;7564;56603;17479;16999;28487;15231;53868;360049;38601;108855;3161;375347;12114;8762.0;1762.0;6643.0;63160.0;10007.0;83515.0;266791.0;7776.0;12129.0;9132.0;4714.0;21537.0;28633.0;12727.0;1094358;537288.0
2014-01-05;7415;58481;17010;16792;28799;14892;53158;356841;38291;105224;3172;376671;12422;9454.0;2001.0;6768.0;63679.0;9251.0;83769.0;268891.0;7597.0;10601.0;9316.0;4744.0;21883.0;30086.0;13529.0;1089168;541569.0
2014-01-06;7572;59488;16725;17311;28252;15294;58530;360030;39271;100608;3268;372569;12366;9221.0;1943.0;7639.0;64423.0;9883.0;80234.0;268746.0;7611.0;11416.0;9090.0;5079.0;23712.0;29999.0;12614.0;1091284;541610.0
2014-01-07;7825;61086;16628;16683;28985;16304;57665;359951;38962;99266;3386;372572;11799;9364.0;1863.0;7213.0;64607.0;9889.0;83391.0;277289.0;7872.0;14744.0;9693.0;5124.0;23585.0;30499.0;13163.0;1091112;558296.0
2014-01-08;7428;62864;16863;16918;28622;16153;59052;360732;39245;96998;3395;372893;11594;9493.0;1983.0;6921.0;66200.0;9675.0;85720.0;276372.0;7514.0;11697.0;9045.0;5099.0;23728.0;29901.0;13055.0;1092757;556403.0
2014-01-09;7720;65759;16830;15878;28675;17047;61635;363100;40699;91731;3404;382053;11995;9237.0;2193.0;7490.0;63303.0;9450.0;84997.0;271427.0;7584.0;10328.0;9211.0;5311.0;23459.0;29687.0;13241.0;1106526;546918.0
2014-01-10;8289;66811;16843;16741;29680;18461;70768;373536;41513;86251;3502;386299;13039;9420.0;2252.0;8059.0;64228.0;9857.0;88426.0;281451.0;7628.0;12852.0;9411.0;5115.0;24015.0;30639.0;13341.0;1131733;566694.0
2014-01-11;8450;66363;16779;16965;29692;18199;73302;373100;40546;83939;3537;391521;13435;9611.0;2131.0;7411.0;62851.0;9730.0;87449.0;274922.0;7670.0;9422.0;9053.0;5350.0;24480.0;30627.0;13488.0;1135828;554195.0
2014-01-12;8733;65674;17176;16517;29945;18504;71119;370648;41829;82163;3402;401584;13481;9420.0;2067.0;7818.0;63404.0;9095.0;87541.0;278868.0;7972.0;11916.0;8658.0;5329.0;25863.0;30723.0;13232.0;1140775;561906.0
2015-01-01;8381;62807;18133;16125;30610;18547;76229;374782;42861;82616;3321;405105;13454;9678.0;1930.0;7464.0;61713.0;8906.0;86174.0;274048.0;8362.0;12537.0;8047.0;7305.0;24090.0;30821.0;13117.0;1152971;554192.0
2015-01-02;8997;60463;18592;16303;30282;18721;79694;382163;43717;87415;3381;410055;12967;10019.0;2045.0;7901.0;62104.0;8872.0;86274.0;273518.0;8180.0;11883.0;8110.0;7159.0;24236.0;31089.0;11624.0;1172750;553014.0
2015-01-03;8754;61976;19369;16624;30723;18921;80123;393447;44805;93754;3288;409845;13496;10152.0;2148.0;7500.0;63497.0;8861.0;83637.0;275691.0;8020.0;13003.0;8284.0;7766.0;24356.0;32251.0;12430.0;1195125;557596.0
2015-01-04;9405;63926;20941;17125;31263;20014;82248;407690;46409;98410;3551;415034;12860;10611.0;2018.0;8147.0;66695.0;8688.0;89499.0;284898.0;8343.0;12501.0;8007.0;7997.0;24486.0;32311.0;12314.0;1228876;576515.0
2015-01-05;9686;65066;21653;17817;31421;21528;83638;418064;49359;99702;3676;422979;12850;10591.0;2359.0;7851.0;68147.0;9141.0;90061.0;286423.0;8922.0;11844.0;7928.0;7967.0;23918.0;32008.0;12300.0;1257439;579460.0
2015-01-06;10523;62132;21457;18710;31760;22921;87946;424797;52110;98799;3721;433746;13238;11095.0;2717.0;7420.0;70876.0;8885.0;92197.0;293462.0;8063.0;11045.0;8349.0;6189.0;25143.0;32395.0;13695.0;1281860;591531.0
2015-01-07;10329;63185;22292;18517;30064;21975;82296;414231;47544;98733;3855;439819;13803;10887.0;2815.0;7979.0;71289.0;8664.0;91556.0;293935.0;8217.0;12409.0;8333.0;6576.0;25055.0;31821.0;13121.0;1266643;592657.0
2015-01-08;10287;65073;22607;18834;31679;23409;83628;419103;49414;94669;3679;439616;14213;10949.0;3107.0;8111.0;71088.0;8586.0;96002.0;299228.0;7868.0;15412.0;8363.0;6429.0;23696.0;31620.0;12816.0;1276211;603275.0
2015-01-09;10816;66059;22858;18042;31181;23012;86539;416898;48798;89611;3835;448021;14323;10648.0;2727.0;7409.0;69688.0;8500.0;93624.0;292381.0;7880.0;11772.0;8603.0;6637.0;24328.0;32092.0;13001.0;1279993;589290.0
2015-01-10;11004;67466;23306;17761;31129;22761;84557;411466;48159;85804;3744;448256;14054;10558.0;2425.0;7559.0;66515.0;8448.0;91902.0;285219.0;8130.0;10571.0;8956.0;6593.0;23919.0;31045.0;13390.0;1269467;575230.0
2015-01-11;11356;66794;22945;17667;31160;22444;83469;410953;50424;85651;3505;446990;14102;10063.0;2430.0;7673.0;67743.0;8607.0;90004.0;280966.0;7816.0;10542.0;8121.0;6600.0;23148.0;30591.0;12832.0;1267460;567136.0
2015-01-12;10612;68559;22716;17926;30033;22811;79245;405378;49894;85854;3369;452947;13321;10622.0;2792.0;6656.0;67964.0;8617.0;100006.0;291679.0;8024.0;10137.0;8188.0;6349.0;24116.0;30335.0;12710.0;1262665;588195.0
2016-01-01;10535;69913;22843;18385;29990;23196;77111;401068;50683;81200;3482;456468;12653;10335.0;3000.0;7388.0;69600.0;8578.0;100723.0;297174.0;7725.0;11167.0;8202.0;6279.0;26102.0;29815.0;13094.0;1257527;599182.0
2016-01-02;10951;71270;20506;18905;30508;23884;79181;409310;54829;82712;3425;462448;11990;10659.0;3066.0;7566.0;69891.0;8518.0;93265.0;294814.0;7951.0;12521.0;8081.0;6279.0;27125.0;30931.0;13600.0;1279919;594267.0
2016-01-03;11543;71561;19981;19132;32147;26054;80125;419150;55474;86246;3627;469622;12341;10906.0;3443.0;7930.0;71066.0;8887.0;94414.0;293709.0;7945.0;10012.0;7712.0;6296.0;25501.0;30700.0;13676.0;1307003;592197.0
2016-01-04;12576;72476;20492;18956;30776;26085;79989;422929;57365;86712;3808;468416;12733;11255.0;3415.0;8384.0;70634.0;8884.0;89949.0;288224.0;7783.0;10613.0;7864.0;6334.0;25291.0;29422.0;13379.0;1313313;581431.0
2016-01-05;12612;74462;20965;19027;31143;26872;81361;430910;57176;88955;3670;468910;13640;11441.0;3592.0;8148.0;69577.0;8336.0;88069.0;284473.0;7861.0;11575.0;8023.0;6393.0;23101.0;29854.0;13536.0;1329703;573979.0
2016-01-06;12970;73624;21345;20241;31322;27408;82181;441636;60032;90865;3951;474571;16588;11548.0;3262.0;8046.0;74966.0;8793.0;91533.0;295069.0;8066.0;12008.0;7934.0;6328.0;22894.0;30286.0;14422.0;1356734;595155.0
2016-01-07;12700;75914;21528;20995;31884;26856;81731;445429;61422;93166;3890;476926;14237;10880.0;2713.0;7141.0;71921.0;8822.0;90572.0;285899.0;8046.0;9654.0;7746.0;6279.0;22691.0;30737.0;13620.0;1366678;576721.0
2016-01-08;12771;77350;22086;20124;32150;27051;79882;448016;62814;95847;4029;481061;12970;10820.0;3001.0;7233.0;73614.0;8794.0;90706.0;285489.0;8203.0;8449.0;7541.0;6683.0;23546.0;28877.0;13196.0;1376151;576152.0
2016-01-09;13093;77502;22612;21068;33427;28347;77125;451562;63241;97635;3822;482953;12810;10731.0;3019.0;7922.0;72576.0;9161.0;93865.0;291495.0;8350.0;8499.0;8207.0;6428.0;23075.0;30652.0;14034.0;1385197;588014.0
2016-01-10;13465;78275;22927;20917;32007;27154;74966;446695;63377;96891;3513;496403;12161;11162.0;3002.0;6902.0;71146.0;8865.0;97083.0;290685.0;7966.0;8124.0;8260.0;7316.0;23219.0;30577.0;13284.0;1388751;587591.0
2016-01-11;13874;79653;23754;21239;32261;28543;76758;458428;65110;100087;3825;504630;12333;11373.0;3270.0;7962.0;71314.0;8805.0;98311.0;294870.0;8951.0;7539.0;8187.0;6952.0;22564.0;30521.0;14977.0;1420495;595596.0
2016-01-12;13595;82752;24530;21444;32789;27828;75736;461342;64316;100889;3729;512328;12706;11608.0;3295.0;7552.0;71012.0;9094.0;93101.0;289848.0;8683.0;7625.0;9064.0;6925.0;21713.0;31629.0;14129.0;1433984;585278.0
2017-01-01;13268;80618;23560;21534;32657;28604;72253;456087;62808;103597;3450;510981;12776;11409.0;3141.0;7231.0;73660.0;8607.0;89547.0;280958.0;8547.0;6901.0;7654.0;6556.0;21309.0;28904.0;12878.0;1422193;567302.0
2017-01-02;13972;81551;23506;21250;32340;27829;69398;448256;60232;100755;3488;531553;12985;12123.0;3257.0;7254.0;73643.0;9675.0;92897.0;289328.0;8703.0;6724.0;8158.0;6774.0;22518.0;30390.0;12820.0;1427115;584264.0
2017-01-03;13681;83361;23008;20958;32800;28414;71235;448499;60198;96793;3541;526970;13590;13103.0;3132.0;7635.0;72879.0;9899.0;91618.0;290063.0;8612.0;6550.0;8450.0;7191.0;21906.0;30936.0;13965.0;1423048;585939.0
2017-01-04;14445;85800;23118;21127;32600;27283;71190;446586;60545;92693;3638;533062;13179;12087.0;3342.0;7067.0;71960.0;9674.0;89515.0;283199.0;7613.0;4957.0;8286.0;6231.0;20878.0;31882.0;14624.0;1425266;571315.0
2017-01-05;14844;85477;23183;21406;33507;28025;72715;447834;59373;89927;3787;536314;14623;12618.0;3927.0;7673.0;75605.0;9800.0;89243.0;291625.0;8484.0;5986.0;8354.0;7153.0;22234.0;32030.0;14211.0;1431015;588943.0
2017-01-06;14942;85966;23819;21739;33581;28260;69849;444343;60174;86430;3813;536675;14823;13103.0;3158.0;7044.0;78042.0;9612.0;87123.0;289508.0;8223.0;5928.0;7884.0;6825.0;22183.0;31607.0;13891.0;1424414;584131.0
2017-01-07;14933;85481;23439;20516;33268;27794;69898;437904;58449;84532;3598;541970;15114;12669.0;2939.0;7060.0;77792.0;9712.0;90384.0;289526.0;8103.0;5720.0;8270.0;6488.0;22660.0;29546.0;13282.0;1416896;584151.0
2017-01-08;15084;85328;23477;20831;34379;28430;67858;437551;57568;84709;3662;542139;15400;12167.0;3034.0;7284.0;75913.0;10017.0;88737.0;288779.0;8593.0;5781.0;8767.0;6506.0;22960.0;29886.0;14138.0;1416416;582562.0
2017-01-09;15326;85003;23428;21807;34813;28245;68393;440135;58411;84634;3780;544359;15514;11349.0;2972.0;7842.0;74543.0;8804.0;88898.0;289866.0;8998.0;6871.0;8837.0;6812.0;23259.0;31531.0;14359.0;1423848;584941.0
2017-01-10;14501;84825;24249;21356;34172;27690;69040;442307;59456;85829;3651;538409;16783;10954.0;3046.0;8491.0;76236.0;9714.0;91797.0;296068.0;9694.0;5787.0;8836.0;6483.0;23743.0;32293.0;13922.0;1422268;597064.0
2017-01-11;14241;84686;24324;20948;33878;27851;69227;441516;61055;84473;3448;562039;16608;11869.0;2885.0;7282.0;77224.0;9522.0;90566.0;298334.0;10510.0;7190.0;8763.0;7007.0;23825.0;33294.0;14103.0;1444294;602374.0
2017-01-12;14835;85873;24284;21702;34257;28521;69961;447371;62032;85875;3221;565020;16132;11371.0;2911.0;7455.0;77229.0;10187.0;87323.0;294311.0;9299.0;6095.0;8892.0;6965.0;24061.0;33556.0;14305.0;1459084;593960.0
2018-01-01;14394;85175;24644;22020;34192;29172;68321;465821;61806;104763;3366;570932;17257;11418.0;3309.0;7672.0;76362.0;9998.0;86762.0;292980.0;9051.0;4721.0;9135.0;6737.0;24251.0;33831.0;15146.0;1501863;591373.0
2018-01-02;14851;90540;24860;22698;34494;29650;71401;477978;64444;103119;3466;576594;17609;11471.0;3237.0;7024.0;76421.0;9434.0;87072.0;293853.0;9416.0;4828.0;8765.0;6680.0;24203.0;34254.0;16221.0;1531704;592879.0
2018-01-03;15488;86382;26375;22152;33651;29133;69551;469820;64138;100509;3425;572219;18027;11720.0;3208.0;7544.0;79243.0;9476.0;86537.0;296298.0;9629.0;5475.0;9049.0;6631.0;24119.0;33988.0;14668.0;1510870;597585.0
2018-01-04;15907;87142;24449;22601;34300;30491;69410;471318;64661;99404;3744;573855;18175;11838.0;3322.0;7622.0;79661.0;9329.0;90146.0;303201.0;10011.0;5209.0;9297.0;6727.0;25575.0;34439.0;15100.0;1515457;611477.0
2018-01-05;16196;87727;24288;23109;34507;30472;71616;472940;66768;95717;3484;577087;17865;12469.0;3408.0;8422.0;78911.0;9808.0;91223.0;305512.0;10253.0;5537.0;9318.0;6825.0;23912.0;34685.0;15871.0;1521776;616154.0
2018-01-06;16423;82933;23948;22409;33251;30166;71016;461819;65817;93790;3305;569346;17725;12664.0;3597.0;8205.0;76424.0;9588.0;92609.0;305835.0;10151.0;5340.0;9174.0;6214.0;24219.0;35374.0;16833.0;1491948;616227.0
2018-01-07;16349;82198;23875;22111;33267;31040;70236;461304;66936;92529;3423;559852;17909;13342.0;3476.0;8676.0;77821.0;9483.0;93736.0;308893.0;9754.0;5505.0;8983.0;6583.0;22851.0;37547.0;16185.0;1481029;622835.0
2018-01-08;16409;82000;23444;22030;34317;31429;74205;467011;68736;91426;3561;550497;18004;12619.0;3563.0;8937.0;82001.0;9476.0;97166.0;316476.0;10487.0;5000.0;9121.0;6466.0;23579.0;36156.0;16075.0;1483069;637122.0
2018-01-09;15929;82594;23534;22123;34110;31021;74559;464825;68862;89600;3488;551118;17594;12919.0;3778.0;8936.0;79903.0;9083.0;93451.0;304449.0;9089.0;4703.0;9082.0;5721.0;21883.0;35395.0;14210.0;1479357;612602.0
2018-01-10;15342;80160;23805;23107;34353;31055;73729;462942;70769;88046;3472;536547;17511;12968.0;3889.0;8525.0;79185.0;9493.0;91365.0;305409.0;10021.0;5315.0;9276.0;6049.0;23021.0;35878.0;14476.0;1460838;614870.0
2018-01-11;15566;74826;23796;22213;32683;30617;73658;452225;68294;87187;3623;538953;18180;12465.0;4062.0;7986.0;79262.0;9568.0;92322.0;303664.0;9643.0;5389.0;9075.0;5852.0;22270.0;36468.0;13407.0;1441821;611433.0
2018-01-12;15552;73899;25163;21918;34763;31149;76376;462060;70395;88767;3707;519036;18920;12018.0;4362.0;8530.0;82760.0;9197.0;87923.0;303244.0;10167.0;5025.0;9594.0;5591.0;23564.0;35277.0;13558.0;1441705;610810.0
2019-01-01;15587;75483;22012;22164;35312;31241;77017;458626;71944;82947;3720;517390;19484;12663.0;4474.0;9317.0;83074.0;9451.0;93503.0;314065.0;10156.0;6461.0;9121.0;5968.0;23501.0;37402.0;13737.0;1432927;632893.0
2019-01-02;16012;75251;21673;21598;35289;31325;80674;465357;72084;86874;3641;516797;18667;14242.0;4082.0;9055.0;83516.0;9585.0;100044.0;323842.0;10257.0;6748.0;9749.0;6044.0;23232.0;37356.0;14635.0;1445242;652387.0
2019-01-03;16235;75893;22223;22080;35903;32015;81345;474886;73266;92067;3579;517696;18153;14236.0;4318.0;9480.0;83264.0;9117.0;99595.0;323871.0;10509.0;5693.0;8923.0;6079.0;24403.0;37496.0;15320.0;1465341;652304.0
2019-01-04;16062;75052;22087;21742;35115;32504;82255;480435;74856;98967;3827;522630;15925;14528.0;3994.0;8917.0;85716.0;9772.0;111627.0;344001.0;10758.0;7595.0;9765.0;6591.0;24610.0;39104.0;16044.0;1481457;693022.0
2019-01-05;15554;78027;21789;21355;35767;32125;80460;489938;76278;106272;3776;528461;16771;14642.0;3883.0;8830.0;84780.0;9580.0;105831.0;339774.0;10668.0;7339.0;10091.0;6248.0;26190.0;40875.0;15360.0;1506573;684091.0
2019-01-06;15600;80709;21725;21233;36006;33370;81079;499431;75813;111652;3889;540442;16622;15304.0;3985.0;9082.0;85197.0;9361.0;101744.0;337020.0;10936.0;6839.0;11297.0;6416.0;25364.0;40565.0;15450.0;1537571;678560.0
2019-01-07;15065;80563;21844;21833;37214;32891;81246;508131;80411;114776;3857;552575;16724;14853.0;4211.0;9124.0;89183.0;9472.0;100540.0;343366.0;11250.0;7587.0;12004.0;6677.0;25779.0;41496.0;16138.0;1567130;691680.0
2019-01-08;16126;82623;22380;22249;36542;32713;81085;519560;82823;119605;3876;559755;17613;15113.0;3826.0;9438.0;88246.0;9606.0;96363.0;339654.0;11750.0;8449.0;12566.0;7122.0;25872.0;41352.0;15448.0;1596950;684805.0
2019-01-09;16078;83146;22434;22038;37747;31801;80323;520507;79831;124136;3655;563783;17555;14811.0;4158.0;8877.0;90686.0;9538.0;98315.0;346339.0;11835.0;8483.0;12769.0;7491.0;27633.0;40727.0;16684.0;1603034;698346.0
2019-01-10;15816;84825;22047;21427;37859;32407;79549;525057;81122;127089;3796;567704;17207;14622.0;4206.0;9123.0;92539.0;9455.0;92844.0;341570.0;11724.0;7956.0;13952.0;7819.0;25380.0;40390.0;17413.0;1615905;688993.0
2019-01-11;16146;86983;21970;21086;39083;32857;81660;531161;81564;127813;3628;580112;16535;14892.0;4040.0;9252.0;91248.0;9410.0;91841.0;343944.0;12090.0;8127.0;14922.0;7820.0;25968.0;42205.0;17978.0;1640598;693737.0
2019-01-12;15538;83972;23097;20830;39196;32491;80512;524947;79424;128531;3589;586250;16058;15469.0;3988.0;9394.0;89325.0;9805.0;94439.0;347096.0;12153.0;8813.0;15609.0;8122.0;26344.0;42863.0;17364.0;1634435;700784.0
2020-01-01;15221;87284;23597;20459;39444;32138;78776;523187;84309;120510;3777;598551;15990;15569.0;4157.0;9254.0;91469.0;9217.0;103558.0;362763.0;12260.0;7865.0;17795.0;9616.0;27126.0;44481.0;18443.0;1643243;733573.0
2020-01-02;15127;89285;23821;20154;39372;32202;77990;521188;85246;116379;3623;609465;16411;15514.0;4123.0;8930.0;91923.0;9344.0;102909.0;361764.0;12198.0;8224.0;17559.0;9373.0;26668.0;44552.0;18404.0;1650263;731485.0
2020-01-03;15019;88068;23813;19798;39711;30177;78456;514152;84280;113176;3635;617132;16657;14750.0;4368.0;8485.0;93823.0;9622.0;106265.0;365883.0;12459.0;8536.0;18456.0;9168.0;26017.0;43456.0;18264.0;1644074;739552.0
2020-01-04;13627;86836;24012;18671;38368;28718;74051;496322;79460;111032;3181;595620;16903;14306.0;4358.0;8570.0;94448.0;9322.0;101793.0;359763.0;11978.0;8033.0;18355.0;8765.0;26317.0;42444.0;18466.0;1586801;726918.0
2020-01-05;12767;86160;23800;19056;37919;28197;73137;492143;80634;108816;3421;583199;16677;14141.0;4095.0;8593.0;95369.0;9400.0;106356.0;367685.0;12229.0;8790.0;18452.0;9060.0;26133.0;44314.0;18312.0;1565926;742929.0
2020-01-06;12191;87239;23634;19211;39840;27591;74086;496124;82723;107691;3472;589685;16746;14476.0;3886.0;8924.0;92875.0;9565.0;104708.0;363885.0;12850.0;7199.0;18114.0;9494.0;26708.0;44387.0;18553.0;1580233;735624.0
2020-01-07;13218;83843;24041;19225;40358;27081;75185;493423;80765;108011;3385;609849;16627;14930.0;4202.0;9373.0;90088.0;9528.0;100219.0;357848.0;12917.0;6889.0;18210.0;9852.0;27070.0;43998.0;18873.0;1595011;723997.0
2020-01-08;13352;81921;23978;18535;39045;26105;73925;484271;78982;107297;3513;641103;16030;14882.0;4061.0;9118.0;89759.0;9464.0;98181.0;354687.0;12662.0;7184.0;17241.0;9581.0;26306.0;46282.0;18005.0;1608057;717413.0
2020-01-09;13228;82649;23865;18041;38341;25889;72709;483009;79517;107949;3482;662353;15885;15545.0;4067.0;8901.0;90335.0;9787.0;96080.0;354928.0;12558.0;6878.0;17921.0;9893.0;27226.0;45453.0;18557.0;1626917;718129.0
2020-01-10;13265;84747;23615;17914;38791;24992;75260;486381;78022;109209;3434;684180;15879;14600.0;4172.0;8500.0;89471.0;9671.0;101717.0;354635.0;11694.0;7601.0;16315.0;9704.0;26547.0;44320.0;18354.0;1655689;717301.0
2020-01-11;12889;84704;22856;17484;38699;24030;73233;479857;76452;108528;3520;702717;16040;14233.0;4205.0;8613.0;92265.0;9513.0;103912.0;358379.0;12119.0;6873.0;15796.0;10023.0;27308.0;43660.0;18354.0;1661009;725253.0
2020-01-12;12408;83831;23495;16820;38288;22425;74403;479213;76898;109917;3270;725025;15967;13954.0;4076.0;8295.0;91432.0;9793.0;103747.0;358825.0;11659.0;7105.0;15854.0;9696.0;27959.0;45346.0;18062.0;1681960;725803.0
2021-01-01;13239;85855;22606;16225;40774;22649;76350;487039;78379;109799;3437;748052;16333;14457.0;4328.0;8419.0;90864.0;9633.0;104514.0;361450.0;12461.0;8112.0;16769.0;10020.0;27431.0;45048.0;18276.0;1720737;731782.0
2021-01-02;12341;85006;22697;16123;39376;21912;75580;482055;76169;111520;3307;742853;16401;13412.0;4101.0;7905.0;89346.0;9416.0;100915.0;350143.0;12131.0;7852.0;15383.0;9993.0;26795.0;43519.0;18423.0;1705340;709334.0
2021-01-03;12946;89757;22844;16264;39893;21260;77959;494365;79579;112443;3262;757335;16530;13811.0;3892.0;7691.0;87111.0;9462.0;100992.0;350774.0;12215.0;7710.0;14397.0;10571.0;27351.0;45369.0;19665.0;1744437;711011.0
2021-01-04;13003;90757;22589;16031;39989;20349;76564;490488;78460;111789;3159;766640;16033;14412.0;3988.0;7430.0;85824.0;9622.0;101905.0;348729.0;12049.0;7493.0;12824.0;9780.0;28311.0;44264.0;19496.0;1745851;706127.0
2021-01-05;13626;90532;22949;15951;39216;18649;76124;487791;77882;111655;3114;779374;16233;14025.0;4148.0;7444.0;84971.0;9722.0;107452.0;351534.0;11688.0;7054.0;12699.0;9582.0;28119.0;43264.0;19871.0;1753096;711573.0
2021-01-06;13603;91802;23060;16217;40123;18187;78396;493292;77482;113201;2942;792075;16455;13542.0;3413.0;7678.0;83736.0;9790.0;101342.0;344634.0;12302.0;8339.0;12391.0;9779.0;28842.0;42575.0;19481.0;1776835;697844.0
2021-01-07;13725;93898;22811;16568;39882;17849;80227;496732;77915;112434;2970;806948;16722;12845.0;3503.0;8341.0;82555.0;10330.0;101247.0;345203.0;12489.0;9073.0;12498.0;9463.0;28777.0;43037.0;19232.0;1798681;698593.0
2021-01-08;13539;94712;22696;16760;40127;16815;80893;495095;77305;111230;2870;813307;16351;12563.0;3581.0;7878.0;84463.0;10325.0;103500.0;348780.0;12394.0;9189.0;12145.0;9574.0;29584.0;41734.0;20097.0;1801700;705807.0
2021-01-09;13835;95956;22780;17453;40436;16501;81483;496612;77408;110204;2883;819594;15836;12350.0;3392.0;7130.0;82172.0;10279.0;103003.0;341723.0;12669.0;9208.0;11326.0;9404.0;28478.0;40396.0;20097.0;1810981;691627.0
2021-01-10;14955;97577;22961;16962;40695;16228;87133;502628;76359;108755;3112;828907;15994;13112.0;3415.0;8104.0;79898.0;10377.0;105101.0;344056.0;12675.0;9434.0;11316.0;9652.0;28489.0;41268.0;19738.0;1832266;696635.0
2021-01-11;14880;102323;23074;17456;41386;16512;93420;515402;77343;107863;3113;852881;16278;13398.0;3606.0;8086.0;82008.0;10963.0;103693.0;348439.0;12553.0;10727.0;11226.0;9863.0;28839.0;41956.0;20136.0;1881931;705493.0
2021-01-12;14484;104311;23067;18334;41133;16285;93364;515033;76439;105212;3066;881281;17151;13399.0;3466.0;8285.0;82551.0;10823.0;105933.0;348348.0;12597.0;9271.0;10911.0;9765.0;28381.0;41028.0;20560.0;1909160;705318.0
2022-01-01;15501;107758;23307;18633;41577;16329;97276;521907;75738;104439;2794;912687;16220;13551.0;3484.0;8573.0;83677.0;10954.0;106506.0;352075.0;12971.0;8958.0;11195.0;9792.0;29062.0;42308.0;19779.0;1954166;712885.0
2022-01-02;15965;109959;23324;18683;42187;16799;97563;525726;75986;103883;3011;931898;16094;14025.0;3618.0;8266.0;83694.0;10997.0;108547.0;356365.0;13368.0;9071.0;11502.0;9739.0;29741.0;41994.0;20558.0;1981078;721485.0
2022-01-03;15763;110906;23693;18402;42599;17629;101623;531524;76811;102642;2983;949368;16283;13863.0;3922.0;9478.0;83398.0;11072.0;108455.0;359046.0;13517.0;9315.0;11735.0;9700.0;30572.0;41915.0;20769.0;2010226;726757.0
2022-01-04;16423;114347;24158;19134;43922;18221;107091;545022;79402;100584;3007;965838;16576;13733.0;3800.0;9136.0;83301.0;11105.0;113096.0;362465.0;13066.0;9224.0;11391.0;9428.0;31160.0;40993.0;21163.0;2053725;733061.0
2022-01-05;16463;114304;24133;18797;43130;18515;109595;544106;77276;100029;3074;969636;16705;13192.0;3986.0;9064.0;82893.0;11280.0;109117.0;357747.0;13354.0;9034.0;11495.0;9408.0;30780.0;40645.0;21680.0;2055763;723675.0
2022-01-06;16201;116897;24005;18785;43247;18725;108167;546267;77284;100793;3082;955943;16785;13768.0;4295.0;9065.0;84132.0;11389.0;106751.0;361518.0;12805.0;9295.0;11621.0;9457.0;31390.0;41400.0;24176.0;2046181;731062.0
2022-01-07;16181;120991;24481;18950;43076;18786;117242;559199;77016;99673;3126;929672;17078;13801.0;4425.0;9444.0;82711.0;11437.0;114282.0;370475.0;13043.0;9805.0;12032.0;9916.0;32935.0;41142.0;24045.0;2045471;749493.0
2022-01-08;15810;119737;24453;18353;43436;20042;119292;561457;78981;98265;3037;907606;17270;14092.0;4380.0;9587.0;80616.0;11469.0;115561.0;368678.0;12498.0;9205.0;11366.0;9544.0;33241.0;41302.0;24229.0;2027739;745768.0
2022-01-09;15327;120032;24449;18422;42939;20790;122160;563872;78908;96694;2993;891657;18522;13893.0;4384.0;9072.0;81072.0;11140.0;118820.0;372065.0;12818.0;9899.0;11103.0;9336.0;32693.0;41775.0;24117.0;2016765;752187.0
2022-01-10;15641;121728;24563;19271;44044;21612;120245;567845;79818;97110;2612;877990;18525;14755.0;4453.0;9889.0;83358.0;11897.0;117049.0;375535.0;13174.0;10622.0;11181.0;9107.0;32656.0;41475.0;24015.0;2011004;759166.0
2022-01-11;16255;122141;24825;20446;44692;21674;131312;585319;81627;97911;2735;865170;18928;15191.0;4491.0;11342.0;85000.0;12032.0;117877.0;382059.0;13839.0;11519.0;11352.0;9659.0;33764.0;41030.0;23659.0;2033035;772814.0
2022-01-12;16225;126812;24462;20404;45713;22261;132746;594609;82842;98464;2908;853718;18883;14865.0;4521.0;9714.0;86332.0;11889.0;120050.0;383185.0;13480.0;11538.0;10922.0;9385.0;34079.0;41486.0;23303.0;2040047;774749.0
2023-01-01;15100;122346;24398;20390;47016;22241;164186;627226;82130;104376;3174;856046;18888;14517.0;4579.0;11066.0;85379.0;12544.0;122859.0;389195.0;13467.0;11493.0;10977.0;9733.0;34557.0;43629.0;23117.0;2107517;787112.0
2023-01-02;14935;123038;24379;20793;47973;22356;168545;636032;82547;106069;3225;847507;19006;14654.0;4547.0;10757.0;87122.0;12390.0;124325.0;396318.0;13538.0;12053.0;11425.0;9705.0;37040.0;43246.0;24112.0;2116405;801232.0
2023-01-03;14964;122705;24222;21614;49247;22368;176948;644654;81540;105520;3243;846865;18902;14800.0;4769.0;12352.0;87990.0;12502.0;124295.0;399800.0;13232.0;12283.0;11698.0;10082.0;37284.0;43085.0;24294.0;2132792;808466.0
2023-01-04;15230;123891;24211;22150;49396;22615;194403;665887;82368;106094;3021;824707;19029;16028.0;4918.0;12000.0;88535.0;12732.0;128495.0;407238.0;14114.0;12091.0;11693.0;10005.0;37320.0;43812.0;24381.0;2153002;823362.0
2023-01-05;15290;123116;24159;22454;49234;22904;199731;670081;82821;105200;2998;853896;19211;16704.0;4645.0;11537.0;89951.0;12619.0;128856.0;412625.0;14017.0;12802.0;12858.0;10131.0;38431.0;43776.0;25337.0;2191095;834289.0
2023-01-06;15808;125197;24135;22383;48931;23202;192447;665615;83961;103678;3216;860888;19431;17169.0;4571.0;11551.0;90607.0;12917.0;129270.0;419957.0;14386.0;13595.0;13167.0;9767.0;40382.0;44583.0;26525.0;2188892;848447.0
2023-01-07;16073;130251;24461;22840;49752;23757;196698;678747;84277;104382;3329;855438;19509;17107.0;4363.0;10874.0;92041.0;12529.0;130916.0;424511.0;14938.0;16524.0;13114.0;10310.0;40238.0;43994.0;26459.0;2209514;857918.0
2023-01-08;16086;131080;24657;23789;50433;24257;203865;693114;85327;106350;3514;875051;19691;17126.0;4238.0;11648.0;92847.0;12618.0;132845.0;431253.0;15415.0;16220.0;13441.0;10724.0;41473.0;45118.0;26869.0;2257214;871835.0
2023-01-09;16310;131362;24738;23887;51135;24032;202834;695701;85460;108400;3522;869635;19588;17166.0;4656.0;11962.0;97336.0;12743.0;134554.0;441423.0;15607.0;18161.0;13267.0;10752.0;41889.0;45191.0;27653.0;2256604;892360.0
2023-01-10;16519;129857;24921;23791;52132;23529;206692;701176;85398;110400;4002;889911;19690;17931.0;4862.0;12211.0;100470.0;13102.0;140963.0;456848.0;15932.0;19114.0;14533.0;10969.0;42496.0;45166.0;28754.0;2288018;923351.0
2023-01-11;16716;131455;24858;25124;54338;23488;218173;722401;85923;113693;3901;886493;19767;18058.0;4666.0;11817.0;102224.0;13027.0;145893.0;463083.0;16013.0;19418.0;14632.0;10946.0;42344.0;44671.0;28853.0;2326330;935645.0
2023-01-12;16879;131010;24859;25326;54164;23451;218876;724130;85593;115524;4052;893440;19685;18124.0;4818.0;11775.0;103421.0;13565.0;152778.0;472169.0;16335.0;19676.0;15460.0;11303.0;41277.0;44893.0;28607.0;2336989;954201.0
2024-01-01;16836;126678;25033;25452;54658;22652;222549;720886;85407;113342;4154;885153;19671;18549.0;4657.0;11701.0;102711.0;13871.0;148712.0;469720.0;15771.0;19959.0;16588.0;11749.0;40857.0;46308.0;28348.0;2322471;949501.0
2024-01-02;17043;126939;24936;25957;54914;23001;226259;729040;85932;115071;4159;893537;19768;19190.0;4634.0;11112.0;103148.0;13375.0;147118.0;471231.0;15913.0;21492.0;17325.0;11734.0;40990.0;46351.0;28738.0;2346556;952351.0
2024-01-03;17107;125352;25012;25999;54451;22199;225534;723796;85724;113845;4089;889546;19881;19246.0;4732.0;11185.0;103621.0;13671.0;150369.0;476278.0;15636.0;21695.0;17647.0;11892.0;40841.0;46206.0;29318.0;2332535;962337.0
2024-01-04;16943;123921;24850;25204;52895;21833;227614;721470;86031;113972;3946;890438;19985;19192.0;4726.0;11300.0;103452.0;13609.0;149578.0;475277.0;15611.0;21678.0;17636.0;11854.0;40577.0;46427.0;29458.0;2329102;960375.0
