date;Industrial Production: Total Index;Industrial Production: Manufacturing;Industrial Production: Mining: Mining;Industrial Production: Utilities: Electric and Gas Utilities;Capacity Utilization: Total Index;Capacity Utilization: Manufacturing;Capacity Utilization: Mining;Capacity Utilization: Utilities: Electric and Gas Utilities
1970-01-01;37,9372;35,9821;87,015;40,2359;83,6586;82,1354;89,0988;96,7958
1970-02-01;37,9122;36,0101;86,0864;40,2248;83,3422;81,9399;88,2094;96,2103
1970-03-01;37,863;35,9073;86,2086;40,7579;82,9743;81,4483;88,3975;96,9282
1970-04-01;37,7656;35,7794;85,9262;40,9943;82,5037;80,9032;88,1702;96,9362
1970-05-01;37,7216;35,6959;85,7098;41,7576;82,152;80,4614;88,0108;98,1832
1970-06-01;37,5996;35,5883;85,4919;40,9232;81,6333;79,9684;87,8491;95,681
1970-07-01;37,6919;35,6988;84,6634;41,5406;81,5815;79,9668;87,0597;96,5829
1970-08-01;37,6247;35,4561;87,0913;42,0899;81,1858;79,1766;89,6202;97,3179
1970-09-01;37,3654;35,1576;87,9967;42,3361;80,3792;78,2671;90,616;97,3469
1970-10-01;36,6179;34,3719;89,5508;41,7047;78,5307;76,2818;92,2822;95,3701
1970-11-01;36,3961;34,1619;89,5949;41,8844;77,8174;75,5823;92,3931;95,2591
1970-12-01;37,232;35,0619;89,0515;41,8382;79,3628;77,3356;91,8983;94,639
1971-01-01;37,5184;35,3588;87,6677;42,8803;79,7501;77,7712;90,5492;96,492
1971-02-01;37,4469;35,3756;86,1441;42,6211;79,3958;77,6099;89,0661;95,4281
1971-03-01;37,4063;35,302;86,4583;42,9828;79,1084;77,2511;89,4832;95,7599
1971-04-01;37,6164;35,4873;86,6864;43,1251;79,3512;77,4594;89,8115;95,6019
1971-05-01;37,8073;35,7264;86,5022;43,4978;79,5523;77,7834;89,7132;95,9549
1971-06-01;37,9658;35,8162;86,2501;43,8438;79,6846;77,7819;89,5439;96,2453
1971-07-01;37,8556;35,877;83,4504;43,6392;79,2535;77,7174;86,7269;95,3306
1971-08-01;37,6359;35,4522;85,2376;43,274;78,5958;76,6039;88,6761;94,0763
1971-09-01;38,2476;36,1697;84,6829;43,5256;79,6734;77,9582;88,1899;94,168
1971-10-01;38,5339;36,7073;77,6056;44,1528;80,0694;78,9186;80,9033;95,0686
1971-11-01;38,6974;36,8429;80,7181;43,5253;80,209;79,0123;84,2351;93,2711
1971-12-01;39,1441;37,185;86,0823;43,2767;80,9333;79,5471;89,9263;92,3
1972-01-01;40,0823;38,1375;86,3942;44,0744;82,6639;81,3656;90,3641;93,5475
1972-02-01;40,485;38,4493;85,478;46,1392;83,2993;81,8211;89,4764;97,5673
1972-03-01;40,7718;38,7231;86,101;46,3459;83,6895;82,1917;90,1942;97,6156
1972-04-01;41,1759;39,1446;86,9881;46,2194;84,3131;82,871;91,1835;96,9322
1972-05-01;41,1792;39,2127;86,2604;45,6428;84,1119;82,7992;90,477;95,3018
1972-06-01;41,2864;39,3491;86,3321;45,3377;84,1181;82,8685;90,6048;94,2299
1972-07-01;41,2475;39,3443;86,1629;44,8841;83,822;82,6385;90,475;92,838
1972-08-01;41,8173;39,8687;87,1515;45,8272;84,7529;83,5135;91,5556;94,2974
1972-09-01;42,1375;40,1778;87,2685;46,3756;85,165;83,9277;91,7149;94,8913
1972-10-01;42,6806;40,7542;86,896;46,893;86,0135;84,8893;91,3534;95,3691
1972-11-01;43,1838;41,2597;86,8439;47,6299;86,7659;85,6901;91,3228;96,237
1972-12-01;43,669;41,8029;86,7212;47,6601;87,4686;86,5574;91,2125;95,6332
1973-01-01;43,9874;42,1292;86,7827;48,038;87,8281;86,9687;91,2914;95,6903
1973-02-01;44,6275;42,8067;86,9014;48,4196;88,8164;88,0924;91,4262;95,7118
1973-03-01;44,6439;42,8806;86,0194;48,0954;88,5532;87,9644;90,5055;94,3141
1973-04-01;44,5779;42,8074;85,7202;48,2454;88,1243;87,5316;90,1968;93,8379
1973-05-01;44,8726;43,0798;86,1611;48,7719;88,403;87,7994;90,6678;94,0771
1973-06-01;44,9269;43,0839;86,4715;49,3808;88,2029;87,5138;91,0045;94,4598
1973-07-01;45,0921;43,2618;87,8715;48,8154;88,2221;87,5798;92,4936;92,6152
1973-08-01;45,0305;43,1551;87,9991;49,261;87,8012;87,0691;92,6532;92,7189
1973-09-01;45,3912;43,4877;87,1927;50,5669;88,2072;87,4439;91,8402;94,4512
1973-10-01;45,7542;43,906;87,4728;50,2507;88,6195;87,9875;92,1831;93,1804
1973-11-01;45,9606;44,21;87,1184;49,4743;88,7326;88,3001;91,8689;91,1155
1973-12-01;45,8321;44,2309;88,244;46,69;88,2092;88,0511;93,1268;85,4439
1974-01-01;45,5297;43,8868;88,0079;46,8631;87,3603;87,0792;92,9582;85,2619
1974-02-01;45,3982;43,7219;88,0203;47,0655;86,8532;86,4746;93,0608;85,1765
1974-03-01;45,3907;43,6702;87,2622;48,073;86,5946;86,1027;92,3553;86,5829
1974-04-01;45,253;43,4782;87,0829;48,643;86,102;85,4666;92,2661;87,2331
1974-05-01;45,6185;43,8154;87,7219;49,2552;86,5764;85,8794;93,0469;87,9867
1974-06-01;45,5354;43,8273;86,3118;48,7837;86,2087;85,6627;91,6534;86,8336
1974-07-01;45,6196;43,8143;86,8329;49,8507;86,1702;85,4112;92,3062;88,4436
1974-08-01;45,1411;43,4253;84,4048;49,4212;85,0813;84,4415;89,816;87,4131
1974-09-01;45,1475;43,4314;85,4367;48,7672;84,9171;84,2537;90,9979;86,003
1974-10-01;45,0063;43,1345;86,1895;50,0124;84,4837;83,4901;91,8744;87,9443
1974-11-01;43,5222;41,8436;79,883;48,9607;81,5472;80,8249;85,211;85,8466
1974-12-01;41,9572;39,9436;81,9814;48,9913;78,4766;77,006;87,499;85,6504
1975-01-01;41,3766;39,1263;86,4251;48,0445;77,2606;75,2937;92,2827;83,7461
1975-02-01;40,4317;38,0455;85,3132;48,7617;75,3723;73,087;91,1233;84,7359
1975-03-01;39,9919;37,539;83,6221;49,904;74,4335;71,9949;89,3333;86,4458
1975-04-01;40,066;37,5342;83,3687;51,2059;74,4561;71,8725;89,0692;88,4108
1975-05-01;39,9521;37,4875;83,1226;50,3171;74,1297;71,672;88,8046;86,5828
1975-06-01;40,2049;37,8015;84,4784;49,1385;74,4823;72,1605;90,2443;84,2605
1975-07-01;40,6187;38,3308;82,3335;49,8472;75,13;73,0571;87,9391;85,1739
1975-08-01;41,0204;38,7193;83,0209;50,3107;75,7493;73,6786;88,6558;85,659
1975-09-01;41,5526;39,3661;82,6729;50,0825;76,6023;74,784;88,2641;84,9645
1975-10-01;41,7303;39,5689;82,8977;49,9504;76,7949;75,0374;88,482;84,4362
1975-11-01;41,7882;39,6277;83,9201;49,3736;76,7613;75,011;89,5484;83,1632
1975-12-01;42,3527;40,195;84,133;50,2483;77,6515;75,939;89,748;84,3385
1976-01-01;42,9179;40,6684;85,6914;51,4279;78,5352;76,6805;91,3791;86,0196
1976-02-01;43,3469;41,2649;85,2811;50,3794;79,1583;77,6406;90,907;83,9802
1976-03-01;43,4396;41,3971;84,2632;50,7329;79,1609;77,7181;89,7829;84,2898
1976-04-01;43,6562;41,6334;83,9324;51,1106;79,3847;77,9847;89,3848;84,6456
1976-05-01;43,842;41,848;84,1179;50,967;79,5472;78,2036;89,5274;84,1464
1976-06-01;43,8892;41,8932;83,6188;51,4188;79,4537;78,0998;88,9303;84,6384
1976-07-01;44,1328;42,1981;82,849;51,6203;79,7129;78,4758;88,0342;84,7274
1976-08-01;44,4373;42,472;83,9726;51,8166;80,0788;78,7891;89,136;84,8179
1976-09-01;44,5848;42,5943;84,2291;52,2433;80,1586;78,8176;89,3012;85,2943
1976-10-01;44,5707;42,5453;84,0572;52,7837;79,9457;78,5268;88,9963;85,9629
1976-11-01;45,2543;43,11;84,6731;55,202;80,9791;79,3636;89,508;89,6884
1976-12-01;45,7422;43,576;85,7738;55,6427;81,6559;80,0129;90,5131;90,2004
1977-01-01;45,4293;43,4013;83,1426;55,1956;80,9038;79,486;87,5665;89,283
1977-02-01;46,1459;44,2022;86,0506;53,3811;81,9747;80,7349;90,4341;86,169
1977-03-01;46,7314;44,8533;87,5797;52,5708;82,8042;81,7011;91,8227;84,6917
1977-04-01;47,188;45,345;87,3244;53,2529;83,3995;82,3714;91,3191;85,626
1977-05-01;47,552;45,7034;87,2962;54,1003;83,8236;82,7928;91,0358;86,8259
1977-06-01;47,9155;46,1098;86,647;54,8187;84,239;83,2947;90,0907;87,8168
1977-07-01;47,9773;46,1059;87,0443;55,4779;84,12;83,0529;90,2241;88,7119
1977-08-01;48,0266;46,3592;85,0379;54,5694;83,9765;83,2723;87,8651;87,1016
1977-09-01;48,2179;46,3828;87,9693;54,7737;84,0778;83,0767;90,6027;87,2689
1977-10-01;48,295;46,4781;87,876;54,7819;83,9767;83,0073;90,2169;87,1219
1977-11-01;48,3823;46,5942;88,5543;54,0574;83,8911;82,9728;90,6261;85,81
1977-12-01;48,4679;47,1057;81,0635;54,8638;83,8023;83,6394;82,7068;86,9276
1978-01-01;47,7604;46,3903;79,232;54,944;82,3473;82,13;80,6038;86,8912
1978-02-01;48,0271;46,585;79,9767;55,8239;82,5737;82,2327;81,1421;88,1153
1978-03-01;48,9459;47,4109;84,0004;55,7017;83,9168;83,4436;85,0162;87,7548
1978-04-01;49,9198;48,1315;92,2118;54,3139;85,3482;84,4617;93,1258;85,4057
1978-05-01;50,1602;48,3596;91,7622;55,3583;85,5208;84,609;92,4951;86,8827
1978-06-01;50,4826;48,7053;91,5596;55,931;85,8308;84,9571;92,1361;87,6154
1978-07-01;50,4464;48,6605;92,4632;55,2305;85,5323;84,6223;92,9103;86,3571
1978-08-01;50,6531;48,9056;91,5076;55,9967;85,6465;84,7903;91,8326;87,3957
1978-09-01;50,7724;49,1153;89,9404;56,449;85,6125;84,8932;90,1565;87,9444
1978-10-01;51,1649;49,4619;92,11;56,0567;86,0371;85,2284;92,2351;87,18
1978-11-01;51,5582;49,9207;91,9481;56,254;86,4614;85,7531;91,9847;87,3358
1978-12-01;51,8153;50,2777;91,268;56,1696;86,6562;86,0992;91,2228;87,0573
1979-01-01;51,5359;49,9283;90,2685;57,3184;85,9566;85,2375;90,147;88,6898
1979-02-01;51,7994;50,0975;90,28;59,117;86,1651;85,2646;90,0811;91,3212
1979-03-01;51,9544;50,3402;90,5506;58,1138;86,1935;85,4168;90,2719;89,6232
1979-04-01;51,334;49,486;91,729;58,5805;84,9421;83,7158;91,3642;90,1941
1979-05-01;51,7922;50,1838;91,2001;57,0729;85,4801;84,6453;90,7513;87,7259
1979-06-01;51,7961;50,2422;91,3203;56,2648;85,2706;84,498;90,7795;86,3354
1979-07-01;51,7124;50,2902;90,4305;55,2115;84,9248;84,3417;89,7998;84,5705
1979-08-01;51,3766;49,6698;92,4672;56,0765;84,1753;83,0772;91,7202;85,7394
1979-09-01;51,3741;49,7219;92,1632;55,6595;83,9806;82,9489;91,3116;84,9409
1979-10-01;51,7268;49,9763;93,45;56,4802;84,3728;83,1656;92,4732;86,0233
1979-11-01;51,6422;49,8192;93,7515;56,8627;84,0579;82,7055;92,653;86,428
1979-12-01;51,6763;49,9522;93,6314;55,8256;83,9436;82,7348;92,412;84,6709
1980-01-01;51,9545;50,2107;95,4169;54,9504;84,2311;82,9772;94,0458;83,1596
1980-02-01;51,9779;50,1613;94,3365;56,9801;84,1083;82,7141;92,849;86,0345
1980-03-01;51,7565;49,732;95,1637;58,088;83,5935;81,8295;93,5259;87,501
1980-04-01;50,7369;48,7288;94,0642;56,4219;81,7958;80,0073;92,3055;84,787
1980-05-01;49,49;47,2921;94,0292;55,5371;79,638;77,4802;92,1251;83,2525
1980-06-01;48,8505;46,5443;93,6773;55,5452;78,4608;76,0856;91,6268;83,0567
1980-07-01;48,4997;46,0807;92,0676;57,6669;77,7482;75,1559;89,894;86,0128
1980-08-01;48,6554;46,3998;90,3891;57,9643;77,8447;75,4978;88,0905;86,2393
1980-09-01;49,4677;47,1786;92,0736;58,7083;78,9834;76,5776;89,5514;87,1282
1980-10-01;50,0947;48,0203;91,7968;58,2309;79,8159;77,7467;89,0874;86,2055
1980-11-01;50,9311;48,8709;93,4999;58,4645;80,9704;78,9169;90,5252;86,3391
1980-12-01;51,2644;49,0695;95,4613;58,7288;81,3163;79,0257;92,1895;86,5206
1981-01-01;50,9453;48,8634;94,3111;57,8917;80,6229;78,479;90,8325;85,0862
1981-02-01;50,7332;48,6115;95,4443;56,4213;80,0944;77,8583;91,6552;82,7335
1981-03-01;50,9922;48,7674;96,3081;57,3485;80,3057;77,8895;92,1988;83,9037
1981-04-01;50,778;49,0377;91,2363;57,3893;79,7704;78,1017;87,0641;83,7803
1981-05-01;51,0667;49,2729;91,7787;58,2102;80,0226;78,2566;87,2905;84,7984
1981-06-01;51,3355;49,0509;95,7324;59,6578;80,2399;77,6875;90,7388;86,7279
1981-07-01;51,6646;49,1412;98,7749;59,5066;80,5506;77,6182;93,2999;86,3367
1981-08-01;51,6049;49,1362;99,1055;58,2921;80,2571;77,4033;93,2936;84,4128
1981-09-01;51,3527;48,9586;98,4975;57,4647;79,6687;76,9229;92,4132;83,0607
1981-10-01;50,9581;48,4641;97,856;58,1774;78,866;75,953;91,5175;83,9401
1981-11-01;50,3634;47,8509;96,9918;57,664;77,7627;74,8075;90,4332;83,055
1981-12-01;49,8181;47,0567;96,9316;58,7887;76,7466;73,3917;90,1202;84,5334
1982-01-01;48,7979;45,8904;95,7922;58,7019;75,0122;71,4102;88,8281;84,2729
1982-02-01;49,7942;47,1997;96,8148;57,0803;76,3833;73,2857;89,5632;81,8171
1982-03-01;49,459;46,8597;96,0147;57,0889;75,7186;72,6053;88,6366;81,7063
1982-04-01;49,0072;46,5022;94,0154;57,1523;74,8888;71,9096;86,6356;81,6793
1982-05-01;48,6784;46,4053;92,4932;55,6016;74,2587;71,6268;85,1055;79,3529
1982-06-01;48,5529;46,3714;91,2146;55,7917;73,9501;71,4502;83,8293;79,5175
1982-07-01;48,3859;46,3096;89,8917;55,7783;73,5908;71,2415;82,5421;79,397
1982-08-01;47,9495;45,8956;89,2119;55,0817;72,8353;70,5035;81,8722;78,3096
1982-09-01;47,8258;45,8183;88,3389;55,2589;72,5682;70,2953;81,0485;78,4689
1982-10-01;47,3656;45,244;88,0325;55,4189;71,8027;69,3371;80,7661;78,6057
1982-11-01;47,2148;45,001;87,7927;56,1548;71,5184;68,8988;80,5651;79,5597
1982-12-01;46,8797;44,8694;86,7285;54,4385;70,9657;68,642;79,6246;77,042
1983-01-01;47,7491;45,9065;87,5777;54,32;72,2448;70,1813;80,4557;76,7888
1983-02-01;47,4548;45,8713;85,8495;52,9218;71,77;70,0877;78,9304;74,7269
1983-03-01;47,8516;46,2998;84,7589;54,8527;72,3463;70,7092;77,9985;77,3625
1983-04-01;48,4511;46,8625;85,6387;55,8919;73,2328;71,5399;78,8855;78,7319
1983-05-01;48,7542;47,411;85,2444;54,8568;73,6723;72,3507;78,6016;77,1733
1983-06-01;49,0496;47,7844;85,4781;54,6942;74,0991;72,8939;78,8959;76,8365
1983-07-01;49,7773;48,4581;85,9986;56,577;75,1751;73,8925;79,4507;79,3609
1983-08-01;50,3727;48,8853;86,7765;58,8727;76,044;74,5089;80,2376;82,4443
1983-09-01;51,098;49,7743;87,3477;58,7273;77,0993;75,8192;80,8298;82,0927
1983-10-01;51,4993;50,2992;88,2219;57,7992;77,6543;76,5625;81,6993;80,638
1983-11-01;51,727;50,5525;88,2239;58,1516;77,9349;76,8789;81,759;80,96
1983-12-01;51,9886;50,6924;87,2312;60,8646;78,2537;77,0087;80,8953;84,5491
1984-01-01;53,0175;51,5982;91,3313;60,6461;79,7126;78,2857;84,7573;84,0484
1984-02-01;53,2651;52,168;90,3317;59,3598;79,9814;79,0341;83,8932;82,0643
1984-03-01;53,5145;52,3936;89,6713;60,8169;80,2384;79,2432;83,3486;83,8654
1984-04-01;53,8319;52,6496;91,4306;60,4988;80,5838;79,4813;85,0619;83,2098
1984-05-01;54,1204;52,8105;92,7964;61,0638;80,8718;79,5585;86,4238;83,765
1984-06-01;54,3133;53,0539;93,1713;60,7418;81,0034;79,7419;86,8797;83,1017
1984-07-01;54,4644;53,2688;94,7417;59,099;81,0623;79,8674;88,4703;80,6415
1984-08-01;54,53;53,3829;93,7507;59,7258;80,9851;79,8284;87,6869;81,2866
1984-09-01;54,3775;53,193;94,3604;59,1035;80,5773;79,3249;88,4063;80,2375
1984-10-01;54,3528;53,484;91,2736;59,0717;80,3528;79,5296;85,6586;79,9989
1984-11-01;54,5344;53,6211;91,3434;59,832;80,4271;79,4969;85,8605;80,8378
1984-12-01;54,5608;53,7558;91,4668;58,8258;80,2683;79,4565;86,0974;79,2992
1985-01-01;54,5342;53,6592;89,3241;61,301;80,0283;79,0718;84,1773;82,458
1985-02-01;54,7019;53,4562;91,0004;63,4318;80,0705;78,5321;85,8224;85,148
1985-03-01;54,7739;53,8586;91,2355;60,513;79,972;78,8845;86,0735;81,0699
1985-04-01;54,6662;53,6786;90,9888;61,1038;79,6139;78,3908;85,8274;81,7085
1985-05-01;54,7472;53,7809;91,1659;60,9673;79,5339;78,3193;85,9291;81,3794
1985-06-01;54,7211;53,8009;91,2694;60,425;79,3029;78,1397;85,9029;80,5153
1985-07-01;54,4381;53,5769;89,6992;60,6389;78,7087;77,6237;84,2403;80,6652
1985-08-01;54,619;53,8434;89,538;60,505;78,7942;77,8367;83,8423;80,3561
1985-09-01;54,82;53,8658;90,5775;61,6756;78,918;77,7145;84,5265;81,7792
1985-10-01;54,6304;53,7519;89,9764;61,1207;78,4912;77,4143;83,6502;80,9146
1985-11-01;54,8176;54,1062;88,8758;61,0196;78,6182;77,8059;82,3025;80,6528
1985-12-01;55,3596;54,2851;90,7062;63,9209;79,2651;77,9611;83,6668;84,3548
1986-01-01;55,6511;54,9292;90,4312;61,8978;79,5636;78,7983;83,0917;81,5572
1986-02-01;55,27;54,6218;89,1978;61,3652;78,9134;78,2813;81,6838;80,7282
1986-03-01;54,8828;54,4358;86,8082;60,5068;78,2664;77,9481;79,2646;79,4733
1986-04-01;54,9456;54,69;83,9264;60,8619;78,2696;78,2516;76,4472;79,8151
1986-05-01;55,0535;54,7736;83,4322;61,5728;78,3421;78,31;75,8714;80,6218
1986-06-01;54,837;54,539;82,3002;61,9346;77,9558;77,9084;74,7876;80,9698
1986-07-01;55,1716;54,8342;81,9552;63,0527;78,3535;78,2543;74,501;82,3061
1986-08-01;55,0792;54,97;81,2029;61,5011;78,1419;78,3576;73,9273;80,1609
1986-09-01;55,2317;55,1251;80,5702;62,094;78,2726;78,4715;73,5331;80,8158
1986-10-01;55,4645;55,3279;81,0949;62,4938;78,5086;78,6341;74,2571;81,2207
1986-11-01;55,6854;55,5309;82,076;62,5284;78,7174;78,7774;75,4547;81,1537
1986-12-01;56,212;56,0671;82,131;63,4052;79,3476;79,3746;75,8432;82,1823
1987-01-01;56,0012;55,8701;82,8327;62,4938;78,9277;78,9182;76,8629;80,8972
1987-02-01;56,7438;56,7044;82,8927;63,0964;79,8385;79,9013;77,294;81,5755
1987-03-01;56,8235;56,7438;82,5499;63,7684;79,8055;79,7496;77,3511;82,3442
1987-04-01;57,1954;57,0858;83,1498;64,3867;80,1758;80,0149;78,2893;83,0448
1987-05-01;57,5498;57,4784;82,9306;64,8546;80,5155;80,3463;78,4336;83,5508
1987-06-01;57,8603;57,7217;83,7073;65,5881;80,7902;80,4692;79,4839;84,3968
1987-07-01;58,2501;58,1636;84,0018;65,7052;81,1772;80,8772;80,0265;84,4485
1987-08-01;58,6889;58,4796;85,844;66,5761;81,6378;81,1234;81,9939;85,4656
1987-09-01;58,9137;58,8877;86,1932;65,1661;81,8095;81,514;82,4936;83,5512
1987-10-01;59,7083;59,7357;86,9284;65,8094;82,7829;82,5309;83,3267;84,2648
1987-11-01;60,0022;60,0585;87,4277;65,8383;83,0749;82,8422;83,9063;84,1838
1987-12-01;60,3336;60,4501;87,6095;65,8409;83,4335;83,2696;84,1603;84,0617
1988-01-01;60,3186;60,3095;86,3645;67,642;83,3283;82,9869;83,0195;86,2246
1988-02-01;60,6209;60,5027;86,6599;69,0469;83,6774;83,1847;83,3618;87,8656
1988-03-01;60,7591;60,6596;87,3312;68,7859;83,8133;83,3503;84,0685;87,3744
1988-04-01;61,1144;61,1977;86,9475;68,034;84,2599;84,0543;83,7647;86,2536
1988-05-01;60,9952;61,0371;87,67;67,8066;84,0591;83,8069;84,5426;85,7907
1988-06-01;61,1697;61,1592;87,4914;68,7106;84,2661;83,9505;84,4749;86,748
1988-07-01;61,1749;61,1089;87,2139;69,3741;84,2395;83,8557;84,3381;87,3896
1988-08-01;61,4851;61,2054;87,3948;71,7927;84,6276;83,9544;84,6709;90,2258
1988-09-01;61,2844;61,3934;86,2926;68,4992;84,304;84,1663;83,7812;85,8797
1988-10-01;61,5595;61,6651;86,4512;68,9672;84,623;84,4775;84,1288;86,2522
1988-11-01;61,7128;61,8894;86,4555;68,6157;84,7603;84,7056;84,3359;85,5948
1988-12-01;61,9983;62,1929;86,4036;69,0255;85,0642;85,0237;84,4921;85,884
1989-01-01;62,1789;62,6793;86,1913;66,7151;85,208;85,5717;84,4917;82,7924
1989-02-01;61,9074;62,0775;84,6121;70,0663;84,7168;84,6159;83,1384;86,7222
1989-03-01;62,0592;62,0159;85,2706;71,9268;84,7889;84,3794;83,9717;88,7891
1989-04-01;62,0424;62,1043;86,9972;69,9656;84,6158;84,3298;85,8524;86,1388
1989-05-01;61,6948;61,6284;87,2832;70,299;83,9786;83,4995;86,2999;86,3189
1989-06-01;61,6915;61,7136;86,1498;70,1298;83,7983;83,4168;85,324;85,8819
1989-07-01;61,0978;60,982;85,6869;70,4976;82,8088;82,223;84,9872;86,1049
1989-08-01;61,6949;61,5541;86,5184;71,4063;83,4265;82,7805;85,9146;86,9872
1989-09-01;61,4839;61,4015;86,5007;70,4654;82,9458;82,3573;85,9805;85,6226
1989-10-01;61,4105;61,2571;85,8173;71,3786;82,6489;81,9434;85,3692;86,5179
1989-11-01;61,6172;61,3927;86,4648;72,0509;82,7278;81,9033;86,0698;87,1253
1989-12-01;61,9635;61,4102;84,0685;77,2369;82,9946;81,7071;83,7296;93,1859
1990-01-01;61,644;61,3843;88,0757;71,4079;82,3733;81,4572;87,7602;85,9707
1990-02-01;62,2108;62,2216;87,3213;70,5114;82,9404;82,355;87,0439;84,7256
1990-03-01;62,5068;62,5248;86,6118;71,4928;83,1505;82,5485;86,3677;85,7512
1990-04-01;62,3597;62,2699;86,9565;71,9802;82,7796;82,0143;86,7392;86,1968
1990-05-01;62,5474;62,4634;86,8539;72,3786;82,8617;82,0801;86,6611;86,551
1990-06-01;62,7541;62,6543;86,6043;73,1175;82,9777;82,1517;86,4336;87,3281
1990-07-01;62,6497;62,5136;87,1683;72,8753;82,6936;81,8009;87,0133;86,9526
1990-08-01;62,8761;62,741;86,8017;73,5786;82,8569;81,9438;86,6573;87,7228
1990-09-01;62,896;62,6393;87,2883;74,4486;82,7583;81,6691;87,1488;88,7037
1990-10-01;62,506;62,2258;88,1525;73,3181;82,1312;81,0007;88,0132;87,3112
1990-11-01;61,7271;61,4822;87,5472;71,7946;81,0047;79,9166;87,4084;85,4585
1990-12-01;61,2939;60,9998;86,1438;72,281;80,3427;79,1848;86,0058;86,0024
1991-01-01;61,0931;60,6226;86,1373;73,5403;79,9936;78,6003;85,998;87,4665
1991-02-01;60,6522;60,1949;87,513;71,6667;79,3375;77,9592;87,3778;85,1983
1991-03-01;60,3069;59,7339;86,5919;72,6395;78,8116;77,282;86,4695;86,3086
1991-04-01;60,4658;59,9935;85,7199;72,5629;78,9476;77,5412;85,616;86,1649
1991-05-01;61,0671;60,4037;85,4561;75,7286;79,6602;77,9946;85,381;89,8564
1991-06-01;61,5611;60,9627;85,6272;76,0057;80,229;78,6368;85,5955;90,1013
1991-07-01;61,723;61,2793;84,7455;75,4154;80,3605;78,9618;84,7734;89,3008
1991-08-01;61,736;61,3614;84,6128;74,8761;80,2919;78,9774;84,7174;88,5444
1991-09-01;62,2464;61,986;84,7155;74,75;80,8617;79,6815;84,915;88,2634
1991-10-01;62,1825;61,9254;84,592;74,6676;80,6759;79,4934;84,902;88,0227
1991-11-01;62,0983;61,7916;83,902;75,3856;80,4548;79,2006;84,3343;88,7163
1991-12-01;61,8108;61,6283;84,3126;73,3921;79,962;78,8597;84,8844;86,2168
1992-01-01;61,4898;61,2902;84,1097;73,0419;79,3991;78,263;84,8276;85,6499
1992-02-01;61,9299;61,8351;83,0833;73,5135;79,8149;78,7873;83,9468;86,05
1992-03-01;62,449;62,4702;83,3713;73,2491;80,3214;79,4125;84,3973;85,5921
1992-04-01;62,9312;62,8148;84,3179;74,9549;80,7713;79,657;85,5185;87,4403
1992-05-01;63,1359;63,1828;84,1161;73,9015;80,8582;79,9219;85,4743;86,0786
1992-06-01;63,1736;63,3946;83,2122;72,8227;80,7276;79,9828;84,7099;84,7039
1992-07-01;63,7408;63,9629;84,3223;73,2703;81,2728;80,4907;85,9862;85,122
1992-08-01;63,3917;63,6501;82,9273;73,0437;80,6532;79,8926;84,6956;84,7729
1992-09-01;63,5927;63,7446;83,4783;74,139;80,7402;79,8125;85,3788;85,9726
1992-10-01;64,0282;64,1136;83,8928;75,3829;81,1307;80,0829;85,9097;87,3562
1992-11-01;64,2732;64,3456;83,8067;76,0306;81,2864;80,1896;85,9137;88,0594
1992-12-01;64,3668;64,3104;84,0648;77,2963;81,2604;79,9749;86,2546;89,4879
1993-01-01;64,6256;64,9203;83,6424;74,6828;81,447;80,5752;85,8807;86,3581
1993-02-01;64,929;65,0936;83,263;76,7243;81,698;80,6422;85,5372;88,624
1993-03-01;64,872;64,9763;82,7215;77,4948;81,502;80,3587;85,0105;89,4154
1993-04-01;65,0611;65,2909;82,8333;76,6054;81,6217;80,6174;85,1385;88,2987
1993-05-01;64,8104;65,2077;82,8655;74,5174;81,1916;80,3881;85,1703;85,8018
1993-06-01;64,9553;65,1344;83,6721;76,4102;81,2566;80,1718;85,9848;87,8898
1993-07-01;65,1198;65,2696;82,7809;77,5031;81,3428;80,2108;85,042;89,0482
1993-08-01;65,0494;65,1299;82,8531;77,9857;81,1291;79,9061;85,0786;89,4991
1993-09-01;65,3882;65,5889;83,5584;77,1082;81,4164;80,3264;85,7565;88,3857
1993-10-01;65,8702;66,1318;84,6524;76,8511;81,8692;80,8363;86,8241;87,9758
1993-11-01;66,1779;66,4507;84,621;77,3537;82,0917;81,0577;86,7307;88,4308
1993-12-01;66,5602;66,8597;84,9234;77,668;82,3931;81,3748;86,9745;88,6596
1994-01-01;66,7722;66,9277;84,0188;79,944;82,4707;81,2636;85,9798;91,1161
1994-02-01;66,8068;67,0194;84,6148;79,1436;82,3162;81,1664;86,5216;90,0634
1994-03-01;67,4832;67,903;85,7311;77,8459;82,9362;82,0105;87,5947;88,4332
1994-04-01;67,8771;68,4929;85,0143;77,1061;83,194;82,4819;86,7984;87,4366
1994-05-01;68,1961;68,8951;85,2874;76,7704;83,3452;82,71;87,0199;86,8904
1994-06-01;68,6526;69,1054;85,1728;80,0648;83,6506;82,6927;86,856;90,4416
1994-07-01;68,7353;69,3533;85,1601;78,6419;83,4915;82,7105;86,8091;88,651
1994-08-01;69,1954;69,9627;85,1225;78,0967;83,7838;83,1498;86,7544;87,8489
1994-09-01;69,4017;70,239;84,7062;78,0335;83,7623;83,1837;86,3349;87,5902
1994-10-01;69,969;70,9028;84,4475;78,3084;84,1694;83,6669;86,0981;87,7066
1994-11-01;70,4367;71,4807;85,1122;77,7844;84,4489;84,0372;86,8269;86,9317
1994-12-01;71,1413;72,2615;86,0758;77,875;85,0057;84,6366;87,8845;86,8446
1995-01-01;71,2762;72,3797;85,6728;78,4938;84,8791;84,4551;87,5696;87,3479
1995-02-01;71,1904;72,2139;85,4617;79,2099;84,4876;83,937;87,4728;87,9711
1995-03-01;71,2891;72,3992;84,2967;79,1531;84,3121;83,8226;86,4161;87,7328
1995-04-01;71,1623;72,1511;84,6549;79,9003;83,869;83,2033;86,9357;88,3934
1995-05-01;71,5044;72,4221;84,8852;81,0993;83,9723;83,1745;87,3377;89,5557
1995-06-01;71,743;72,7673;84,8049;80,5609;83,9443;83,2176;87,4299;88,81
1995-07-01;71,4459;72,2756;85,4232;81,5651;83,2835;82,2956;88,2475;89,7725
1995-08-01;72,38;73,1091;84,3207;84,8146;84,0464;82,8686;87,2862;93,2093
1995-09-01;72,6601;73,7521;85,4079;81,3084;84,0356;83,2066;88,5862;89,232
1995-10-01;72,5428;73,6638;84,2952;81,3942;83,5543;82,7046;87,5956;89,2044
1995-11-01;72,7178;73,7177;85,1588;82,421;83,4004;82,3518;88,6462;90,2124
1995-12-01;72,9672;73,9635;84,9256;83,0573;83,3221;82,2036;88,5416;90,7894
1996-01-01;72,5866;73,5015;83,6361;83,8237;82,5181;81,2627;87,3186;91,5073
1996-02-01;73,6389;74,5758;84,9314;84,9065;83,3398;82,0106;88,7752;92,6511
1996-03-01;73,5202;74,392;86,0137;84,668;82,8259;81,3651;89,9934;92,3498
1996-04-01;74,2664;75,3173;86,5406;84,1025;83,2807;81,9271;90,6146;91,6896
1996-05-01;74,8145;75,906;86,2204;84,9836;83,5058;82,1154;90,331;92,6018
1996-06-01;75,3779;76,6181;87,5596;83,8547;83,7438;82,4336;91,7695;91,3187
1996-07-01;75,3754;76,9443;87,1492;80,9676;83,3555;82,339;91,3579;88,1183
1996-08-01;75,7568;77,288;87,2694;82,0069;83,3919;82,2645;91,4884;89,188
1996-09-01;76,2304;77,8833;87,4653;81,6637;83,5254;82,4546;91,6852;88,7519
1996-10-01;76,2193;77,8061;87,075;82,5103;83,1236;81,9299;91,2561;89,6089
1996-11-01;76,8941;78,4862;86,7643;83,9943;83,4621;82,1957;90,9011;91,1592
1996-12-01;77,3731;79,1546;86,898;83,0505;83,5793;82,4399;91,0028;90,0786
1997-01-01;77,5138;79,2653;86,6025;83,7947;83,3331;82,1063;90,6471;90,8342
1997-02-01;78,4246;80,3579;88,2403;82,8402;83,9;82,7727;92,3086;89,7574
1997-03-01;78,9266;81,1385;88,4556;81,0339;84,0169;83,102;92,4735;87,767
1997-04-01;78,9924;81,0695;87,7018;82,9198;83,6618;82,5525;91,6187;89,7835
1997-05-01;79,4411;81,6583;88,781;81,7923;83,6984;82,6577;92,6709;88,5461
1997-06-01;79,8048;82,1723;88,2435;81,4133;83,6264;82,6645;92,028;88,1288
1997-07-01;80,48;82,8058;88,241;83,1528;83,8625;82,7711;91,9356;90,0147
1997-08-01;81,2862;83,8159;88,2634;82,7896;84,2102;83,2261;91,8601;89,6329
1997-09-01;82,038;84,5815;88,9192;83,7399;84,4781;83,4117;92,4386;90,6798
1997-10-01;82,7657;85,3524;88,1017;85,2475;84,6988;83,5784;91,4814;92,3351
1997-11-01;83,4321;86,194;87,6095;85,1714;84,838;83,7931;90,8628;92,277
1997-12-01;83,7826;86,6291;88,0263;84,805;84,6461;83,6013;91,1879;91,9042
1998-01-01;84,1656;87,3012;90,4175;81,4295;84,4813;83,6309;93,5545;88,2671
1998-02-01;84,3048;87,4446;89,1776;82,3619;84,0729;83,1536;92,1794;89,2943
1998-03-01;84,3416;87,307;87,8513;84,8295;83,5673;82,4173;90,7263;91,9802
1998-04-01;84,6263;87,7007;88,4246;84,0353;83,3178;82,1958;91,2451;91,1223
1998-05-01;85,1839;88,1825;88,6521;85,7;83,3489;82,0714;91,4213;92,921
1998-06-01;84,6809;87,5361;86,7803;87,1053;82,3651;80,9245;89,4515;94,4264
1998-07-01;84,3448;87,1634;85,7528;87,3692;81,5837;80,0767;88,3745;94,6809
1998-08-01;86,0846;89,286;86,0828;86,8711;82,8278;81,5394;88,721;94,096
1998-09-01;85,9945;89,1746;83,423;88,3206;82,3242;80,9743;86,0115;95,6063
1998-10-01;86,5967;89,9493;84,2401;87,4154;82,4996;81,2309;86,912;94,5539
1998-11-01;86,5114;90,0681;84,5183;85,1912;82,0316;80,9059;87,2834;92,0645
1998-12-01;86,8608;90,5821;82,5337;85,3878;81,9904;80,95;85,3409;92,1813
1999-01-01;87,2277;90,8218;82,4637;87,3627;81,9774;80,7611;85,4003;94,2036
1999-02-01;87,7266;91,6081;81,8551;85,9389;82,0973;81,0673;84,9214;92,5499
1999-03-01;87,9203;91,6105;81,1953;88,524;81,9427;80,691;84,4087;95,2009
1999-04-01;88,1153;91,9268;80,9402;87,9088;81,8019;80,6048;84,3374;94,397
1999-05-01;88,6554;92,6568;80,945;87,1594;81,9895;80,8883;84,5554;93,4416
1999-06-01;88,5958;92,4388;81,2219;88,4167;81,6291;80,3507;85,0762;94,6274
1999-07-01;89,1235;92,8295;81,9802;90,3249;81,8177;80,3511;86,1191;96,4961
1999-08-01;89,5116;93,4094;82,0739;89,2166;81,8764;80,5116;86,4816;95,1328
1999-09-01;89,1361;93,0239;81,9941;88,6231;81,2413;79,8433;86,6673;94,3144
1999-10-01;90,2842;94,3891;82,8078;88,3382;81,9959;80,6769;87,8029;93,8186
1999-11-01;90,7631;95,0393;83,6964;87,0652;82,1417;80,8958;89,0213;92,2694
1999-12-01;91,4926;95,7186;84,3735;88,5705;82,5152;81,1389;90,0122;93,6574
2000-01-01;91,4251;95,7288;83,3306;88,4775;82,1714;80,8155;89,157;93,3456
2000-02-01;91,7357;95,9505;83,774;89,6307;82,1694;80,673;89,8681;94,339
2000-03-01;92,0933;96,5749;84,5897;87,1673;82,2095;80,8681;90,9597;91,5225
2000-04-01;92,6838;97,1948;83,5918;89,0331;82,4575;81,0578;90,0756;93,2475
2000-05-01;92,9376;97,1842;83,3449;92,3333;82,4056;80,722;89,9661;96,4543
2000-06-01;93,0076;97,3606;83,8592;90,9787;82,192;80,5438;90,6424;94,7858
2000-07-01;92,8458;97,446;83,8092;88,2798;81,7778;80,2944;90,6683;91,7231
2000-08-01;92,5972;96,8043;84,3775;90,8708;81,2898;79,45;91,3209;94,1509
2000-09-01;92,9653;97,2502;84,0189;91,3063;81,3435;79,5024;90,9289;94,3288
2000-10-01;92,6418;96,8887;84,5702;90,3968;80,7922;78,8975;91,4832;93,1094
2000-11-01;92,6618;96,6275;83,936;93,601;80,541;78,3798;90,7204;96,1083
2000-12-01;92,3459;96,0397;83,5089;95,7479;80,0006;77,6062;90,1524;97,9938
2001-01-01;91,8903;95,6472;83,7591;93,9381;79,3437;77,0005;90,2887;95,8171
2001-02-01;91,2915;95,0053;84,768;92,0634;78,571;76,2091;91,2228;93,5718
2001-03-01;91,0526;94,7702;84,8807;91,4078;78,1158;75,7582;91,1747;92,5606
2001-04-01;90,7293;94,3925;85,1421;90,9402;77,5972;75,2094;91,2731;91,7313
2001-05-01;90,2577;93,8788;85,2251;90,2058;76,9635;74,572;91,1771;90,6208
2001-06-01;89,7677;93,3259;84,347;90,4755;76,3285;73,9268;90,0594;90,5025
2001-07-01;89,226;92,8642;84,0507;88,9099;75,666;73,3791;89,5793;88,539
2001-08-01;89,1326;92,4639;84,0406;91,3102;75,3958;72,9001;89,4263;90,5051
2001-09-01;88,6679;92,1098;84,1124;89,3435;74,8236;72,4756;89,3912;88,1279
2001-10-01;88,3926;91,7126;83,6865;90,1671;74,4246;72,0344;88,8602;88,4977
2001-11-01;87,8774;91,3711;83,0485;88,1616;73,8377;71,6534;88,1393;86,0889
2001-12-01;87,8344;91,5432;82,1666;86,9904;73,6627;71,6912;87,194;84,5088
2002-01-01;88,4665;92,1634;81,527;88,9462;74,0676;72,0943;86,5386;85,9632
2002-02-01;88,4661;92,1519;81,1144;89,3879;73,9589;72,0171;86,1605;85,9468
2002-03-01;89,1228;92,7831;80,0427;91,8052;74,4162;72,4567;85,1109;87,8229
2002-04-01;89,5532;93,0527;80,1976;93,9805;74,7011;72,6281;85,3908;89,4578
2002-05-01;89,934;93,5305;80,9615;93,3917;74,9611;72,9734;86,3464;88,4691
2002-06-01;90,6769;94,4424;80,9512;93,4642;75,5385;73,6662;86,5012;88,1273
2002-07-01;90,6455;94,3431;80,4254;94,3808;75,4869;73,5774;86,1256;88,6037
2002-08-01;90,5475;94,4348;80,7852;92,3043;75,3938;73,6416;86,7184;86,3013
2002-09-01;90,6381;94,4965;79,1456;93,9924;75,4687;73,6851;85,1715;87,5446
2002-10-01;90,4041;94,2;77,754;95,149;75,2824;73,4516;83,8864;88,3052
2002-11-01;90,8985;94,6647;79,7602;94,8307;75,7125;73,8167;86,2639;87,715
2002-12-01;90,389;94,097;80,2221;93,8617;75,3132;73,3798;86,9668;86,5467
2003-01-01;91,1355;94,8483;80,422;95,2766;75,9649;73,9732;87,3728;87,5931
2003-02-01;91,2502;94,7436;80,5173;97,3344;76,0853;73,8949;87,6359;89,2326
2003-03-01;91,0059;94,8387;80,4038;93,9998;75,9063;73,9733;87,6463;85,9429
2003-04-01;90,4281;94,1162;80,18;94,1619;75,4518;73,4179;87,5132;85,8688
2003-05-01;90,4073;94,1641;79,6599;94,0591;75,4618;73,4673;87,0277;85,5564
2003-06-01;90,5218;94,5853;79,8164;91,551;75,5816;73,8103;87,253;83,0617
2003-07-01;90,9896;94,8944;79,4996;94,3373;75,9888;74,0636;86,9347;85,3683
2003-08-01;90,7858;94,4447;80,5796;94,8052;75,8306;73,7256;88,1264;85,5647
2003-09-01;91,3829;95,2474;81,0734;93,9324;76,3383;74,3676;88,6652;84,5492
2003-10-01;91,5005;95,3526;80,954;94,4528;76,4457;74,4694;88,5294;84,7864
2003-11-01;92,1265;96,1812;80,5297;94,6793;76,9771;75,138;88,0618;84,7583
2003-12-01;92,1722;96,1087;80,5103;95,8173;77,0234;75,104;88,0428;85,5454
2004-01-01;92,327;96,0333;81,1225;97,4612;77,1612;75,0684;88,7237;86,7809
2004-02-01;92,8873;96,7557;80,2527;98,3827;77,6396;75,6575;87,797;87,3748
2004-03-01;92,5325;96,7372;80,5057;94,4046;77,3544;75,6671;88,1132;83,6325
2004-04-01;92,9096;97,0784;80,2589;95,874;77,6821;75,9562;87,8976;84,7321
2004-05-01;93,5838;97,7609;79,9135;97,7881;78,257;76,507;87,5893;86,2312
2004-06-01;92,8621;97,1106;79,8208;95,5433;77,662;76,0064;87,5738;84,0789
2004-07-01;93,5511;97,9718;81,2262;94,0981;78,2429;76,6782;89,2192;82,6555
2004-08-01;93,6328;98,4278;80,5882;91,8572;78,3106;77,0196;88,6353;80,5574
2004-09-01;93,7418;98,4432;78,3054;95,701;78,3927;77,0002;86,2499;83,8093
2004-10-01;94,5671;99,3414;79,2318;95,924;79,0638;77,6542;87,4055;83,8992
2004-11-01;94,8;99,3393;80,919;96,2192;79,2285;77,5865;89,4102;84,0631
2004-12-01;95,5426;100,101;80,8826;97,9807;79,8082;78,0984;89,515;85,5158
2005-01-01;95,8831;100,7372;80,8077;96,4093;80,0413;78,4958;89,5761;84,067
2005-02-01;96,5616;101,5774;81,8547;95,2549;80,5413;79,0333;90,8785;82,9863
2005-03-01;96,4371;101,1089;81,6618;98,0957;80,3601;78,5379;90,7993;85,3869
2005-04-01;96,628;101,5283;81,8892;96,2676;80,4339;78,7219;91,1783;83,7241
2005-05-01;96,7306;101,8322;81,0391;96,1536;80,425;78,8058;90,3456;83,5502
2005-06-01;97,1488;102,0272;81,008;99,2727;80,6702;78,7974;90,4114;86,1772
2005-07-01;96,8383;101,6681;80,6833;99,3336;80,305;78,3584;90,1333;86,1391
2005-08-01;97,1603;102,2126;80,2971;99,0107;80,4617;78,6159;89,7693;85,7598
2005-09-01;95,2729;101,083;72,5501;100,2643;78,7883;77,5894;81,1524;86,7386
2005-10-01;96,4383;102,5411;74,2404;98,3255;79,6396;78,5529;83,0695;84,9518
2005-11-01;97,4951;103,4398;77,365;97,4479;80,398;79,0894;86,5716;84,0829
2005-12-01;97,9788;103,5511;78,2595;100,3938;80,6819;79,0282;87,5563;86,5107
2006-01-01;98,1305;104,3573;80,2448;92,3182;80,6908;79,5014;89,7371;79,4481
2006-02-01;98,1779;104,0897;79,7895;95,7439;80,6125;79,1616;89,1626;82,2944
2006-03-01;98,3898;104,0584;79,8571;98,177;80,6663;79,0056;89,1481;84,287
2006-04-01;98,6769;104,4195;80,4857;97,4069;80,7769;79,1489;89,7347;83,5341
2006-05-01;98,7052;104,1679;81,1359;98,635;80,6674;78,8258;90,3189;84,504
2006-06-01;99,0427;104,4804;81,5488;99,1107;80,8002;78,9251;90,6137;84,8389
2006-07-01;98,9804;104,1278;81,8999;100,6035;80,5962;78,517;90,8178;86,0568
2006-08-01;99,4106;104,8715;81,6627;99,7749;80,781;78,9269;90,3548;85,3019
2006-09-01;99,2207;104,9421;82,0003;96,7266;80,4523;78,8207;90,5218;82,6615
2006-10-01;99,1253;104,477;82,3802;98,6862;80,1929;78,3035;90,7336;84,3095
2006-11-01;99,0969;104,6157;81,2637;99,0933;79,9831;78,231;89,3045;84,6362
2006-12-01;100,1122;106,1347;82,5496;95,931;80,6125;79,1814;90,5271;81,9185
2007-01-01;99,7571;105,7684;80,6801;98,0079;80,1385;78,7176;88,3069;83,6772
2007-02-01;100,7275;106,1385;81,4529;104,099;80,7326;78,7966;89,0029;88,8583
2007-03-01;100,9023;106,9975;81,448;99,2424;80,6935;79,2328;88,8726;84,691
2007-04-01;101,5874;107,6745;81,6518;100,8577;81,073;79,5311;88,9995;86,0434
2007-05-01;101,6299;107,5804;82,2843;101,0478;80,955;79,2617;89,6264;86,1711
2007-06-01;101,6482;107,9279;81,8598;99,1962;80,8393;79,3242;89,1386;84,5477
2007-07-01;101,4925;107,8657;81,8289;98,1042;80,6142;79,0984;89,1209;83,561
2007-08-01;101,6874;107,5436;81,8188;102,7584;80,6999;78,6996;89,1651;87,4531
2007-09-01;101,9398;107,8581;81,944;102,8228;80,8586;78,787;89,3805;87,422
2007-10-01;101,6345;107,6656;81,6893;101,5753;80,6013;78,5272;89,1956;86,2639
2007-11-01;102,2068;108,2276;82,6433;101,6333;81,0633;78,8431;90,3342;86,2044
2007-12-01;102,2604;108,3983;83,3148;99,6761;81,1334;78,9003;91,1572;84,4279
2008-01-01;102,14;108,1864;82,913;100,9152;81,0815;78,7064;90,7883;85,3505
2008-02-01;101,7671;107,4631;83,0027;102,3322;80,8357;78,1687;90,9201;86,413
2008-03-01;101,4355;106,9946;83,4268;101,5244;80,6256;77,842;91,3748;85,5901
2008-04-01;100,7424;105,8988;83,8291;101,5533;80,1238;77,0805;91,7517;85,4693
2008-05-01;100,132;105,2536;83,6599;100,3446;79,6718;76,6618;91,434;84,3061
2008-06-01;99,8651;104,4926;84,289;101,8077;79,4693;76,1693;91,9078;85,3863
2008-07-01;99,4214;103,3676;86,4327;100,4335;79,095;75,4171;93,9345;84,0884
2008-08-01;97,8448;102,0344;85,0503;96,784;77,7872;74,5146;92,036;80,8955
2008-09-01;93,559;98,5438;75,4054;98,699;74,3062;72,0366;81,1891;82,3609
2008-10-01;94,4956;97,9065;82,002;99,3977;74,9571;71,6438;87,7941;82,8132
2008-11-01;93,2689;95,4867;83,9108;100,7505;73,8807;69,9473;89,2922;83,8143
2008-12-01;90,628;92,2717;82,3418;100,3186;71,6823;67,6658;87,0681;83,3373
2009-01-01;88,3811;89,3014;81,8679;100,2023;69,7982;65,56;86,0063;83,1312
2009-02-01;87,8412;89,2009;80,8051;97,3441;69,2778;65,5612;84,3641;80,6621
2009-03-01;86,4794;87,5837;79,0406;98,6228;68,12;64,4466;82,0308;81,6311
2009-04-01;85,7883;86,9803;77,7999;98,1842;67,5007;64,0744;80,2878;81,187
2009-05-01;84,9516;86,0917;77,5815;96,834;66,7873;63,491;79,6615;79,999
2009-06-01;84,6928;85,9072;77,3604;96,0068;66,5532;63,4266;79,1013;79,2529
2009-07-01;85,7044;87,2775;78,1695;94,7032;67,3455;64,5105;79,6754;78,1236
2009-08-01;86,6617;88,264;79,0502;95,7288;68,1236;65,3128;80,4026;78,9237
2009-09-01;87,4033;89,1596;78,7885;96,8094;68,7596;66,051;80,0418;79,7732
2009-10-01;87,6035;89,2183;78,4357;98,9722;68,9939;66,1724;79,6537;81,5165
2009-11-01;87,9559;90,1093;78,2608;95,9992;69,3689;66,9148;79,4996;79,0321
2009-12-01;88,2468;89,9699;77,5706;101,1904;69,7136;66,8961;78,8645;83,2689
2010-01-01;89,1911;90,8707;79,0851;101,6906;70,5918;67,6556;80,507;83,6433
2010-02-01;89,4972;90,795;80,4939;103,1989;70,9754;67,6955;82,0533;84,8414
2010-03-01;90,1419;91,9526;81,2843;99,7079;71,6373;68,6621;82,979;81,9267
2010-04-01;90,4591;92,6959;81,6802;96,6383;72,0473;69,3266;83,5064;79,3583
2010-05-01;91,702;93,8885;81,6146;100,6944;73,1966;70,3344;83,5398;82,6349
2010-06-01;91,8997;93,8698;81,748;102,6969;73,5082;70,44;83,7392;84,2155
2010-07-01;92,2522;94,358;82,2264;101,814;73,9324;70,9277;84,2413;83,4218
2010-08-01;92,5899;94,4798;83,4959;102,0969;74,331;71,14;85,4963;83,5761
2010-09-01;92,8564;94,5529;84,6807;102,1356;74,6547;71,3123;86,6018;83,5229
2010-10-01;92,6037;94,6133;84,8037;98,7644;74,5429;71,4701;86,5627;80,6774
2010-11-01;92,6773;94,7365;84,1202;99,9667;74,6746;71,6684;85,6486;81,5641
2010-12-01;93,5851;95,2;84,573;105,2646;75,4597;72,1157;85,8445;85,7813
2011-01-01;93,3944;95,2583;84,4324;103,0834;75,34;72,2464;85,3939;83,896
2011-02-01;92,993;95,3859;82,7265;101,271;75,0288;72,4159;83,3328;82,3122
2011-03-01;93,982;96,0053;85,7651;100,9893;75,819;72,945;86,0139;81,9718
2011-04-01;93,6525;95,457;86,291;100,5724;75,5255;72,5719;86,1322;81,5195
2011-05-01;93,7775;95,4561;87,2075;100,0402;75,5784;72,5978;86,6143;80,9723
2011-06-01;94,0467;95,5627;87,6672;101,1829;75,7276;72,6876;86,6235;81,7779
2011-07-01;94,4931;96,1116;87,1635;102,9;76,0009;73,0954;85,6791;83,0437
2011-08-01;95,0969;96,537;88,768;102,792;76,3842;73,3926;86,8027;82,8334
2011-09-01;95,0281;96,791;88,3485;100,9912;76,2147;73,5447;85,9477;81,2623
2011-10-01;95,6924;97,31;90,5077;99,6897;76,6224;73,8856;87,5984;80,0976
2011-11-01;95,6913;97,1249;91,5517;98,9341;76,4885;73,6814;88,1603;79,376
2011-12-01;96,1938;97,7691;92,3891;97,6838;76,7512;74,0981;88,5213;78,263
2012-01-01;96,779;98,609;93,6135;95,028;77,0743;74,6557;89,2482;76,0319
2012-02-01;97,0959;99,0382;93,3322;95,7124;77,1823;74,8979;88,5433;76,4814
2012-03-01;96,5919;98,4994;93,3564;94,3753;76,6382;74,406;88,1318;75,3221
2012-04-01;97,2942;98,989;93,5745;97,7476;77,0523;74,6905;87,902;77,9265
2012-05-01;97,4853;98,6364;93,8724;101,9704;77,0632;74,3404;87,7409;81,2112
2012-06-01;97,4959;98,9103;93,958;99,7745;76,9351;74,4651;87,3711;79,3921
2012-07-01;97,6922;98,6859;95,0175;101,565;76,9584;74,2181;87,8926;80,7571
2012-08-01;97,3061;98,5777;93,912;100,4154;76,5269;74,0615;86,3985;79,7958
2012-09-01;97,2383;98,3528;95,2783;98,7019;76,3502;73,8206;87,1658;78,3988
2012-10-01;97,5425;98,1464;96,8197;100,5166;76,4688;73,5976;88,0649;79,8145
2012-11-01;97,934;98,7634;97,0536;99,5041;76,6589;73,9963;87,7517;78,9943
2012-12-01;98,1984;99,4684;97,149;96,7106;76,7539;74,466;87,3028;76,769
2013-01-01;98,2029;99,235;97,3879;98,0843;76,6511;74,2398;86,9733;77,859
2013-02-01;98,6733;99,6353;98,0773;98,6762;76,9174;74,4958;87,0374;78,3331
2013-03-01;99,0788;99,5452;98,5966;102,7081;77,1389;74,3936;86,9413;81,5425
2013-04-01;98,9658;99,2111;99,4104;102,3515;76,9643;74,1182;87,1004;81,2722
2013-05-01;99,0567;99,5349;99,7274;100,1656;76,9553;74,3429;86,8232;79,55
2013-06-01;99,2424;99,7489;100,4118;99,0737;77,0265;74,4942;86,8691;78,6954
2013-07-01;98,9258;98,9536;101,7013;98,9795;76,7152;73,8994;87,447;78,631
2013-08-01;99,5059;99,8075;101,6899;98,7368;77,1048;74,5417;86,9187;78,4451
2013-09-01;100,0391;99,9011;103,4661;99,9906;77,461;74,6219;87,9242;79,4436
2013-10-01;99,9203;100,0304;101,692;101,4843;77,3148;74,7341;85,9233;80,6282
2013-11-01;100,1661;99,9961;102,4987;102,6633;77,4524;74,7301;86,1151;81,5579
2013-12-01;100,3777;99,8325;102,9208;105,2752;77,564;74,6348;85,9845;83,621
2014-01-01;99,999;98,7755;104,3277;106,1967;77,219;73,8765;86,6707;84,3367
2014-02-01;100,7583;99,6952;105,356;105,2427;77,7522;74,6036;87,0308;83,5584
2014-03-01;101,7767;100,587;107,5527;104,8045;78,4825;75,3164;88,3384;83,1864
2014-04-01;101,8425;100,5534;109,4134;101,8604;78,4738;75,3415;89,3446;80,8237
2014-05-01;102,2594;100,8479;110,6091;101,6414;78,731;75,6187;89,782;80,6222
2014-06-01;102,5986;101,1632;112,0662;99,9135;78,9229;75,9183;90,4045;79,2233
2014-07-01;102,8163;101,5934;112,7582;97,7095;79,0163;76,311;90,3874;77,4483
2014-08-01;102,6562;101,0222;113,681;98,5356;78,8163;75,9583;90,5393;78,0763
2014-09-01;102,9776;101,0361;114,3418;100,6574;78,9895;76,0515;90,495;79,7317
2014-10-01;102,9892;100,9151;114,6432;101,2978;78,9292;76,048;90,1898;80,2148
2014-11-01;103,6402;101,6026;113,9073;104,3567;79,3647;76,6577;89,1126;82,6142
2014-12-01;103,6345;101,3846;116,7117;101,3875;79,304;76,5858;90,8484;80,2435
2015-01-01;102,8239;100,8105;113,8265;102,3389;78,6338;76,2438;88,2087;80,9782
2015-02-01;102,1513;100,032;109,8392;107,6084;78,0854;75,7438;84,829;85,1299
2015-03-01;101,824;100,4078;107,9987;104,4781;77,8104;76,1133;83,1935;82,6371
2015-04-01;101,244;100,376;106,3141;101,5414;77,3473;76,1673;81,7449;80,299
2015-05-01;100,783;100,3885;103,8057;100,3241;76,9844;76,2457;79,746;79,3205
2015-06-01;100,4781;100,0235;103,0024;101,1513;76,7496;76,0259;79,1389;79,9567
2015-07-01;101,1052;100,7573;104,2028;100,4965;77,2342;76,6274;80,1404;79,419
2015-08-01;100,9442;100,4511;104,6632;100,8219;77,1213;76,4236;80,6153;79,6522
2015-09-01;100,6507;100,1636;103,1616;101,8023;76,9102;76,2201;79,6055;80,3969
2015-10-01;100,1871;100,0498;101,2167;100,3751;76,5691;76,1353;78,2632;79,2339
2015-11-01;99,4382;99,7719;99,0458;97,6934;76,0077;75,9131;76,7446;77,0748
2015-12-01;98,939;99,4977;98,2912;95,8315;75,6338;75,6829;76,3172;75,5572
2016-01-01;99,4558;99,9017;96,291;99,7439;76,0323;75,9589;74,9104;78,5833
2016-02-01;98,9136;99,532;94,237;99,4721;75,6159;75,6393;73,4447;78,302
2016-03-01;98,1907;99,4691;91,9292;95,5139;75,0559;75,5478;71,7591;75,1138
2016-04-01;98,4669;99,3031;89,8153;101,416;75,2543;75,3748;70,1998;79,6708
2016-05-01;98,2518;99,2392;89,7933;99,8792;75,0727;75,2801;70,252;78,373
2016-06-01;98,7275;99,4706;89,6526;102,7435;75,4151;75,413;70,1874;80,5205
2016-07-01;98,836;99,5109;90,1724;102,9223;75,4735;75,4077;70,6134;80,5548
2016-08-01;98,7554;99,1686;89,8053;105,0176;75,3862;75,1217;70,3197;82,0823
2016-09-01;98,6596;99,3582;89,9918;102,5537;75,2897;75,2508;70,4394;80,0454
2016-10-01;98,7322;99,5033;92,5687;99,5811;75,3271;75,3602;72,4136;77,6174
2016-11-01;98,3452;99,4315;92,044;97,0642;75,0219;75,3209;71,9497;75,5526
2016-12-01;99,0314;99,4612;91,8993;103,2641;75,5453;75,3744;71,7772;80,2726
2017-01-01;98,7987;99,6286;94,0587;97,7741;75,3784;75,5477;73,4013;75,9093
2017-02-01;98,4322;99,5415;96,2183;92,8769;75,1225;75,5441;75,0255;72,0232
2017-03-01;99,0663;99,1802;97,3884;99,949;75,6429;75,3462;75,8819;77,4239
2017-04-01;100,0082;100,2753;98,5414;99,62;76,4106;76,2674;76,7334;77,093
2017-05-01;100,1286;100,1347;99,4506;100,7589;76,5629;76,2595;77,4072;77,9056
2017-06-01;100,3233;100,1839;100,7628;100,8305;76,7832;76,4037;78,4099;77,9006
2017-07-01;100,0947;99,808;100,7442;101,4277;76,6891;76,2277;78,3943;78,311
2017-08-01;99,6642;99,614;100,0187;99,7108;76,4472;76,1918;77,8434;76,9437
2017-09-01;99,7686;99,6371;101,1584;99,3118;76,6181;76,3201;78,7494;76,6007
2017-10-01;100,9981;100,6903;102,741;101,4309;77,654;77,2349;80,0018;78,2044
2017-11-01;101,2597;100,7735;104,458;101,3781;77,9439;77,401;81,3543;78,1363
2017-12-01;101,4573;100,5329;104,4595;104,9313;78,1791;77,311;81,3612;80,8489
2018-01-01;101,3939;100,1162;104,1781;107,6681;78,206;77,0771;81,1347;82,9323
2018-02-01;101,7656;101,1392;107,0176;100,5578;78,5556;77,9413;83,3083;77,4301
2018-03-01;102,2441;101,0327;108,7512;103,7819;78,976;77,9263;84,5911;79,8849
2018-04-01;103,3468;101,7144;109,9831;107,8025;79,8677;78,511;85,4544;82,9495
2018-05-01;102,3911;100,8395;110,5986;104,3522;79,1543;77,8856;85,797;80,262
2018-06-01;103,1924;101,4846;113,0163;104,3016;79,7837;78,4262;87,488;80,1861
2018-07-01;103,3334;101,5187;114,431;103,6279;79,8874;78,4877;88,3535;79,6269
2018-08-01;104,0807;101,8438;117,4069;104,6778;80,4472;78,7695;90,3765;80,3871
2018-09-01;104,1181;101,8535;117,817;104,4398;80,4471;78,8043;90,3741;80,1533
2018-10-01;103,9397;101,3708;117,8951;106,1615;80,2713;78,4569;90,0717;81,4182
2018-11-01;104,0007;101,103;118,5878;107,8526;80,2728;78,2759;90,1902;82,6534
2018-12-01;103,9946;101,4194;120,4592;103,1922;80,2161;78,5481;91,1517;79,0188
2019-01-01;103,373;100,5406;119,8562;104,4371;79,6792;77,8957;90,1912;79,904
2019-02-01;102,8292;100,0431;118,1983;104,8783;79,2011;77,5418;88,4084;80,1692
2019-03-01;102,8286;99,7341;118,5448;106,7617;79,1387;77,3362;88,0939;81,5304
2019-04-01;102,2481;99,1305;120,9637;102,9116;78,626;76,9026;89,2679;78,5088
2019-05-01;102,4192;99,1784;121,0869;104,1053;78,6889;76,9755;88,7013;79,3306
2019-06-01;102,4893;99,6008;122,0331;100,668;78,6717;77,34;88,7023;76,6182
2019-07-01;102,0236;98,9197;119,7746;103,9146;78,2415;76,8466;86,3608;78,9855
2019-08-01;102,7754;99,5758;122,6931;103,1342;78,7426;77,3902;87,7353;78,2807
2019-09-01;102,5315;98,9311;123,0956;105,3074;78,4845;76,9232;87,3175;79,8079
2019-10-01;101,6022;98,0042;122,4687;104,2514;77,7075;76,2363;86,2125;78,8782
2019-11-01;102,148;98,8563;120,1577;105,5904;78,0665;76,9342;84,0002;79,7521
2019-12-01;101,884;98,9631;120,5794;102,1912;77,8163;77,054;83,7867;77,0431
2020-01-01;101,3768;98,7616;120,675;99,1474;77,3913;76,9354;83,4325;74,6048
2020-02-01;101,633;98,9396;119,2226;101,6933;77,5663;77,1175;82,1334;76,3687
2020-03-01;97,6672;94,359;118,7186;99,521;74,5352;73,5926;81,611;74,5848
2020-04-01;84,5979;79,7607;102,9611;100,3792;64,5714;62,2487;70,7354;75,0714
2020-05-01;85,9732;83,2547;89,6208;98,3971;65,6487;65,0245;61,6412;73,4346
2020-06-01;91,5625;89,6775;91,9365;100,4361;69,9664;70,1001;63,4269;74,7987
2020-07-01;95,0144;92,8854;96,8934;104,5185;72,6784;72,6761;67,1858;77,6778
2020-08-01;95,8881;94,2662;97,1715;102,3597;73,4452;73,8331;67,8543;75,9192
2020-09-01;95,8444;94,2979;98,1807;101,0764;73,5298;73,94;69,151;74,8185
2020-10-01;96,4292;95,0698;97,0674;101,9191;74,1142;74,6327;69,0496;75,2955
2020-11-01;96,8564;95,6313;100,8088;98,4558;74,5927;75,1647;72,5027;72,5976
2020-12-01;97,9754;96,2276;101,3489;104,1093;75,6169;75,7272;73,7503;76,6224
2021-01-01;98,7836;97,2291;103,8388;101,8887;76,4136;76,6117;76,4975;74,8505
2021-02-01;95,3744;93,4086;95,0082;107,5578;73,9408;73,6912;70,8382;78,87
2021-03-01;98,1351;96,2212;105,4105;101,5196;76,2498;76,0004;79,5311;74,3062
2021-04-01;98,2886;96,3385;105,5071;102,1216;76,5375;76,1811;80,536;74,612
2021-05-01;99,1508;97,3609;106,5645;101,5981;77,3697;77,0724;82,2274;74,0941
2021-06-01;99,5096;97,3052;106,9817;105,1726;77,7972;77,1028;83,3498;76,558
2021-07-01;100,1231;98,2952;107,4984;103,0394;78,4064;77,9515;84,4351;74,8632
2021-08-01;100,1255;98,0162;107,8188;104,878;78,5176;77,7823;85,2423;76,0514
2021-09-01;99,0614;97,1413;105,617;103,9478;77,7675;77,1261;83,9104;75,2257
2021-10-01;100,3045;98,4407;109,3269;101,3195;78,8064;78,1833;87,1558;73,1714
2021-11-01;101,1971;99,2853;109,8534;103,1336;79,5489;78,867;87,7586;74,3212
2021-12-01;100,886;99,2354;110,0766;100,0146;79,3243;78,8279;88,0156;71,9138
2022-01-01;101,0227;98,6743;108,3229;108,4605;79,4322;78,3715;86,6004;77,809
2022-02-01;101,6766;99,8273;107,9322;106,8418;79,9253;79,2646;86,2007;76,4661
2022-03-01;102,478;100,6333;110,6254;104,6333;80,5162;79,8714;88,2011;74,7027
2022-04-01;102,7953;100,7696;111,1315;106,0629;80,7112;79,9377;88,4051;75,5348
2022-05-01;102,7769;100,3862;112,2857;106,9685;80,6275;79,5833;89,092;75,9845
2022-06-01;102,6863;99,9576;113,8698;106,7159;80,4742;79,186;90,1018;75,6054
2022-07-01;103,1328;100,1859;115,502;106,8803;80,7318;79,3033;91,1512;75,5191
2022-08-01;103,2344;100,379;115,7788;105,9957;80,7118;79,3875;91,1509;74,6902
2022-09-01;103,5283;100,6212;117,1892;104,9233;80,8369;79,506;92,0721;73,7301
2022-10-01;103,4114;100,7545;117,3849;102,4057;80,6377;79,5345;92,069;71,7591
2022-11-01;103,0707;100,0038;116,6132;105,8364;80,2626;78,8626;91,3407;73,9525
2022-12-01;101,4848;97,905;114,2881;109,2204;78,9195;77,1281;89,4312;76,0994
2023-01-01;102,5478;99,5339;118,7153;101,3425;79,6374;78,329;92,8367;70,4086
2023-02-01;102,5671;99,8813;117,5226;100,5087;79,5454;78,5187;91,8756;69,6287
2023-03-01;102,6592;99,0728;118,0448;106,7805;79,5118;77,7992;92,2835;73,7608
2023-04-01;103,1512;99,9295;118,7351;104,2979;79,79;78,3872;92,8498;71,8397
2023-05-01;102,924;99,7758;118,3656;103,7038;79,5144;78,1815;92,6094;71,2261
2023-06-01;102,3002;99,0882;119,1207;102,0167;78,9361;77,5576;93,2677;69,8665
2023-07-01;103,19;99,4553;120,0027;106,9698;79,5299;77,76;94,0381;73,0507
2023-08-01;103,1141;99,3527;119,3508;107,7226;79,3823;77,5954;93,6097;73,357
2023-09-01;103,2974;99,535;120,317;107,0417;79,4371;77,6538;94,4477;72,6882
2023-10-01;102,5683;98,8828;119,4838;105,8955;78,7929;77,0617;93,8693;71,7074
2023-11-01;102,9049;99,3438;118,9746;106,2382;78,9696;77,3378;93,5394;71,7375
2023-12-01;102,5658;99,3508;119,8505;101,9617;78,6293;77,2606;94,2926;68,6571
2024-01-01;101,724;98,0789;114,2997;109,7486;77,8775;76,162;89,8848;73,6824
2024-02-01;102,5863;99,4971;118,8748;102,1244;78,4495;77,1646;93,5057;68,3676
2024-03-01;102,4458;99,4165;118,4511;101,8681;78,2508;77,0003;93,1729;67,9996
2024-04-01;102,4547;99,0054;117,6185;106,0357;78,1624;76,578;92,4939;70,5768
2024-05-01;103,3284;99,848;117,9183;107,7808;78,7287;77,1232;92,6897;71,5289
