date;Balance of Payments: Total Net Current Account for Australia;Balance of Payments: Total Net Current Account for Bangladesh;Balance of Payments: Total Net Current Account for Bhutan;Balance of Payments: Total Net Current Account for Brunei Darussalam;Balance of Payments: Total Net Current Account for Cambodia;Balance of Payments: Total Net Current Account for China, P.R.: Hong Kong;Balance of Payments: Total Net Current Account for China, P.R.: Mainland;Balance of Payments: Total Net Current Account for Federated States of Micronesia;Balance of Payments: Total Net Current Account for Fiji;Balance of Payments: Total Net Current Account for India;Balance of Payments: Total Net Current Account for Indonesia;Balance of Payments: Total Net Current Account for Japan;Balance of Payments: Total Net Current Account for Kiribati;Balance of Payments: Total Net Current Account for Lao People's Democratic Republic;Balance of Payments: Total Net Current Account for Malaysia;Balance of Payments: Total Net Current Account for Maldives;Balance of Payments: Total Net Current Account for Marshall Islands;Balance of Payments: Total Net Current Account for Mongolia;Balance of Payments: Total Net Current Account for Myanmar;Balance of Payments: Total Net Current Account for Nepal;Balance of Payments: Total Net Current Account for New Zealand;Balance of Payments: Total Net Current Account for Palau;Balance of Payments: Total Net Current Account for Papua New Guinea;Balance of Payments: Total Net Current Account for Philippines;Balance of Payments: Total Net Current Account for Republic of Korea;Balance of Payments: Total Net Current Account for Samoa;Balance of Payments: Total Net Current Account for Singapore;Balance of Payments: Total Net Current Account for Solomon Islands;Balance of Payments: Total Net Current Account for Sri Lanka;Balance of Payments: Total Net Current Account for Taiwan Province of China;Balance of Payments: Total Net Current Account for Thailand;Balance of Payments: Total Net Current Account for Timor-Leste;Balance of Payments: Total Net Current Account for Tonga;Balance of Payments: Total Net Current Account for Tuvalu;Balance of Payments: Total Net Current Account for Vanuatu;Balance of Payments: Total Net Current Account for Vietnam;Fiscal Situation of General Government: Net Lending/borrowing for Australia;Fiscal Situation of General Government: Net Lending/borrowing for Bangladesh;Fiscal Situation of General Government: Net Lending/borrowing for Bhutan;Fiscal Situation of General Government: Net Lending/borrowing for Brunei Darussalam;Fiscal Situation of General Government: Net Lending/borrowing for Cambodia;Fiscal Situation of General Government: Net Lending/borrowing for China, P.R.: Hong Kong;Fiscal Situation of General Government: Net Lending/borrowing for China, P.R.: Mainland;Fiscal Situation of General Government: Net Lending/borrowing for Federated States of Micronesia;Fiscal Situation of General Government: Net Lending/borrowing for Fiji;Fiscal Situation of General Government: Net Lending/borrowing for India;Fiscal Situation of General Government: Net Lending/borrowing for Indonesia;Fiscal Situation of General Government: Net Lending/borrowing for Japan;Fiscal Situation of General Government: Net Lending/borrowing for Kiribati;Fiscal Situation of General Government: Net Lending/borrowing for Lao People's Democratic Republic;Fiscal Situation of General Government: Net Lending/borrowing for Malaysia;Fiscal Situation of General Government: Net Lending/borrowing for Maldives;Fiscal Situation of General Government: Net Lending/borrowing for Marshall Islands;Fiscal Situation of General Government: Net Lending/borrowing for Mongolia;Fiscal Situation of General Government: Net Lending/borrowing for Myanmar;Fiscal Situation of General Government: Net Lending/borrowing for Nepal;Fiscal Situation of General Government: Net Lending/borrowing for New Zealand;Fiscal Situation of General Government: Net Lending/borrowing for Palau;Fiscal Situation of General Government: Net Lending/borrowing for Papua New Guinea;Fiscal Situation of General Government: Net Lending/borrowing for Philippines;Fiscal Situation of General Government: Net Lending/borrowing for Republic of Korea;Fiscal Situation of General Government: Net Lending/borrowing for Samoa;Fiscal Situation of General Government: Net Lending/borrowing for Singapore;Fiscal Situation of General Government: Net Lending/borrowing for Solomon Islands;Fiscal Situation of General Government: Net Lending/borrowing for Sri Lanka;Fiscal Situation of General Government: Net Lending/borrowing for Taiwan Province of China;Fiscal Situation of General Government: Net Lending/borrowing for Thailand;Fiscal Situation of General Government: Net Lending/borrowing for Timor-Leste;Fiscal Situation of General Government: Net Lending/borrowing for Tonga;Fiscal Situation of General Government: Net Lending/borrowing for Tuvalu;Fiscal Situation of General Government: Net Lending/borrowing for Vanuatu;Fiscal Situation of General Government: Net Lending/borrowing for Vietnam;National Accounts: Real Gross Domestic Product for Australia;National Accounts: Real Gross Domestic Product for Bangladesh;National Accounts: Real Gross Domestic Product for Bhutan;National Accounts: Real Gross Domestic Product for Brunei Darussalam;National Accounts: Real Gross Domestic Product for Cambodia;National Accounts: Real Gross Domestic Product for China, P.R.: Hong Kong;National Accounts: Real Gross Domestic Product for China, P.R.: MainlandÂ ;National Accounts: Real Gross Domestic Product for Federated States of Micronesia;National Accounts: Real Gross Domestic Product for Fiji;National Accounts: Real Gross Domestic Product for India;National Accounts: Real Gross Domestic Product for Indonesia;National Accounts: Real Gross Domestic Product for Japan;National Accounts: Real Gross Domestic Product for Kiribati;National Accounts: Real Gross Domestic Product for Lao People's Democratic Republic;National Accounts: Real Gross Domestic Product for Malaysia;National Accounts: Real Gross Domestic Product for Maldives;National Accounts: Real Gross Domestic Product for Marshall Islands;National Accounts: Real Gross Domestic Product for Mongolia;National Accounts: Real Gross Domestic Product for Myanmar;National Accounts: Real Gross Domestic Product for Nepal;National Accounts: Real Gross Domestic Product for New Zealand;National Accounts: Real Gross Domestic Product for Palau;National Accounts: Real Gross Domestic Product for Papua New Guinea;National Accounts: Real Gross Domestic Product for Philippines;National Accounts: Real Gross Domestic Product for Republic of Korea;National Accounts: Real Gross Domestic Product for Samoa;National Accounts: Real Gross Domestic Product for Singapore;National Accounts: Real Gross Domestic Product for Solomon Islands;National Accounts: Real Gross Domestic Product for Sri Lanka;National Accounts: Real Gross Domestic Product for Taiwan Province of China;National Accounts: Real Gross Domestic Product for Thailand;National Accounts: Real Gross Domestic Product for Timor-Leste;National Accounts: Real Gross Domestic Product for Tonga;National Accounts: Real Gross Domestic Product for Tuvalu;National Accounts: Real Gross Domestic Product for Vanuatu;National Accounts: Real Gross Domestic Product for Vietnam
1990-01-01;-4,8476360814;-2,6872784796;-10,2300731015;47,8428546543;;6,1930192292;;;-9,1738576618;-2,9466433263;-2,3145210985;1,3986772458;-14,612713249;-4,465299586;-1,8412905382;12,4044898557;;-24,0449753213;;-6,6199312291;-2,8530837808;;-1,9360998575;-5,3357542989;-0,9896058861;7,1433184201;8,0798895766;-12,1820621557;-3,851114144;6,5501738377;-8,2303041481;;-11,4381911591;;2,7423787727;-3,1518794124;-0,2316862734;-0,153149058;-7,7516346216;-1,6259408966;;0,6416793091;-0,7188550952;;;-7,9295562522;;1,9522194948;-3,9261003629;;0,149006252;-12,7672236248;;-9,3665840983;;;-2,7310365645;;-2,0352101752;-1,5218876717;;;1,9658140156;-0,0511331642;-6,3885799834;-3,9916446594;;;;;;;1,5134451926;5,941269676;9,097718802;1,0894205356;1,1178673077;3,8305377703;3,888198;;5,8024285907;5,5338097734;9,0021101025;4,8927418502;-1,3310602068;6,6864030029;9,0074985342;-4,0487885905;;-2,4856335989;;4,6350358407;0,0213200675;;-3,1320832475;3,0369665811;9,877576696;-6,4443071855;9,8208995573;2,2;6,1735494418;5,5410460772;11,6228571429;;4,7;;11,6969541848;5,0474818311
1991-01-01;-3,2793380333;-1,519478;-10,4602930811;46,9273161947;;4,3124110418;;;-4,9249784037;-0,4255227372;-2,8468236425;1,8624468228;18,2947320201;-1,2176487462;-7,8155266757;2,3773155083;;-3,3640905636;;-6,7487798293;-2,3940872293;;-2,7107005782;-1,9967495082;-2,4295501218;-17,4167233934;10,7197604363;-15,9931518882;-5,7858100823;6,662387562;-7,478221917;;-8,6732538632;;-2,7277372988;-1,3752679847;-2,7880671598;0,4422745076;-0,5170327753;-1,0605375449;;3,1274925929;-1,0436010879;;;-7,7640139029;;1,6705533186;3,3729814854;;1,6015709937;-10,2204892648;;-6,3657865564;;;-6,1446226916;;-0,6229973132;-0,2618489091;;;0,6816685068;-0,8350393109;-7,9725375156;-9,2418778406;;;;;-2,8073355865;;-0,9948903757;3,3390517779;4,8960396613;3,1459413616;7,5920874717;5,7019524555;8,995619767;;-2,7;1,0567214746;8,928338194;3,4174641586;0,1335324924;3,9986943039;9,5474443942;6,8959927376;;-9,1986655909;;6,3664303006;-1,3215624278;;9,5681769836;-0,4363668566;10,7780317343;-2,4427816901;6,6883975396;6,0;10,8205974234;8,3717846196;8,4026312303;;5,9;;3,1469599756;5,8089839961
1992-01-01;-3,2579298484;-0,5446739686;-30,3908557672;32,7476905176;-1,0086621386;3,0066685373;;;-2,4217163362;-1,6752822051;-1,8421676645;2,8180789099;-17,960823764;-1,7459330604;-3,3639788454;-6,4113193172;;-2,4131365683;;-5,0554565054;-3,675861712;;-0,020350367;-1,6550164069;-0,8160540856;-13,172834451;11,2287771343;-2,7119367974;-4,7980670956;3,8356074056;-5,4539052832;;-5,9207169107;;-2,5620589835;-0,0615409532;-4,7436350213;0,3557906844;-3,7292303626;-8,2821632662;;2,6265419939;-1,2249267827;;-2,2455342118;-7,7570950689;;0,5732410689;1,0090827183;;1,8054743102;-12,6042404293;;-8,1025803694;;;-6,2690291997;;-4,3329557309;-0,4341155674;;-9,8864711773;2,7014065737;4,1841831182;-4,9514400558;-6,7880425154;;;;;-2,3234527447;;2,5842927654;5,0399179004;2,0829603621;4,7585808456;7,0692139097;6,2349003186;14,2774525959;;6,1;5,4824590578;6,5226962401;0,8480332795;1,3066817702;6,9993722536;8,8860558867;6,4671984471;;-9,2564657047;;4,1080854223;0,7038323763;;13,8269783335;0,4176343802;6,1986626754;4,1348973607;6,6398055695;12,7;-3,134984348;8,3102103286;9,2299025962;;-3,8;;2,5844194313;8,699886847
1993-01-01;-3,0263765757;-0,2948432485;-16,5239169696;21,9196736351;-1,6443369209;4,7453137186;;;-5,0892236954;-0,4080559799;-1,2047370014;2,9026378605;-1,6530555793;-1,6069048729;-4,1052264302;-15,5382709027;;4,0327896247;;-4,5981200815;-3,3141836439;;7,0543739384;-4,8616499071;0,4298367195;-17,5654410458;6,7771547265;-2,4440369879;-4,9406439386;2,9796140132;-4,9305071237;;-5,0248826944;;-1,2677113254;-8,3352480376;-4,7267805203;0,4260164523;5,0575869239;-12,7718323596;;1,9904206569;-0,8954212862;;-1,8997005231;-8,4224567969;-0,5885739555;-2,3867958373;7,8534000821;;3,4397444853;-13,8875106636;;-13,3416836808;;;-1,52613712;;-4,9045767113;0,6286175526;;-13,168931735;4,3569507176;2,1701075393;-5,7745406188;-6,0496685566;;;;;-3,6689204326;;3,9293205877;4,573961394;3,1923737001;0,3045728741;4,0420349807;6,2012229802;13,8794255763;;2,6;4,750403592;7,9558335665;-0,5178775986;1,0462976834;5,8668231153;9,8957344472;5,417439386;;-3,1687915467;;3,8467501861;5,2248677249;;13,3344704076;2,1819010639;6,8774728414;1,683166172;11,4596508752;4,0;7,4765414479;6,8139580415;8,6758650455;;-0,1;;0,7363026059;8,0780329683
1994-01-01;-4,5199214035;-0,4888259068;-13,915936987;26,4589833782;-3,436293007;-0,8249222863;;;-1,8498245884;-1,0118077435;-1,4036625493;2,6114850146;0,7691838666;-3,4510696382;-5,5696627126;-2,9061175248;;4,059024774;;-5,1593200021;-3,1535725905;;6,0466092765;-4,0322975248;-1,0343483896;2,4094063781;15,2858947683;0,3174841032;-6,8845382925;2,5358355966;-5,4940876634;;-9,1847260186;;-3,4778929239;-9,0384766866;-3,7927136124;0,0320560477;-0,1385597626;-22,5501668718;;1,0154678987;-1,6902051289;;-0,1951541444;-7,8590940738;0,0048503704;-3,761947654;0,9066420122;;5,4485583563;-4,8159712565;;-9,7366355253;;;1,9923173321;;-1,0092182899;-0,4446806865;;-9,5051072239;7,9046859111;4,5564395983;-7,4055527456;-6,197684779;;;;;-1,493169413;;4,8507470301;4,0846889426;2,2320431641;3,1453973953;8,1814354325;6,0361505152;13,0285341935;;5,1;6,6588806145;7,5399619594;0,8756199079;1,7537282559;8,1601551676;9,2112556419;7,5052019997;;2,1343826915;;8,2192394404;5,582924219;;10,4924151216;4,3736319206;9,2686472022;6,3903339435;11,09568931;8,1;8,0357747893;7,5029051226;7,9970246672;;1,9787399665;;9,0791830885;8,8336594673
1995-01-01;-4,9839806908;-1,1887117066;15,8273847398;16,1404145637;-4,694869189;-6,2660512397;;-9,1773808849;-1,4630947469;-1,6086366164;-2,7842948369;1,9911674082;-10,6812246244;-3,4641946848;-8,947202568;-3,9020190848;;1,7790699578;;-1,8609259513;-3,9517813073;;12,8260477337;-2,3391973156;-1,8054697407;4,0134736874;16,4967504477;-18,0777548921;-6,5107037567;1,9615927905;-8,0232936045;;-8,7477194013;;-2,1526754876;-10,0285537455;-2,6035058624;-0,3767393309;-0,9506323937;-19,7936240502;;-0,2730132667;-0,95252502;-0,4513457572;0,779371777;-6,696948115;0,6409481349;-4,2955168347;-6,3020968019;;3,1027523617;-5,6621470501;;-4,9679505271;;;3,6968888287;;1,0774788416;-0,016032423;2,2350692363;-5,824336069;4,8035231944;3,2970638258;-7,1101195942;-6,756486118;3,0543267467;;;;-2,5863867223;;2,9597528884;4,9249574297;6,0188658563;4,4787073397;5,978538536;2,373753335;10,9689340348;;2,6;7,5746458204;8,2201496977;2,6309772211;-0,0844264696;7,0449596516;9,8297443199;7,3768987716;;6,3764268862;;3,4684473386;4,8927252689;;-3,4461355437;4,6252303353;9,6145653932;6,5562873479;7,1754011209;10,0886162236;6,0511775562;6,4985321898;8,1203153463;;7,9295833548;;1,0051241624;9,5404796845
1996-01-01;-3,4600411423;-1,7194634314;15,0571307491;18,7897106054;-7,0430073134;-2,5048146291;;-19,2676832252;0,8129872992;-1,1246624966;-2,6572330032;1,3996760734;-24,7886093171;-6,2595188769;-4,0619988652;-1,4124038247;;-2,7366143062;;-4,3825000096;-4,720585894;;2,5539423889;-4,1764587484;-4,0089394464;4,3834587984;14,6273453864;-6,7823985843;-5,3110582967;3,7344333704;-8,026582522;;-4,8932852329;;-1,229385054;-6,4429447176;-1,4556280321;-2,0147103773;2,7442543472;-8,7036721776;-7,5357882448;2,0199403352;-0,7402139123;2,3622250605;-3,4560983609;-6,589632972;0,9623609125;-4,8691654748;-24,6634617713;;3,2697902644;-2,0128276078;;-6,8829583696;;;2,5749439292;;2,0545354702;0,5370361549;2,3779115002;1,2133025256;1,982856985;3,9753179309;-6,8922873976;-7,1349049874;2,7493012835;;;;-1,7771504007;;4,0131762393;4,6220813205;5,9711913616;2,8783177472;5,8975056098;4,2585147306;9,921005376;-3,0869504765;4,8;7,5497140459;7,8179946874;3,1338934978;1,1412551469;6,8924255115;10,0020404979;9,0838489746;;2,235093843;;5,3377194583;4,0747302303;;6,5985428832;5,8603767936;7,890703326;7,2744962942;7,47139086;1,6099071207;12,1621167313;6,1766415487;5,651944465;;0,0899741668;;2,3284552846;9,3400215783
1997-01-01;-2,9168295271;-1,4426361332;5,4151515394;17,215182228;1,307450711;-4,357951277;3,8583577573;-31,1411894152;-2,6485801935;-1,3000709015;-1,4577234073;2,1172493565;6,1853980912;-5,7379546759;-5,4393976538;-5,319558056;-12,2646359189;6,2747866245;;-0,6241757601;-5,2038203069;;-6,2613838348;-4,6234976113;-1,8947788983;-3,1389901468;15,5698338002;-3,9400752338;-2,8631977163;2,2342060237;-2,0116491385;;-0,7058735208;;0,3416389699;-4,4749448442;-0,4929994274;-1,9405275943;-2,0583047844;-11,7926060409;-3,7238214251;6,3175330663;-0,7333801822;2,6282696165;-4,5045566959;-8,13344322;-1,0337564287;-3,5262194338;7,0616293706;;4,8401180787;-1,4611044143;7,9009736867;-8,0933515213;;;1,2350304527;;0,6729052708;0,367057702;2,3939034889;1,9211630193;5,6630360978;2,1363286439;-5,7103593669;-7,4734420629;-1,6808288952;;;;-0,5072993418;;4,6576634621;4,4898519646;5,5443741668;-1,4711715722;4,006621073;5,0997658539;9,2472939623;-6,0605580781;-2,4;4,0496831383;4,6998951049;0,9812287321;1,9653731212;6,9069741408;7,3273905165;10,4054213124;;3,8967135838;;5,2608554413;2,4465372655;;-6,3433632766;5,1863820182;6,1705659784;0,8034933351;8,3162091112;-0,9140767824;10,2910690818;6,0513343143;-2,7535751531;;-0,6355558327;;4,9068836204;8,1516884672
1998-01-01;-4,9035280919;-0,9481676239;10,4566314232;14,0416233352;-5,4989703173;1,4849415482;3,0728802141;-25,2474649704;-0,4162118054;-0,9415603037;3,4685290305;2,8093322156;24,3360581069;-5,6791720517;12,1169680021;-3,1531714186;-11,1713537208;-6,7114362553;-22,7617730079;-0,8229721272;-2,7816345999;;-5,6299422698;2,0753791188;10,4772894473;0,9008144078;21,7915468141;-1,2175841196;-1,8504502029;1,1176435302;12,5290471236;;-8,5881564364;;2,3792633061;-3,9713428063;-0,2457234778;-2,1966128481;1,3720683285;-23,9968799447;-5,3577589784;-1,8009397537;-1,0876534067;-3,2783976094;5,3969598362;-9,5744781118;-1,8934919851;-10,046833405;16,6423365936;;-0,6272488573;-2,2510089887;13,5284025424;-12,3369418644;-4,9542621166;;-0,4789917631;;-0,1647365213;-1,3085158907;1,1304350173;1,6368443355;2,4139331567;5,0396669071;-6,7855998963;-5,2357387632;-6,2920912532;;;;-6,6464584955;-0,0990422784;4,7080040671;5,1770301215;6,0086607295;-0,5585088511;4,6816321076;-5,8825801725;7,8560446501;2,7455274205;1,3;6,1843585896;-13,1267525458;-1,2703095421;6,8502618542;4,2792965643;-7,3588400061;9,7894452867;-0,679427781;3,3399366026;;2,94254406;0,408568428;;4,6816730609;-0,5140834056;-5,1294602747;1,1000002773;-2,1910150061;1,2915129151;-1,6458046478;4,2048272327;-7,634035286;;2,3059589421;;1,1758364938;5,7648401826
1999-01-01;-5,4708556698;-0,5688670682;2,3200000132;26,7312250593;-4,8211293421;6,4260424237;1,9400204715;-20,9708677628;-2,3930038019;-1,0060339218;3,4001485627;2,464980653;2,6290696356;-6,8047492271;14,6208772423;-10,4348646594;-12,1702369435;-5,7067467023;-14,5819767928;3,5380570447;-5,0015733873;;-2,2600931854;-3,3570725097;4,3809831838;-8,2166158103;17,2038768568;2,8320315922;-3,5082134411;2,4938261973;9,8214014799;;-0,4838263515;;-6,9201278004;3,2295994408;0,6655613495;-1,3496454872;-1,3761696033;-18,2549254704;-3,8024393231;0,7619446642;-2,322645498;-5,1833743277;1,1666927675;-8,5507286023;-0,9593902047;-6,7485384037;-2,0244993268;;-3,0026986434;-3,0282051484;9,0084862429;-9,9079764657;-4,5145110419;;-1,1145931343;;-1,9364989226;-2,2875144875;1,1872092964;0,2737066488;5,2038327309;-0,3221246756;-5,5839493331;-2,3480505646;-9,0171922445;;1,5299861061;;-0,552112543;-1,245925401;4,4113183702;4,6701901045;7,0865762029;3,0521571416;12,7053811347;2,5066413045;7,6804307434;1,5269710504;8,7;8,4629310725;0,7911581391;-0,3339511089;-1,7711233005;4,0279899936;6,1310463258;7,2295857568;-1,3646977;3,0703690097;8,4318565843;4,482915754;4,4881438498;;1,8555538469;3,3464316132;11,4669289724;-0,6362520018;5,7183717571;-0,4857316333;2,8792410813;6,7320283093;4,5723077512;;2,295901102;;0,3372932219;4,7735858313
2000-01-01;-4,087811052;-0,5302998546;-9,3854152896;45,0886866732;-2,6270390034;4,391414437;1,6948214769;-14,5956930412;-3,8242205586;-0,5594300762;4,4517011305;2,6284546679;-3,6504536753;1,4589781665;8,3092887616;-6,4210692969;-13,287359436;-6,14522221;-8,7501165105;5,5930411755;-3,3420087543;-50,6490863841;4,427806488;-2,6629456285;1,7660203798;-1,6525753124;11,0715053335;-7,269615454;-5,3289971789;2,4854827212;7,383641545;-4,1413665974;-4,9070087315;;1,2591841591;2,1472954281;1,2504637139;-2,4957558715;-3,6431876451;6,8595460826;-4,8154471393;-0,5871687816;-2,8459915053;-3,4792101539;-1,329526927;-8,2640033291;-1,8699976126;-7,2818460649;-0,0316725176;-3,5755570951;-6,0525313782;-3,8926503512;7,8489210375;-5,8211115212;-5,9821643612;-1,4807138987;0,1696712866;-13,4259229579;0,3035212246;-3,2737694774;4,0496005198;-0,6158656738;4,592846764;-2,9291483734;-7,7778381889;-5,3303345192;-1,7920680014;;1,3351442171;;-6,2756818728;-1,6052989692;3,0877758134;5,2933271769;6,9340885949;2,8500992962;9,575250103;7,6634671409;8,4720705519;4,8596089611;-1,7;3,9749873797;4,978653424;2,7646688447;5,9555435238;6,4287208025;8,6706272751;4,7696827635;2,4682744304;1,1460621347;12,4181914722;6,1162184806;4,2117171163;;-2,4935836143;4,3825406076;9,060846489;5,0930497076;9,0383163256;-14,2769981696;8,4176179853;6,3143639411;4,4552470434;;3,765852024;;5,9248090565;6,7873197228
2001-01-01;-2,2331252388;-1,5743907438;-8,8922001647;31,4412965117;-0,9697071824;6,1358320066;1,3050865954;-17,4076525483;-4,4219862901;0,6883614154;3,9539949024;1,9701656519;-9,8462515389;-12,2595046713;7,2108250913;-7,6529309611;-4,8166521311;-4,8657429603;-7,261862111;6,7050927854;-0,8218397175;-32,9783707127;4,9207568657;-2,2174057335;0,3952948105;-3,9777447126;14,4329262532;-6,2975044877;-0,9318493466;5,708451689;4,2402723304;-6,6349768752;-11,6994701591;53,6380521264;-1,3611442102;2,2277869888;-0,0302624894;-3,439108826;-13,0751633332;2,5852916067;-5,1464141197;-4,8363451605;-2,5958716478;-5,4471987767;-4,5014148098;-10,8428260881;-1,7633979941;-6,2004811777;-11,2070953441;-3,6829789124;-4,360678479;-3,9656326708;7,8448545575;-4,3273698825;-6,2481837611;-2,3537239473;1,2856333543;-16,6788500674;-1,329111155;-3,4941218086;2,507869282;-1,9574330363;1,1965925587;-2,3961059513;-8,4802728562;-5,5877621457;-1,7680935561;3,241732881;2,2307691604;;-3,3260883938;-2,1922366143;2,6383465899;5,0771987431;7,0398010302;2,7450435013;8,5612689162;0,5608002785;8,3189952251;2,0890898656;1,9;4,9444009397;3,6434700834;0,3860826258;-1,4176935586;4,7721125675;0,517599591;3,4517372383;6,9164670997;4,6386053839;12,4677100919;5,6286179332;2,5243753207;6,5020577201;-0,1225774819;3,0491952912;4,8523995715;7,3901257379;-1,070862751;-7,956605916;-1,9479333345;-1,4015288502;3,4442490097;16,3476915812;1,4599769042;0,6954623776;-3,3975824894;6,8949010838
2002-01-01;-3,7832683338;0,2370647774;-16,7936518789;27,1161103475;-2,2663676572;7,8928857792;2,4165140702;-9,9904529709;0,7494742267;1,2107111041;3,6756394388;2,6094499686;-11,8059840666;-9,3401424787;6,5460374203;-4,2965264551;5,9423578704;-7,5299531881;-1,6838121763;3,4026966604;-2,1266250767;-29,858125299;1,4094190755;-0,3344904827;0,6485119268;-8,2962669541;14,8770565263;-4,2317200242;-1,1655026847;7,9189667298;3,4655051951;-8,9997493196;-7,7577588263;23,3166660417;-6,0759664109;-1,4065477891;0,1925699816;-2,3048190789;-4,6543063911;-4,6134987031;-6,3810410583;-4,7731651699;-2,8835454666;7,1350787211;-3,6802676584;-10,8812647162;-0,5760783161;-7,3359699831;3,2378715662;-2,8496373098;-3,9598003675;-3,9673693601;5,123096404;-4,7357043187;-3,9914559864;-2,4642403893;2,5504296833;-12,6960493413;-1,749991285;-3,7068242541;3,3459956804;-1,769534564;2,2320900692;-4,3496291677;-6,9044417256;-5,2417014459;-6,7224986411;-7,6385156087;2,5889317457;;-3,6339014582;-1,8548544466;4,1517260326;3,8331830894;9,5155347982;3,8711266224;6,5789395024;1,6566951667;9,1145109038;0,6132261747;3,2;3,9074275822;4,4994738827;0,0419624992;3,9617169902;6,808538181;5,3911411437;6,0979433625;3,6482583102;5,2669154849;9,9275502141;0,120153875;4,7056181217;5,0564181253;-0,1589003578;3,716279575;7,7251426755;5,6519602564;3,923360767;-2,7999857446;3,7266022898;5,4813818375;6,149017654;-6,7006946889;4,4953396265;8,3174485856;-5,1983187594;7,0803108872
2003-01-01;-5,311361707;0,2447253786;-24,059748674;34,1881093349;-3,5595182255;10,8201748183;2,5982245712;-5,9492017036;-4,0772599612;2,277364915;3,1749106543;3,0851894808;-9,2922008434;-11,5891271959;11,1486422785;-2,9746037082;-0,723795629;-6,1844405623;1,261847258;2,1251935802;-2,4828658235;-27,8086043648;1,4550765497;0,327438933;1,6092727745;-3,7676007178;24,3020869644;5,9063866394;-0,3290636686;8,9044291648;3,1335639764;-8,9900351848;-2,5982288773;-61,1999748589;-8,0579855612;-3,8440543135;1,0504355993;-1,9579041618;-10,996838421;8,0608587582;-6,1685188238;-3,1719069619;-2,3942973215;2,5910361132;-3,4575158117;-11,2311354151;-1,0772691765;-7,4332875227;-9,5145948932;-3,8853641675;-4,5969589669;-3,4454269303;10,5426912794;-3,3822721706;-4,198882189;-0,3381819441;3,6831633796;-3,1654580351;0,1878830018;-3,4910604516;1,5639305961;-0,5118258023;0,6780516355;10,5607552487;-6,152273326;-4,3331233425;1,9783241777;-8,2383826922;2,3700984476;;-1,3481534756;-2,5585496258;3,0026803082;4,7395645415;9,319805746;2,9035957974;8,5058955571;3,0562916919;10,021435881;1,5810656607;0,8;7,9439571133;4,7803696289;1,5351461314;2,0063073945;6,1791799217;5,7887040166;25,3939627137;-1,5354038768;7,3573903138;13,1960733431;3,9451118048;4,4175328496;-3,380290139;9,0458568397;5,0869058682;3,1472911937;5,212629227;4,5482554264;6,523468576;5,9403338313;4,2246304539;7,1892618818;-2,1822672376;0,0559672991;-4,3508552791;4,288335117;7,3411762733
2004-01-01;-6,2692546737;0,2255091377;-18,7271281849;33,0420271723;-2,1699398621;9,964578436;3,536439475;-18,4041230601;-11,0646766945;-0,3422749811;1,8822689964;3,7208466431;-7,2923322536;-13,8732793652;11,098514048;-9,970751707;3,5407326579;3,1630509033;2,4034024386;2,3677761506;-4,5945009771;-34,6753701062;-0,2633478819;1,7104903579;3,6957365744;-3,324199218;19,3111251691;15,3636303217;-2,6541387151;4,9760228286;1,5959733867;14,877839519;-4,6308523176;-18,3457703813;-2,7802271325;-2,5303386927;1,322731805;-2,2076680239;1,9412983405;8,5652762689;-3,5615136298;-0,3035330703;-1,5118284844;-15,3044709585;-0,981571577;-9,0620752453;-0,260194006;-5,3141768365;-19,5234094248;-1,8106306083;-3,3534636705;-2,2568360867;-1,5975402326;-1,6179607667;-4,5596162537;-0,143842389;4,4922443496;-4,813157694;2,0250598054;-2,8070192475;0,089544783;-0,7430141045;2,0597660491;17,0319993693;-6,3228597861;-4,6220867243;1,105924705;-7,4790464306;4,2326885137;-3,5964690694;0,7999297258;-0,1495490577;4,1207257258;5,2395156338;6,8762424332;0,5043072525;10,340528777;8,700063481;10,1143421555;-3,0801388207;5,4;7,848981289;5,0308717108;2,1860949301;-1,6293536861;7,1867922029;6,782722489;6,0313185256;-0,707917387;9,424989486;15,3175471511;4,6826007592;4,8510353571;4,0765421154;0,5778700682;6,5692355166;5,1973913632;3,0872615703;9,9399826843;6,6670776097;5,4450612789;6,9516384256;6,2893421429;0,4;-1,8851220936;-1,8881693045;3,9873928022;7,7894444998
2005-01-01;-5,9768588869;-0,6740311457;-31,0139643608;38,1830817971;-3,8241287075;11,9176765631;5,7806714174;-10,0607899153;-6,8629524595;-1,1869049039;0,5130137552;3,5205552719;-25,432838012;-15,6675086905;13,7637477146;-23,467309162;6,2709638023;3,467841608;5,553687521;1,7514160823;-7,1414357495;-27,0578243717;8,5176029887;1,8529082999;1,3061406471;-7,1385950598;23,2604842918;-6,051052102;-2,0965869805;3,9961552339;-4,0364960288;56,7000517304;-9,4812754128;-7,9880364972;-9,1525130213;-0,7653135688;1,7070071622;-2,3981617279;-7,5083581215;16,0092701491;-0,384228826;0,9705660697;-1,4014837609;-5,5592700218;-1,1786419708;-7,3683305217;0,4617825951;-4,4384802999;-10,1132306481;-2,5418090886;-2,832840099;-7,806721633;-22,3290157159;2,4346727668;-3,4877258612;0,244951893;5,1296433154;1,3817486098;2,8491523477;-1,6246381784;0,9924091945;0,2309936695;2,555514611;13,3895966335;-5,9332523534;-2,497317357;2,1730401795;-10,4966649357;4,2304607427;-12,7829059631;1,8567875058;-0,9539257946;3,0048055115;6,5359478435;6,6658724635;0,3879333791;13,2500869139;7,3881522144;11,3893818484;2,0418416868;-1,3;9,2847162892;5,6925749694;1,8039207576;4,9516632826;6,9398384359;4,9759358827;-13,1292907578;1,7730186878;6,5072757273;13,5669537449;3,4791039432;3,2120285937;3,6643124665;4,2519053349;4,9424966494;4,3085336841;6,6392022319;7,3663223925;5,5262816434;6,2418027607;5,3834087284;4,1876384288;2,9876490981;-0,4161604572;-3,7464653438;5,3053264726;7,5472557754
2006-01-01;-5,9001671446;0,664900246;-4,6681461758;41,144572371;-0,6455526413;12,6804667444;8,4179541317;-15,4195450633;-13,84532173;-1,0077796066;2,4064926157;3,791683828;-8,7740885607;-9,2635951805;15,3621089426;-19,1705839313;-2,9096620847;10,9005640886;7,7538237455;1,8653254934;-7,1893606695;-28,4763596602;-1,1565648384;5,4545228855;0,199010043;-8,5214872442;26,8933869921;-7,9917620419;-4,4836921;5,9922294393;1,0438076298;119,7823879145;-6,6355500839;28,0119701108;-6,0538243512;-0,1942354434;1,7716561937;-2,1475280733;-0,0792722181;19,7801392553;-0,1723710314;4,0000859358;-1,143696889;-5,3593282693;-0,7574125057;-6,3207130973;0,4509434018;-3,0288121424;-12,5046072138;-1,481897626;-2,6019633659;-4,5237299908;0,2360254856;7,5848762474;-3,4392681047;0,2353248913;4,6190444809;0,1429959346;5,337371913;-0,0463578408;1,2321182894;-0,443980795;2,1598893191;12,959777644;-5,9132773322;-2,1788081903;1,866659795;41,0322623275;1,3415283611;-36,8280060153;0,4858671391;0,2005798695;2,6339430466;6,6719336425;7,1371782311;4,3973555046;10,7710836701;7,032628866;12,7100442217;-0,0810296816;1,9;9,2641198451;5,5009509995;1,3723303266;-0,0493468133;8,9535460854;5,5843906717;26,1117552921;0,2025202439;8,1629164957;13,3068796617;3,3645496903;2,8181083529;0,0308235971;2,5372438506;5,3164209573;5,2643357074;2,1321295508;9,0067660787;4,8742394941;7,6682879498;5,7705976444;4,9678108925;-4,1194059764;-2,193824892;1,3010083805;8,4606974721;6,977974882
2007-01-01;-6,7298127244;1,0028927613;8,4310753983;35,578742925;-1,6516246996;13,0221702473;9,9329853823;-10,6726274223;-9,2736515966;-1,2703927018;1,4455396306;4,6329837524;-1,8873871916;-10,3859192136;14,6633569614;-14,2120249856;2,2972361739;4,0561958103;2,9105128302;-0,1174739942;-6,8527766407;-21,8387143723;2,4698575472;5,1749747866;0,8932039928;-13,4532369211;27,1433265273;-12,9061742511;-3,6601514565;7,8750145685;5,9266731766;215,067323542;-12,4969620351;-16,1758756287;-6,6056221264;-7,1038019557;1,4744966366;-1,8638609805;0,8530849533;3,1187793243;0,7267475353;7,3361073975;0,0589391312;-3,4957281388;0,2976744317;-4,5051374544;-0,9526825354;-2,9010441111;-12,9784211909;-1,1230916093;-2,5708303798;-3,1578100143;0,2666951988;2,6386364452;-3,5320017813;-0,6713483559;3,5960703463;-2,0767945072;6,8993338491;-0,284924301;2,5968534044;0,5457985698;7,120218448;15,3112683859;-5,808207168;-2,2226642588;0,219944574;-29,9320622613;5,3908196868;-18,5987441702;0,2758138304;-1,7386954638;4,3684407915;7,0585494539;12,8606313592;0,1537510652;10,2125739125;6,4648364999;14,2468052481;-1,8361750962;-0,9;9,8013942952;6,3450217316;1,4839694115;2,0350346185;7,8514398244;6,299054214;7,7138470371;3,3919801932;8,756752511;12,5004889199;3,4116642182;3,5020440459;0,9469184378;7,8151893487;6,5192920443;5,799548415;0,4859784825;9,0215195127;4,442256645;6,7967750345;6,8505550349;5,4351516905;10,2624199348;-2,5000645376;6,9053588612;2,8758922878;7,1294934868
2008-01-01;-4,8271709157;0,252812865;-8,8191408723;43,5077987268;-6,6206806214;15,0527427224;9,1881754044;-18,9447565484;-13,4467877046;-2,2803971866;0,0224942451;2,7918836442;-3,6486149638;-15,6079595255;16,2947071223;-26,8628555269;1,0189388466;-12,2837166529;-3,3527264374;2,4025164424;-7,7621063522;-23,295693078;5,4272567303;0,0795666055;0,1670848076;-4,7483363372;15,0834338414;-15,8727338341;-8,0634552332;5,9615128119;0,3194764438;314,9062098093;-6,1891900633;-25,8994219923;-10,6762090708;-8,6464445315;-1,1005425215;-3,3647290616;-2,7553296216;36,1402568412;0,5030944964;0,2474678581;-0,0247735104;-1,540813471;1,3491185199;-8,9821728365;0,0541130013;-4,1096858459;-16,4994434353;-1,8579685433;-3,4047377492;-9,9248647821;3,7007154899;-4,5214131608;-2,7640879291;-0,2909194423;1,4719208284;-1,702957152;2,7341410832;0,0164757244;1,6478225144;-0,3557016969;3,5892241889;1,9379548791;-5,9302054265;-2,7366247349;0,8010328773;-18,5617869689;2,1389534377;-17,2312302718;-0,043098408;-0,4471870846;2,5671587613;6,0137544144;10,9636827723;-1,9389006991;6,6915774746;2,1278513615;9,5923180649;-2,4085256189;1,0;3,8908949764;7,4417731502;-1,2242890006;-2,0916457508;7,8223187137;4,8321664235;9,4853461737;-7,646402563;7,8189299239;7,5583858354;6,1045889161;-0,3501279216;-5,2546555347;-0,2964576962;4,3444947339;3,0129848728;3,5561034736;1,8634834546;5,8056173273;5,9500881461;0,7991121645;1,7256988487;11,3905437356;4,750284149;6,5792644828;5,6009918215;5,6617868727
2009-01-01;-4,5136355336;1,6990693779;-6,4182935043;33,4449807392;-9,9155458853;9,8799315188;4,7800537148;-21,1450566537;-2,05431197;-2,8151272495;1,8370067469;2,7452603036;-12,3295049202;-17,7689200761;14,8292513918;-9,6471653118;-11,8689035707;-7,4561770006;-3,2608795393;3,6547069558;-2,1774479351;-13,8894870377;-10,9690125992;4,7965082335;3,5060127462;-4,615293042;16,3930600631;-17,7473374414;-0,4318136945;10,404033633;7,8765647094;164,4516856804;-18,1471272584;-69,561393058;-8,1777510789;-5,1216039497;-4,5622138759;-2,6796815071;-0,862306083;3,6100096782;-4,7810768876;1,7383412188;-1,7508086133;1,8582599948;-2,8667595081;-9,5340288337;-1,6443753551;-9,6929638113;-9,0653581705;-3,0956118392;-5,8797904856;-17,9325896532;1,5182465416;-5,1988007412;-3,5471368834;-2,2374375132;-1,8170589339;-2,1347976473;-5,4825348329;-2,5688895069;0,249276862;-2,9823271539;-0,0937434844;2,350781773;-8,3277362524;-6,1961603727;-2,2139738615;-17,1697652454;6,8502374251;-13,5115031155;-0,8455981156;-4,8242948632;1,9671112911;5,0451417775;5,8005795889;-1,7645488593;0,0866969594;-2,4590556878;9,4455886392;1,0931300912;-1,4;8,4798532725;4,7017685171;-5,6932171367;0,8029602885;7,372987811;-1,5138069817;-7,2290065601;3,6733135515;-2,0694876915;4,3854278387;4,5331333122;-1,1277214911;-6,8394335292;6,8004212806;1,4483085088;0,7926989895;-0,5362348973;0,1279533828;2,5694804569;3,5388697785;-1,6129586828;-0,6906182323;10,1443097189;-5,199106084;-5,6198754237;3,037303541;5,3978714502
2010-01-01;-3,6625822304;2,3461630333;-22,7767166289;36,595583084;-8,7514480033;6,9961972157;3,9412839919;-17,5417995214;-3,7544338167;-2,8017625754;0,7022946984;3,8384686066;0,124993612;-16,4821948494;9,940643305;-7,321948607;-18,1125218124;-12,3238886517;5,0463651932;-2,0709966715;-2,2885384516;-12,4287745401;-9,8521255793;3,4454099287;2,4441480031;-5,3910322861;22,9333528248;-26,371875221;-1,8330459859;8,2663905082;3,3673114931;180,1798808326;-23,8216698816;-60,7952177917;-6,1945350483;-2,9857733627;-5,1151207194;-2,2333458623;2,1005418811;7,6124249738;-3,7954050102;4,1361964771;-0,3619786023;0,4567876982;-1,2949986866;-8,6258451822;-1,242440318;-9,0758106433;-8,3059312936;-1,4691368398;-4,3190704887;-13,5797472789;3,529082157;0,4254274689;-5,315798837;-0,6719263683;-5,5255897502;-1,273445905;3,0623607664;-2,2536388151;1,6754938262;-5,4864004011;5,6841059685;6,0165137181;-6,7275626363;-5,0922487988;-1,0697045117;-19,793320219;-1,2169346426;-23,3590233044;-2,628161733;-2,250905538;2,4384889091;5,5718065923;9,484386655;2,5990950981;5,9630785752;6,7676905474;10,6109247808;2,2593736369;3,0;10,2599747435;6,3776256857;4,0978967015;-1,120248621;8,0182505599;7,5279917039;7,2667035967;5,4216431625;7,3130419893;5,2466569833;4,8164038739;1,7266529417;-1,1407623079;10,1284541028;7,334500873;6,8048249178;2,532598187;14,5197497109;8,6159391717;8,0160035081;10,2454378554;7,5133905326;9,3294240565;0,8034897796;-2,4683157042;1,2588672033;6,4232673765
2011-01-01;-2,9849943161;-1,4450359157;-38,8701757314;34,71062902;-8,0313728179;5,5707983989;1,8165096479;-19,2642429571;-4,7360589982;-4,2895098857;0,1887048444;2,0837264406;-9,5698387229;-15,2640154176;10,7413543862;-14,8194714877;-0,5812388522;-43,34541655;-2,0159569287;-0,8340956493;-2,797892103;-17,1317516217;-9,6052146955;2,4091907988;1,3274252498;-2,9669793794;22,2184496649;-7,2429519105;-6,8136330898;7,8338855728;2,5421692854;212,8519942458;-20,248993268;-84,7791058979;-8,0512299543;0,1360087663;-4,526055101;-2,9645830949;-3,353221595;25,6317464228;-4,6948379143;3,7699750522;-0,0980977334;-0,8429707273;-0,7194777725;-8,3491516461;-0,7035384229;-8,9855241442;-19,0416342809;-1,4290713727;-3,5676234306;-8,1300918718;2,1364468619;-4,0138078921;-4,7668362607;-0,7167384814;-4,9669219396;1,2851960055;2,2153894543;-0,3770850128;1,7946434871;-5,2499445248;7,961742097;6,2247624107;-6,00943299;-4,0338222324;0,0941415323;-25,3799875025;-6,023470326;-8,805362231;-2,1921486104;-0,9009558743;2,770313176;6,4643746659;9,8662661825;3,7442883284;7,0695699461;4,8147324377;9,5508734075;3,1885553154;2,7;6,6382830499;6,1697842077;0,0238095238;1,7625628374;7,9864503069;5,293497302;8,5667336137;-0,0481007257;17,2907779501;5,4713066308;3,4218166837;1,7817553137;4,1239019462;1,1075435968;3,8582385688;3,6856677821;3,8490779633;6,2149341686;7,2666927544;8,6694862262;3,6740512637;0,8401320831;5,9560537879;6,818279466;7,5201410069;3,1398029002;6,4131687628
2012-01-01;-4,3466530514;-0,2798144333;-21,9258110505;29,8383272182;-8,6237144874;1,5794077751;2,5222744045;-13,5612941382;-0,9964179379;-4,8063701699;-2,6602953587;0,9513914366;1,9082557168;-21,3179774628;5,0938752285;-6,6445527921;-4,0487091361;-43,8247772235;-1,9434230893;4,1880824946;-3,9335729105;-19,8284551562;-19,9811042113;2,653279018;3,8175919702;-6,4801786125;17,6432767805;1,3809972924;-5,6549206118;8,6610523781;-1,2323374046;228,1923150609;-14,8611159571;-32,1191667032;-6,759721701;4,7481928834;-3,5085966009;-2,5559722159;-2,3338130894;15,7860225758;-4,5247391413;3,1429549683;-0,3017151387;0,6841632402;-0,6828622852;-7,5495596847;-1,5864588114;-8,1964799013;-5,922910133;-2,3432196083;-3,1028772425;-6,9051565498;-0,7640341195;-6,243683982;-2,8047320124;-1,1658355751;-2,195326393;0,9818202022;-1,1899621764;-0,2190961677;1,7036877636;-7,4301899149;7,3359807673;4,6012478794;-5,4393995707;-4,3136095968;-0,8604795512;-38,6894858474;-1,5748488101;9,5835482785;-1,6998181241;-5,4622646301;3,7983177101;6,5214689913;6,4952270321;0,9133762429;7,3133455051;1,7003199439;7,8476717072;-1,8667905415;1,4113138457;5,456410186;6,0300506531;1,3747509991;5,1361223555;7,8051564808;5,473640676;2,5173838502;-1,3078178264;12,3198189366;6,4857540045;4,6701959912;2,5159369317;1,8682601884;4,6571196352;6,8969622982;2,4025309925;-3,7321271977;4,4354975938;1,3672137416;8,6321789126;2,2215103672;7,2427962025;4,8533643113;0,8231005116;-2,8527506094;1,0100476869;5,5045447935
2013-01-01;-3,3529119472;1,3290614829;-26,0018588671;20,8809826677;-8,4623539604;1,51907123;1,5397928564;-9,9409515225;-8,8401199658;-1,7373098075;-3,1899931652;0,8815932228;-5,4728021138;-26,5095639677;3,4348902559;-4,302880412;-8,9872122157;-37,6075657869;-1,2679113072;2,8638006569;-3,1710675167;-18,3099956958;-23,9071038585;4,0096490883;5,6367311578;-1,4538211724;15,7071875902;-2,9946057936;-3,3007648051;9,735397711;-2,1015376256;171,3816713624;-9,6219932292;2,8360405147;-3,4773754394;3,6403363807;-2,8094780027;-2,8567948774;-5,0330791045;13,0253193752;-2,616319114;1,0075586628;-0,8361553688;2,8629439359;-0,0787839783;-6,9996181963;-2,2167712904;-7,6113729766;12,8519437952;-4,0306742309;-3,4782278322;-3,4868410299;-0,2314277106;-0,927077628;-1,7479204058;1,5739543197;-1,2882461787;0,5441917623;-6,8697316182;0,3714980934;0,8263487034;-3,8165056062;5,9626582234;3,720572014;-5,0047341672;-3,2423854895;0,5155405938;-14,3674087113;-1,3041463444;26,052603441;-0,2456341014;-5,9640257978;2,2316739313;6,0135666253;3,5824627589;-2,1249950733;7,356665149;3,1015529558;7,7706211019;-3,6797865343;4,7342203374;6,3860710169;5,5572636889;2,0051001768;4,161613778;8,0263002264;4,6936948712;7,2810740377;3,6119187249;11,6489172317;7,8986694782;3,5251531738;2,3196881092;-1,6124174957;3,8249462662;6,7505273441;3,1647086365;0,1072925229;4,8176309912;5,2365329907;4,0517400584;2,4836138155;2,6874955632;3,0682595978;0,3123021219;3,8049074924;0,4633904151;5,5535106569
2014-01-01;-3,0253205164;0,6788934147;-27,5171265739;30,709186585;-8,5566514193;1,3913786615;2,2428846254;6,1097032808;-5,5322374304;-1,3136997079;-3,0881388699;0,7508827022;31,4654598653;-23,2732939042;4,3267975155;-3,6555937677;-0,485311451;-15,8207840805;-4,4681536729;3,9981308105;-3,1311097736;-22,9050943907;12,3817825794;3,6156395554;5,5931449262;-8,6314709395;17,9502135492;-3,7549941265;-2,4098385723;11,3214689424;2,8582799512;75,577417795;-6,2707172592;-0,4815154292;4,7296251834;3,7000642603;-2,9168509071;-2,6189504911;2,9268051858;3,575748697;-1,6426729215;3,5920463583;-0,6830247498;11,1622689682;-3,4838540255;-7,0710685629;-2,1456674735;-5,6160517768;39,3813982268;-3,1322313834;-2,6284374697;-2,4181895741;3,2053775226;-3,7253941852;-1,315294769;1,3472332724;-0,3358170233;3,5903901835;-6,2650241831;1,3231628842;0,6006670808;-5,3761806606;4,5996076342;2,336964104;-5,9916446039;-2,7248898408;-0,8009223307;-37,5282304175;6,3965680766;3,2618285704;1,4378924436;-5,0166889961;2,5857588561;6,0611379574;3,9676882048;-2,5078872149;7,1425711009;2,7623842254;7,3913222275;-2,3057786271;5,6035148094;7,4101885757;5,0066684258;0,2961865835;-1,0962750947;7,6119634407;6,0066584067;7,329626061;-1,1632573087;7,8852245803;8,1998380797;6,0114828408;3,7664317013;4,4348099676;13,5437706228;6,3479864114;3,2024537946;0,6599248245;3,9355402771;1,1859473954;6,3779804198;4,7192335359;0,9844688636;4,5120406887;2,018710953;1,667356646;3,1368672944;6,4222433266
2015-01-01;-4,6202439427;1,2302769809;-27,8923141086;16,6790413669;-8,7391867483;3,3174482454;2,6366321232;4,4571458023;-4,2615892675;-1,0499205441;-2,0350087022;3,0697368659;32,9710863125;-22,3351140739;2,986962728;-7,4873413577;11,4613606218;-8,1623818126;-3,4723192369;4,3810722623;-2,802257374;-13,3917626907;10,9332074649;2,3709492483;7,170246124;-2,6350995822;18,6930222903;-2,697488644;-2,2114009874;13,6140254492;6,9158160696;12,7705030921;-10,0896715446;-33,661112188;-7,4114013834;-0,8612420513;-2,785125675;-3,2897447593;-0,1998328184;-14,5226837597;-0,6460414459;0,5950377464;-2,5435279594;10,4578162662;-3,9430554426;-7,2050842043;-2,6035057969;-3,6777896647;47,827376456;-5,5703646011;-2,5458843663;-6,5477656064;2,8191836189;-5,0429658857;-2,7831926237;0,5772160369;0,3651751212;5,0784439072;-4,5497214766;0,145077013;0,5216461752;-3,7870331319;2,8615753574;1,1892870783;-6,6389631111;-1,7823740094;0,1323776801;-33,1181150011;-2,7514916875;14,7198727807;-8,99745808;-4,9832236829;2,3483702065;6,5525978737;6,2211235932;-0,4052077871;7,0360871793;2,3878470675;7,0183866258;4,6218982808;4,5011993922;7,996261281;4,8763223002;1,560645866;9,8651241537;7,2695917751;5,0071420988;2,8845486184;2,09975648;2,4103071056;7,4726931061;3,976053274;3,6375236382;9,5494028542;6,5755437531;6,3483045992;2,8091032682;3,8503615878;2,9767993163;1,6783548245;4,2059541513;1,4657685113;3,1340472491;2,7610797729;1,1719074657;9,3788835436;0,3665220754;6,9871542312
2016-01-01;-3,2791815848;1,6068685817;-31,6478537152;12,8939046083;-8,4788865959;3,9584784372;1,7042735917;7,1549843911;-3,540527507;-0,6253712102;-1,8192783341;3,9526762091;10,7594119218;-11,0342275883;2,3931618464;-23,6394131516;10,004845684;-6,2727807125;-4,2055987416;5,4590283142;-2,0166460466;-16,2156089779;13,6822685435;-0,3762627355;6,5310251387;-4,2325110766;17,7724480306;-3,5347620786;-1,981426684;13,1212518544;10,5083518377;-32,9866327074;-6,4643822307;29,88509229;-2,4267179808;0,2476892141;-2,4219963496;-3,1629145583;-1,9349473375;-21,6804364412;-0,2996821179;4,3874160306;-3,3919119385;7,2557128225;-5,6986625131;-7,1200097145;-2,4862739179;-3,5996095264;23,2501214818;-4,8528125511;-2,6028737562;-9,9975609678;3,8936430365;-15,2949604395;-3,8679611981;1,1679354251;0,9783301466;3,5149982032;-4,7462200403;-0,7440771169;1,6459292147;-0,3463266364;3,2599187806;-3,1554543861;-4,997481459;-2,1926722115;0,569430053;-55,406091684;1,4686982474;27,4750680155;-0,7419128654;-3,1639707816;2,7192855285;7,1135406493;7,408492794;-2,4653603588;6,8630920981;2,1754189894;6,8505114074;0,9001871871;2,4456520077;8,2563070111;5,0330691828;0,7538453304;-0,4781579506;7,0230918741;4,449844512;6,3383005345;2,1460237184;1,4897845124;6,4084034763;0,4331137178;3,9429920325;1,5073674444;5,4923570625;7,1494606697;2,9468817151;7,9838626637;3,6016560391;5,5558498522;5,0536410216;2,1650928943;3,4351577169;3,3853600732;6,571015099;4,7458476803;4,6887563656;6,6900089025
2017-01-01;-2,5823769026;-0,4530990645;-23,5750877224;16,3622204451;-7,9090929615;4,5689934515;1,5382886386;10,2785636009;-6,6477942974;-1,8352811263;-1,5947316029;4,1277959806;37,4474066279;-11,159152408;2,7906127624;-20,9657301416;-0,8922777215;-10,06415354;-6,7932493645;-0,3226572506;-2,8416330663;-22,9421576869;15,9474287502;-0,6523878896;4,635087107;-1,7926649286;18,1378090732;-4,2747503341;-2,4463206269;14,0626930001;9,6310340439;-17,7680470895;-6,3616426094;2,0728806754;-6,4095943682;-0,5958300988;-1,7161681396;-4,1670139747;-4,8218186609;-10,3966650742;-0,7744336535;5,4926147184;-3,4034717798;14,4525617792;-2,0943688135;-6,227235694;-2,5090608778;-3,0988133574;40,3695177534;-5,5086716054;-2,411829165;-3,0606211705;4,3916679048;-3,7160473689;-2,8579589752;-2,6890626139;1,3579794383;4,7541951311;-2,47470941;-0,7515654583;2,1881047767;-1,9767510794;5,2495144;-0,9088346211;-5,0981979339;-2,0220574035;-0,4248819614;-33,5449559288;3,5755491846;2,0951933578;-1,2000853629;-1,9640065867;2,4212843334;6,5902599502;6,3215931149;1,3287265132;6,9969036994;3,7961031456;6,9467176252;2,6821788668;5,3533649371;6,7953939613;5,0697859013;1,6753129972;-0,0936275291;6,8511175505;5,8126822157;7,2099102032;3,7347746468;5,6368763015;5,7500645003;8,9772793542;3,3473088591;-3,5142138771;3,5346108836;6,9309933164;3,1596357401;1,4062801775;4,5447282178;3,0773554416;6,4606785263;3,3113763914;4,1776810321;-3,0576248724;3,3224164389;3,2795933081;6,3173053844;6,9401904097
2018-01-01;-2,2168987458;-2,9768576995;-18,4070843421;6,8531536677;-11,7698099977;3,73851206;0,1743334598;21,0395989459;-8,4627224456;-2,1155931864;-2,939072996;3,5275838924;38,8415850805;-12,963397081;2,2306886501;-28,3796505161;-2,0507849375;-16,7088811593;-4,706919922;-7,0978324148;-4,1993414354;-18,9790742055;12,9391463595;-2,5593931212;4,4898395907;0,8009771625;15,7165300055;-2,9598574886;-2,9617475692;11,6354707022;5,6198644829;-12,2254724148;-6,3098146259;60,9224716363;8,6567697376;1,8947200384;-1,2570914031;-4,0684623046;-1,6049773817;-3,5871026458;0,6721951419;2,3499137913;-4,2834925263;24,2250052848;-4,3758734609;-6,3758154589;-1,805558195;-2,4714078524;6,1660909484;-4,6632089362;-2,6446684099;-5,2696816098;2,559504472;2,8542853397;-3,4024076085;-5,8333651499;1,270844629;6,1765428966;-2,5796971156;-1,4836646492;2,5630170511;0,0568952732;3,6802159547;1,487511066;-4,9555254732;-1,8658872564;0,1204331179;-26,7689351823;2,9257405273;30,3853300731;6,2550113127;-1,0210523085;2,848849172;7,3194122993;3,8353406872;0,0523710545;7,469169207;2,8469205339;6,750862916;0,2116583987;3,8123509705;6,4538387685;5,1742915396;0,6434091651;5,278831834;6,2890331519;4,8431388226;8,1231289329;5,6560711316;7,7448807437;6,4049773251;7,6223761077;3,4973943732;1,260919051;-0,2792523368;6,3414900542;2,907409453;-0,6096463421;3,5754327102;2,7449682074;2,3100636929;2,7867698827;4,2228702875;-0,689947449;0,2412244238;1,387250737;2,9002302726;7,4650067499
2019-01-01;0,3570283539;-1,2783340418;-20,4856961617;6,606486283;-10,8249206249;5,8884540376;0,7176120703;14,6157517432;-12,8295708908;-0,8658114489;-2,7056621992;3,4455098063;49,4730613678;-9,1133245685;3,4981293522;-26,6126011428;-31,2622586998;-15,2162859814;-2,8267361872;-6,928987579;-2,795903429;-30,7715032737;14,7687475746;-0,8085578334;3,6136171981;2,8392482624;16,1546571841;-9,5108390605;-2,0713368437;10,7475420221;7,0327295832;6,5538859864;-0,8211835007;-22,1743658168;27,8388087483;3,75945976;-4,4039925859;-5,4082191664;-1,5862500793;-3,6889658684;2,9630794048;-0,5826097663;-6,1018803245;18,4433379006;-3,612898331;-7,6940727203;-2,1612131977;-3,044643867;13,386234592;-3,3459782911;-4,4540429341;-6,6789737238;-1,8118134738;1,0027082994;-3,9065481326;-4,9870982353;-2,4990459269;-1,6648993354;-4,4313414245;-1,502093882;0,3717852656;1,5070255611;3,7655066442;-1,5240664378;-7,5192279056;-1,7759986001;0,4191413479;-25,4886870634;3,1648018523;-1,0654274696;2,8111679851;-0,3967280961;1,816035236;7,8818727064;4,4254519716;3,868844159;7,0541069323;-1,6724316533;5,9509659486;1,2;-0,5805042588;3,8714606183;5,0192876805;-0,402187154;-2,1456764635;4,652;4,4132204498;6,8836887765;10,3137410298;5,6022445441;6,750460175;6,6570559919;3,0784551955;1,3574942736;4,4804641594;6,1185176701;2,2439722175;4,4518586281;1,3312613269;1,7485499829;-0,2204759533;3,0639500646;2,1145577963;2,0814835405;0,706462606;13,8219844304;3,2411876554;7,3592627422
2020-01-01;2,1982507672;-1,4535886797;-15,7970116043;4,5181061788;-3,3760332768;6,9928621266;1,6742444218;0,4940929874;-13,711632028;0,8987512303;-0,4186062439;2,965740296;39,9936190255;-5,1473906764;4,1657729698;-34,7467299409;15,0069968386;-5,0673851073;-3,3835255687;-1,0127167858;-0,9784100605;-47,1705463171;14,060628589;3,2006500954;4,6150243543;0,6317767573;16,4514349337;-1,631464868;-1,4055096462;14,4469868072;4,18286867;-14,270837277;-5,3292869745;16,3497293409;7,8917172564;4,3488194045;-8,717863247;-4,8404471865;-1,9297730293;-15,773546567;-3,4023311578;-9,2292962199;-9,7181182664;6,1060757737;-8,0622784601;-12,8800987699;-6,0959664305;-9,0519743865;4,4432852163;-5,5955480909;-4,9017395004;-23,4829383192;2,5516051688;-9,2404189335;-5,6100868614;-5,3639186404;-4,3283439057;-16,0841443713;-8,8523288602;-5,5443033629;-2,2330815015;5,4079003461;-6,7716688461;-2,4379033966;-12,1902218136;-2,9165510218;-4,456083104;-18,9360182246;5,3780892249;13,8810194628;-1,9472119243;-2,8611544387;-2,1332698796;3,448053895;-2,3477445399;1,1335734113;-3,0960067306;-6,54479911;2,2420388404;-2,8065711308;-17,0398709086;-5,8310353748;-2,0655118293;-4,1471369979;-1,3841832226;-0,4349631504;-5,4568552873;-33,3605187716;-2,9013966548;-4,5577524587;3,1894163062;-2,369621342;-1,3657284851;-7,0401329582;-3,1673852545;-9,5183031552;-0,7094153594;-3,1085857445;-3,9010534022;-3,3818584342;-4,6245058031;3,386635935;-6,0669259686;-8,2820017992;0,4886492484;-4,2748316747;-4,9924914289;2,8672205919
2021-01-01;2,9166424804;-1,0990600156;-11,9811969506;11,2204553558;-42,0243369704;11,7990338141;1,9870468426;3,9723117376;-15,918170794;-1,2282296582;0,2958869417;3,9005372368;8,8962917134;-0,5796798752;3,8852096877;-8,4891538098;22,5621227836;-13,7930431291;-0,3091457615;-7,7012534767;-5,8212708161;-43,2522335845;12,6035502153;-1,5079776034;4,6869056697;-14,4657185839;18,0214175742;-5,0829293951;-3,7100730147;15,208165847;-2,0310836212;1,2922484832;-5,2411561309;24,1420868724;0,8463755219;-2,2041473613;-6,4569516585;-3,6053734407;-6,1876071349;-8,1644428984;-7,0646479832;0,0081134253;-6,0450420069;4,5161706208;-13,6566158541;-8,605625118;-4,5400207543;-6,0851140685;-11,2011209814;-1,2895013492;-6,0317108883;-13,7820273769;0,1821279791;-3,045435985;-11,0160491513;-3,9793704934;-3,2363841034;-10,3402146553;-6,7859641773;-6,2310355323;-0,0199019469;1,7445693422;1,1727920008;-3,6093666447;-11,692628596;-2,062925247;-6,7532246051;-19,4705422107;-0,9594481711;-13,8470300934;2,3283084434;-1,4332393235;5,5598969426;6,9386791244;-3,3323989669;-1,5907624808;3,0263893626;6,441723826;8,4496113047;-2,1885260911;-4,8810360558;9,0502603908;3,7030553569;2,5593396032;7,8863427071;2,0613868773;3,2976811868;41,7466230553;1,0281989223;1,6367695903;-17,9377952359;4,8381498273;5,6030206908;-13,362076828;0,0695871181;5,7147281861;4,3047402553;-7,0786964758;8,8823539966;-0,5652296561;3,5122163373;6,5276632553;1,4731615509;2,8525673714;-2,6674901661;1,8040623869;0,6481226328;2,5597621165
2022-01-01;1,0579863564;-4,0501867654;-31,9403249927;19,5667193428;-27,2845473863;10,5662339854;2,246717937;8,7482008327;-17,3429409776;-1,9756933643;0,9759538816;1,985344856;-4,0999072289;-5,9569095133;3,0757834559;-16,806603431;8,2319767765;-13,434246728;-4,297522974;-12,6731518394;-8,7744070271;-54,7307803014;27,8627078981;-4,4809267368;1,7821020213;-11,3158298801;19,3319574147;-12,055150165;-0,9939589605;13,3215435449;-3,1775627587;5,0077587923;-6,3221566675;4,5931933707;-4,1984454787;-0,2644080232;-2,2552105733;-4,1180097854;-7,515626325;2,5313291579;-0,8800210543;-6,5533309869;-7,4915040448;8,5675615078;-12,1192390661;-9,3035122715;-2,3211142389;-6,8386730976;-19,8308671939;-1,6324735587;-4,8149662388;-11,9549582504;0,6612383206;0,655747037;-5,1400219919;-3,1502183288;-3,5129633301;-3,5714820205;-5,3144148376;-5,4768038706;-1,6035442004;5,3693130391;0,4451603716;-4,1201800892;-10,1871161465;-1,713357126;-4,4618642841;-19,8831160182;-0,7110281989;8,7503668011;-6,1608357966;0,2572271361;3,7885238865;7,0998287758;4,7572219209;-1,628318514;5,2389133342;-3,476329865;2,9887814677;-0,5557131499;20,0164636813;7,2397265414;5,3085950054;0,9547369378;1,153888207;2,2521353604;8,6503087778;13,8633511677;-4,4535606309;5,0327097297;1,970960427;5,6131931651;2,4226695033;-1,9643042669;4,3477084249;7,5703494731;2,6126668439;-5,3096379249;3,6469720711;-4,0708331643;-7,8239773265;2,3542375416;2,6442281825;3,9;-1,9617781578;0,6773346278;1,8501008732;8,019792377
2023-01-01;0,826893218;-0,7469488045;-29,361573146;10,5777934523;-10,9882311107;8,5851409891;1,4535907471;1,9013589686;-10,9243793216;-1,5926395779;-0,1090801222;3,4706168376;9,0002926942;-2,5691861116;2,4266198796;-16,4478736819;3,8200598658;-10,9092193826;-1,5766569287;-1,5368363971;-7,5682675606;-57,2645407314;15,900752118;-2,9953339775;1,2732468438;-3,3174770089;16,6007928065;-11,2641679668;;11,7568171127;0,7897442056;-42,8926607601;-7,8641930644;2,1577840025;-4,1142351657;3,9689462454;-1,2754565514;-4,4643342864;-5,2042846843;-9,6686081168;-4,4950751324;-4,8466846938;-7,5088114524;2,9227150075;-6,4023312119;-8,748921683;-1,914878903;-5,6140419942;-12,0318730738;-3,3667754372;-4,3450949549;-8,6076392873;0,0778653457;-0,7372720726;-4,4523127852;-5,8752513207;-3,6051547199;-0,5016048593;-4,3405722669;-4,7253626256;-0,9840338933;-0,3403972763;3,2178606465;-6,3287730507;;0,3269360623;-3,1609507735;-36,6605913256;0,3986963114;1,1520344042;-9,1668727385;-1,4695379443;1,8445667532;6,0254459945;5,3279106093;-0,7684291099;5,647004296;3,3999933343;5,2401291192;2,603351026;7,4588784033;6,7183853938;5,0296701903;1,9483736496;2,5770772389;3,9670235196;3,9602387777;8,0681512425;3,0;5,5;2,5829707542;0,7719126466;0,7763499945;0,8;3,0484949939;5,3050634167;1,4398811159;8,0106099074;1,04;2,5064402743;;0,8425692325;2,5;1,5;2,5581159273;3,852800856;1,4835111661;4,7
2024-01-01;-0,0804448756;-0,8078558524;-12,2695376386;11,6100592155;-8,0029634642;7,9095066649;1,2550800622;-4,2043566886;-10,716293072;-1,6028253679;-0,8139114818;3,7235495652;12,2181655269;-6,1039316775;2,7331431504;-12,8421704801;-1,1008873635;-12,5586149785;-1,5259168373;-4,5539522852;-6,4090925099;-41,964862194;17,7470203048;-2,6106804041;2,8808389498;-4,0320679004;15,2028969876;-9,6499284868;;12,1445938334;1,3837364654;-49,4723979503;-7,0604435336;-1,5106261894;-4,5213050275;1,7648661669;-1,8114686129;-4,5;-6,6692027593;-7,7176692495;-3,0265135765;-1,3648762351;-7,4544782934;-4,5966277147;-5,1745066587;-8,4342828149;-1,8464612345;-5,8726294083;-12,3579637776;-3,5026482604;-3,4891949652;-8,5857882311;0,1550114573;-2,8319970184;-4,6413179518;-4,942383461;-3,6957535213;3,3386990996;-3,9941827404;-4,2297667027;-0,6699255913;-2,3137102866;2,7862391023;-4,4930073594;;0,2569360623;-6,1902316457;-40,0862458737;-6,7590493477;1,1647174855;-7,598541791;-1,8142736614;1,4263895594;6,0;3,0367085036;3,5149569747;6,1336555018;2,8912750249;4,5992347353;3,1234228767;3,912964865;6,5059342593;5,0121649761;0,9062751271;2,4134335655;4,0067790317;4,2729867574;5,0;3,0;4,5;2,6394340782;4,983548266;1,1311975164;12,4;5,0389127134;5,9613301856;2,3002590475;3,6;2,1464102937;2,421059882;;2,9658827707;4,4;3,1;2,5286972122;3,4565311235;2,6143648298;5,8
2025-01-01;-0,5100919559;-2,6644128247;-3,2318433153;12,6896103445;-6,3567960208;8,0609457786;1,203901597;-4,5404216259;-9,9074497292;-1,791888292;-1,0321656965;3,6662628353;13,6106131224;-7,7266429808;2,7711909363;-12,39166968;-4,8769120381;-10,3291150846;-1,7980604088;-4,5686221796;-5,4470159262;-34,3163675637;14,276866434;-2,501840855;3,4213910328;-3,8338805923;14,6018703824;-9,8735889681;;11,7126404839;2,1376290581;-50,2903256689;-7,4121902674;-4,5655346041;0,9138850092;1,4117729232;-1,5512042153;-4,5;-8,0452607092;-7,7342511408;-2,9242381444;0,1809773745;-7,4133832119;-4,9159905016;-4,9624629287;-7,8740837659;-1,8043014415;-2,6149840642;-11,4905551926;-3,3718291229;-3,3627890474;-5,7109319298;-1,0191693195;-2,5086448525;-4,6033565544;-4,3301439142;-2,7154545554;2,0574880636;-2,5223833517;-3,8406310911;0,0096995926;-2,3338421693;3,3799114917;-3,3479607619;;0,1869360623;-3,3708519395;-40,5774342673;-8,46608573;-3,2463944426;-7,1794698864;-2,160334676;2,0982563305;6,6;4,5775438909;2,830206658;6,3885351518;2,8798911612;4,0901193075;1,8842467048;3,681577536;6,4791043024;4,9569809642;0,796074319;2,3077663674;4,1228589247;4,410132968;6,5;2,0;3,5;2,5284854186;5,2206815169;2,386399111;11,9;3,102374268;6,0731209119;2,2503665599;3,4242398929;2,4582332483;3,0371878767;;2,7631602824;1,9813278144;3,1;2,206171628;2,4062696742;3,5015754009;6,9418560141
2026-01-01;-0,6340013897;-2,9593582747;-9,8298309724;13,2017004768;-6,1101799024;7,8786375647;1,0457313931;-5,0724700246;-8,9935137077;-2,0145531026;-1,1995946053;3,5087127706;14,3861829817;-8,3273030154;2,8976915094;-9,6234749993;-7,4969715073;-9,1248661489;-1,4487336268;-4,4668574791;-4,514242129;-29,5204269015;12,3304343042;-2,1600784378;3,6113673048;-3,3820502462;13,9637036113;-7,8095190912;;11,2763848354;2,534755297;-50,9558563486;-7,5951501486;-5,0068481541;0,7794634207;1,1228179593;-1,2757400768;-5,0225442017;-6,4815053742;-8,4550299447;-2,7383282048;0,585937128;-7,6241431494;-5,057623394;-4,7587339628;-7,499131307;-1,7897945045;-2,7240477215;-10,5774340891;-3,5267680133;-3,4281305298;-4,8332497986;-1,3805916859;-2,6236909468;-4,1821244423;-3,8635058646;-1,1080435383;1,7952392072;-1,4549630344;-3,415886961;0,0404513665;-2,3969334269;2,8765260112;-3,2888184035;;0,1169360623;-3,3620506612;-41,0078009955;-9,5514188953;-3,805444436;-7,0680975958;-2,2511217492;2,1781202439;7,1;5,5359381368;2,9629557117;6,5190928035;2,5587098444;3,7943809715;1,2777329637;3,4702036157;6,4981172689;4,9950713771;0,519372403;2,0919452724;4,1923037753;4,408562217;5,9;1,75;3,5;2,5838182549;5,0738310363;2,5050197379;3,5;3,1195547532;6,2151257561;2,2280104137;3,0069324123;2,5234213982;2,9858979328;;2,6251481816;2,9933011646;3,0;1,6076305924;2,2234679026;3,0924828485;6,8439917857
2027-01-01;-0,6400172398;-3,0263181122;-10,7071280272;13,3000954035;-6,1931216207;7,8397805417;0,9140957899;-5,5377645372;-8,5166899564;-2,1389689257;-1,2977888558;3,3050218427;8,5566966585;-7,489437855;3,0185636215;-9,5977403636;-10,8408839889;-8,4720143573;-1,6838780153;-4,0836186802;-4,2340757206;-28,1771402152;11,6700585901;-1,9242932537;3,9359346591;-2,2822184085;12,452649032;-6,9330021438;;11,4474848702;2,856121058;-51,9461493464;-7,7877465305;-5,5566510066;1,3362510077;1,0278094517;-1,1737096107;-5,0;-7,2129717354;-8,48492664;-2,5790818864;1,3105629457;-7,7941096052;-5,0981266642;-4,562501136;-7,2234886318;-1,7596807444;-2,7758549433;-14,9829090331;-2,9660200298;-3,4065166009;-4,4373478374;-1,5324124714;-2,6209801059;-3,6644188088;-3,3329585409;0,2397924463;1,2621740735;-0,1851172707;-2,629125455;0,1665950991;-2,3813280123;2,7938553645;-3,3029940264;;0,0469360623;-3,215965465;-41,3230293929;-10,6108845569;-4,3496287845;-6,9024940332;-2,2608996644;2,2871488396;7,2;3,0706622783;3,1076870057;6,2429177132;2,6221951483;3,5891084159;1,1334970751;3,481027906;6,5239144724;5,0122781314;0,4536312983;2,1251257793;4,3366494482;3,9310667764;5,5;1,5;3,5;2,8987083785;5,0936195344;2,427357819;2,0;3,0447709704;6,3298084353;2,142157678;2,6082128752;2,4863352167;3,0130342376;;2,4988181856;2,9643555875;3,0;1,2345233985;2,0561724266;2,9488911592;6,8413320972
2028-01-01;-0,5543128219;-2,986958712;-10,9183568419;13,9752315263;-6,5520016298;7,7492579448;0,7728639111;-5,5726417216;-7,9238978607;-2,2805914333;-1,2829020551;3,2301801499;8,9463299846;-5,6747415396;2,9751380861;-9,3112186626;-13,091425339;-7,9553747375;-1,4112380295;-3,8774205401;-4,0975130716;-26,927616809;9,6135592598;-1,7700810458;4,1506691486;-1,1699850572;11,8448595648;-6,3541204119;;10,913482462;3,0383864969;-51,9386361205;-8,2498504785;-5,0431531547;1,1428161967;0,9640471141;-0,964604663;-5,0;-8,4392941291;-8,6022067005;-2,726238927;1,31072547;-7,9890235195;-5,0722234067;-4,3840137088;-7,0085899072;-1,7221823384;-3,2422675961;-15,5003213739;-2,9459313671;-3,4385782556;-3,6591883516;-1,9351001921;-2,4487528039;-3,3882838169;-2,8581450436;0,7981063074;0,8326750867;-0,0251392218;-2,3482981375;0,1656131022;-2,3842166702;2,671777589;-3,2800879284;;-0,0230639377;-3,0203556679;-41,4406190348;-12,1564596988;-4,8700614683;-7,0285635754;-2,2816334815;2,2989495104;7,0;3,6251598733;3,1613936804;6,3073239111;2,5773009062;3,3906068219;0,6;3,2924599559;6,5489550157;5,0289332515;0,4485648539;2,0928897745;4,4964498508;3,936571945;5,1;1,5;4,0;3,3965507376;5,1135493014;2,3652372591;1,5;3,1153807476;6,4151607815;2,0920825855;2,2501231024;2,4838503456;3,0372932849;;2,1162316062;2,9838936213;3,0;1,2;2,0366238508;2,4588911592;6,8309969191
2029-01-01;-0,3462938058;;;;;7,8116158233;0,7228760232;;;-2,4207016033;-1,3660010287;2,8860665509;;;2,9854678677;;;;;;-3,7837644432;;;-1,6230571266;4,3751041445;;;;;;3,0242701362;;;;;0,987625171;-0,8021772571;;;;;1,3108377601;-8,1738679703;;;-6,4627423461;-1,6606844269;-3,9817932448;;;-3,3693685902;;;;;;1,0319413983;;;-2,3800156075;0,1494669266;;;;;;-2,9205514684;;;;;-2,3599062833;2,3110640093;;;;;2,6383647303;3,3152455621;;;6,4545341299;5,0488704722;0,4;;;3,936571945;;;;;;2,400723654;;;6,4221972647;2,0397695409;;;;;;3,0087742431;;;;;6,6924247177
