date;Gross Saving;Net saving;Net private saving;Net private saving: Domestic business;Net private saving: Households and institutions;Net Government Saving;Consumption of Fixed Capital;Consumption of fixed capital: Private;Consumption of fixed capital: Private: Domestic business;Consumption of fixed capital: Private: Households and institutions;Consumption of fixed capital: Government;Gross domestic investment, capital account transactions, and net lending, NIPAs;Gross domestic investment;Gross Private Domestic Investment;Gross private domestic investment: Domestic business;Gross private domestic investment: Households and institutions;Gross government investment;Current taxes and transfer payments to the rest of the world: Net lending or net borrowing (-): Capital account transactions (net) NIPAs;Capital account transactions (net): Private;Capital account transactions (net): Private: Domestic business;Capital account transactions (net): Private: Households and institutions;Capital account transactions (net): Government;Current taxes and transfer payments to the rest of the world: Net lending or net borrowing (-), NIPAs;Net lending or net borrowing (-), NIPAs: Private;Net lending or net borrowing (-), NIPAs: Private: Domestic business;Net lending or net borrowing (-), NIPAs: Private: Households and institutions;Net lending or net borrowing (-), NIPAs: Government
1970-01-01;226,898;94,66;113,943;25,687;88,257;-19,284;132,239;94,886;78,92;15,966;37,352;231,033;227,124;168,113;131,249;36,864;59,012;0,0;3,803;-0,231;4,034;-3,803;3,909;41,051;-22,274;63,325;-37,14
1970-04-01;229,82;94,548;124,965;29,558;95,407;-30,417;135,272;97,089;80,828;16,261;38,184;235,338;230,29;171,455;135,394;36,061;58,835;0,004;3,946;-0,048;3,994;-3,942;5,044;52,17;-19,442;71,613;-47,127
1970-07-01;231,299;92,972;131,159;28,42;102,739;-38,186;138,327;99,359;82,744;16,616;38,968;237,881;234,145;173,904;136,938;36,966;60,24;0,004;3,555;-0,249;3,804;-3,551;3,732;59,639;-18,946;78,584;-55,908
1970-10-01;224,904;83,394;129,002;25,054;103,948;-45,609;141,511;101,698;84,668;17,03;39,813;230,051;227,851;166,754;126,644;40,11;61,096;0,012;3,936;0,084;3,852;-3,924;2,189;65,156;-11,859;77,015;-62,968
1971-01-01;238,722;94,076;141,439;33,75;107,689;-47,363;144,646;104,104;86,601;17,503;40,542;252,032;247,545;189,495;146,395;43,1;58,05;0,013;5,636;1,825;3,811;-5,623;4,475;63,721;-14,561;78,282;-59,247
1971-04-01;243,238;95,642;149,419;35,215;114,205;-53,778;147,597;106,479;88,498;17,981;41,118;255,517;255,655;197,329;149,617;47,712;58,326;0,013;3,122;-0,678;3,801;-3,109;-0,151;67,724;-12,948;80,673;-67,877
1971-07-01;248,987;98,627;152,094;38,352;113,742;-53,467;150,361;108,822;90,36;18,463;41,538;261,21;261,23;202,058;151,456;50,602;59,172;0,017;3,406;-0,749;4,155;-3,389;-0,037;67,677;-9,771;77,448;-67,712
1971-10-01;253,551;100,452;154,566;42,502;112,064;-54,114;153,099;111,134;92,185;18,949;41,965;253,815;256,899;198,411;145,148;53,263;58,488;0,025;5,716;-0,709;6,426;-5,691;-3,109;61,834;-9,489;71,323;-64,945
1972-01-01;262,956;107,014;152,401;45,045;107,356;-45,388;155,942;113,414;93,975;19,439;42,528;267,931;272,962;212,968;155,665;57,303;59,994;0,024;5,648;-0,815;6,463;-5,624;-5,055;52,177;-10,852;63,029;-57,23
1972-04-01;265,671;106,719;148,757;46,322;102,435;-42,037;158,952;115,957;95,961;19,995;42,996;282,966;287,72;226,798;167,985;58,813;60,922;0,024;3,907;-0,846;4,754;-3,883;-4,778;51,303;-7,56;58,863;-56,08
1972-07-01;279,814;117,108;157,801;49,115;108,686;-40,693;162,705;118,762;98,144;20,618;43,943;288,705;292,303;233,09;172,859;60,231;59,214;0,036;4,881;-0,286;5,167;-4,845;-3,635;47,48;-16,427;63,907;-51,118
1972-10-01;302,09;135,656;179,295;51,657;127,638;-43,638;166,434;121,831;100,523;21,308;44,603;299,566;302,348;239,715;175,286;64,428;62,633;0,036;8,233;2,485;5,748;-8,197;-2,818;50,656;-28,113;78,769;-53,471
1973-01-01;316,025;145,535;177,07;55,364;121,706;-31,535;170,49;125,163;103,099;22,065;45,327;322,694;320,489;254,313;186,478;67,835;66,176;0,037;10,651;4,685;5,966;-10,614;2,169;43,939;-26,031;69,97;-41,77
1973-04-01;324,765;149,372;184,389;51,733;132,656;-35,018;175,393;129,026;106,156;22,87;46,367;339,141;333,732;268,196;201,241;66,955;65,537;0,037;5,418;0,609;4,809;-5,381;5,371;54,178;-29,584;83,763;-48,807
1973-07-01;338,966;157,725;190,658;54,033;136,625;-32,933;181,24;133,421;109,697;23,724;47,82;341,45;328,975;264,335;197,602;66,733;64,641;0,041;9,233;4,252;4,981;-9,192;12,433;52,991;-35,644;88,635;-40,562
1973-10-01;361,37;173,761;205,168;52,908;152,26;-31,407;187,608;138,346;113,72;24,626;49,262;362,423;347,066;280,858;215,669;65,189;66,208;0,037;6,405;1,045;5,36;-6,368;15,321;57,306;-49,03;106,337;-41,984
1974-01-01;355,776;161,468;196,714;48,009;148,705;-35,246;194,309;143,802;118,226;25,577;50,506;355,837;339,32;268,361;205,661;62,7;70,959;0,036;8,466;3,143;5,323;-8,43;16,481;63,752;-42,507;106,259;-47,269
1974-04-01;346,402;144,276;183,084;43,461;139,623;-38,808;202,126;149,727;123,183;26,544;52,398;356,091;353,428;277,391;215,113;62,278;76,037;0,036;18,255;13,275;4,98;-18,219;2,627;46,856;-52,053;98,909;-44,227
1974-07-01;345,947;134,766;173,639;33,392;140,248;-38,874;211,181;156,12;128,592;27,529;55,061;349,518;349,209;271,013;207,857;63,156;78,197;0,036;3,839;-0,869;4,708;-3,803;0,273;58,478;-41,435;99,913;-58,207
1974-10-01;348,678;128,721;190,481;33,941;156,54;-61,761;219,957;162,982;134,452;28,53;56,975;365,201;360,809;281,339;222,612;58,728;79,47;0,036;8,929;4,509;4,421;-8,893;4,356;79,719;-42,202;121,921;-75,362
1975-01-01;329,844;101,1;189,668;41,026;148,642;-88,568;228,744;170,311;140,763;29,548;58,433;345,235;327,346;244,306;186,122;58,185;83,04;0,048;4,504;0,062;4,442;-4,456;17,841;126,562;10,998;115,564;-108,72
1975-04-01;330,02;94,243;237,94;49,472;188,469;-143,698;235,778;176,635;146,146;30,489;59,142;343,901;322,447;243,281;181,828;61,453;79,167;0,06;4,875;-0,083;4,957;-4,815;21,394;180,302;27,755;152,547;-158,907
1975-07-01;360,097;117,965;218,574;59,703;158,871;-100,609;242,132;181,953;150,6;31,352;60,179;369,107;350,717;265,192;198,797;66,395;85,526;0,06;4,789;-0,434;5,223;-4,729;18,329;139,551;20,945;118,606;-121,227
1975-10-01;372,615;125,225;226,947;66,81;160,137;-101,723;247,391;186,265;154,126;32,139;61,126;387,739;366,116;276,236;205,66;70,576;89,88;0,06;4,618;-0,58;5,197;-4,558;21,563;147,484;30,982;116,503;-125,919
1976-01-01;392,01;140,084;228,64;72,331;156,309;-88,557;251,926;189,571;156,723;32,847;62,356;410,692;397,54;304,638;227,526;77,112;92,903;0,061;5,57;0,178;5,392;-5,509;13,091;126,688;20,036;106,652;-113,595
1976-04-01;399,337;142,638;224,655;69,859;154,796;-82,017;256,699;193,669;159,95;33,719;63,029;420,268;411,275;322,303;241,221;81,082;88,972;0,049;8,081;2,381;5,7;-8,032;8,944;108,873;7,14;101,733;-99,928
1976-07-01;402,061;139,369;225,339;69,931;155,407;-85,97;262,692;198,561;163,808;34,754;64,131;419,426;417,02;328,307;246,76;81,547;88,713;0,049;9,618;3,759;5,858;-9,569;2,357;103,339;0,584;102,756;-100,983
1976-10-01;403,838;134,249;219,057;68,023;151,034;-84,808;269,589;204,247;168,295;35,952;65,342;429,47;425,644;337,65;245,556;92,095;87,994;0,049;7,451;0,817;6,634;-7,402;3,777;103,836;15,579;88,257;-100,057
1977-01-01;415,96;138,423;214,492;72,642;141,85;-76,069;277,537;210,725;173,412;37,312;66,813;443,699;451,722;360,313;262,792;97,521;91,409;0,052;12,34;-0,62;12,96;-12,288;-8,074;80,306;11,624;68,682;-88,377
1977-04-01;454,377;168,718;236,967;86,587;150,38;-68,249;285,66;217,476;178,698;38,778;68,184;475,077;483,92;389,703;279,887;109,816;94,217;0,06;7,046;0,355;6,692;-6,986;-8,903;78,394;5,745;72,65;-87,295
1977-07-01;479,298;185,542;257,687;97,262;160,425;-72,145;293,756;224,499;184,151;40,349;69,256;499,904;507,762;414,134;301,32;112,814;93,628;0,072;9,393;2,926;6,467;-9,321;-7,93;79,264;-2,228;81,492;-87,195
1977-10-01;488,027;185,663;260,93;89,803;171,127;-75,267;302,364;231,796;189,771;42,025;70,568;496,762;515,695;422,299;307,618;114,682;93,396;0,072;7,132;0,931;6,201;-7,06;-19,005;72,03;-20,239;92,269;-91,034
1978-01-01;500,494;188,896;266,786;89,174;177,613;-77,89;311,598;239,366;195,56;43,806;72,232;503,294;528,302;434,799;316,719;118,079;93,503;0,084;5,268;-0,634;5,902;-5,184;-25,092;68,875;-28,563;97,437;-93,977
1978-04-01;540,625;218,626;271,3;103,652;167,649;-52,675;321,999;247,493;201,861;45,632;74,506;562,68;575,535;470,584;344,112;126,472;104,951;0,084;8,364;2,595;5,769;-8,28;-12,939;61,891;-19,148;81,04;-74,839
1978-07-01;561,476;229,497;283,526;107,021;176,505;-54,029;331,98;256,178;208,676;47,502;75,802;590,663;602,049;492,368;362,365;130,002;109,681;0,084;4,141;-1,674;5,815;-4,057;-11,47;72,39;-15,799;88,189;-83,851
1978-10-01;589,365;246,162;290,319;111,825;178,495;-44,157;343,202;265,419;216,004;49,416;77,783;628,626;629,887;515,755;384,165;131,591;114,132;0,096;5,755;-0,116;5,871;-5,659;-1,357;73,494;-16,956;90,449;-74,847
1979-01-01;608,942;254,164;299,326;104,49;194,836;-45,163;354,779;275,218;223,845;51,374;79,56;633,725;635,536;525,809;396,385;129,424;109,727;0,096;7,867;1,895;5,972;-7,771;-1,907;65,647;-45,167;110,814;-67,558
1979-04-01;612,508;245,283;289,402;104,473;184,929;-44,119;367,225;285,343;231,989;53,354;81,882;653,521;656,219;539,293;409,424;129,869;116,926;0,108;5,366;-0,435;5,8;-5,258;-2,806;71,105;-31,508;102,613;-73,905
1979-07-01;614,999;234,69;283,502;101,4;182,102;-48,812;380,308;295,793;240,437;55,356;84,515;673,435;671,001;545,621;413,698;131,923;125,38;0,108;7,906;1,993;5,914;-7,798;2,325;84,199;-15,422;99,621;-81,879
1979-10-01;617,879;224,671;280,907;95,476;185,431;-56,236;393,209;306,569;249,189;57,38;86,64;673,641;676,229;547,875;417,67;130,205;128,353;0,12;11,459;5,111;6,348;-11,339;-2,708;83,903;-22,356;106,258;-86,612
1980-01-01;611,813;205,063;274,759;77,731;197,028;-69,696;406,75;317,67;258,244;59,426;89,079;679,608;690,274;554,562;429,227;125,336;135,711;0,12;8,388;1,862;6,526;-8,268;-10,786;97,271;-27,322;124,593;-108,06
1980-04-01;608,166;187,198;289,462;64,512;224,95;-102,264;420,968;329,033;267,681;61,351;91,936;663,83;653,987;519,294;412,454;106,839;134,693;0,128;5,515;-1,523;7,038;-5,387;9,716;149,353;-23,072;172,424;-139,635
1980-07-01;624,857;189,495;300,879;66,087;234,792;-111,385;435,363;340,656;277,501;63,156;94,706;657,599;629,442;495,071;383,105;111,967;134,371;0,132;8,787;1,197;7,59;-8,655;28,025;170,409;-7,981;178,391;-142,393
1980-10-01;676,31;225,673;321,054;78,24;242,814;-95,382;450,637;352,541;287,702;64,839;98,096;697,197;690,489;551,472;428,112;123,36;139,017;0,132;18,877;11,667;7,21;-18,745;6,576;124,14;-52,943;177,083;-117,558
1981-01-01;708,137;242,595;321,394;85,755;235,639;-78,799;465,542;364,687;298,285;66,402;100,855;767,45;765,783;619,381;496,674;122,707;146,401;0,128;6,012;-0,875;6,888;-5,884;1,539;119,994;-52,452;172,447;-118,461
1981-04-01;719,853;239,422;327,381;87,616;239,765;-87,959;480,431;376,443;308,59;67,852;103,989;755,28;755,108;609,843;488,398;121,444;145,265;0,12;12,042;4,681;7,361;-11,922;0,052;117,355;-61,457;178,812;-117,314
1981-07-01;776,319;281,801;379,085;98,539;280,546;-97,283;494,517;387,808;318,616;69,191;106,71;805,076;798,004;652,297;536,453;115,843;145,707;0,12;20,136;12,389;7,747;-20,016;6,952;123,22;-102,927;226,147;-116,264
1981-10-01;772,645;264,219;393,133;94,876;298,258;-128,914;508,426;398,783;328,364;70,419;109,643;799,974;795,38;643,395;533,954;109,441;151,985;0,12;11,174;3,17;8,004;-11,054;4,474;164,683;-86,548;251,231;-160,203
1982-01-01;737,031;215,105;371,734;81,664;290,071;-156,629;521,926;409,367;337,833;71,534;112,559;739,203;738,553;588,318;480,604;107,715;150,234;0,12;12,516;2,918;9,598;-12,396;0,531;182,441;-61,852;244,293;-181,909
1982-04-01;762,198;228,321;393,075;94,173;298,902;-164,754;533,877;418,011;345,495;72,516;115,866;767,446;750,007;593,621;486,11;107,511;156,387;0,116;8,903;0,439;8,464;-8,787;17,323;213,806;-41,636;255,443;-196,488
1982-07-01;730,832;188,083;391,126;90,11;301,016;-203,043;542,749;424,714;351,351;73,363;118,035;736,319;750,355;592,954;484,016;108,938;157,401;0,108;8,133;-0,007;8,14;-8,025;-14,144;220,241;-37,059;257,3;-234,384
1982-10-01;674,05;124,75;360,777;85,969;274,808;-236,027;549,301;429,476;355,4;74,076;119,825;695,741;712,994;549,242;432,374;116,868;163,752;0,108;15,975;9,231;6,744;-15,867;-17,361;246,726;21,455;225,271;-264,088
1983-01-01;691,751;139,444;377,856;98,755;279,101;-238,412;552,307;432,297;357,643;74,654;120,01;722,338;730,233;565,52;431,969;133,551;164,714;0,108;6,0;-0,346;6,346;-5,892;-8,003;269,22;55,362;213,858;-277,224
1983-04-01;700,996;141,915;365,34;112,119;253,221;-223,425;559,081;436,021;360,592;75,429;123,06;753,199;780,835;613,783;466,641;147,141;167,052;0,104;20,833;14,349;6,485;-20,729;-27,74;218,954;43,93;175,024;-246,688
1983-07-01;703,261;137,092;370,596;117,757;252,838;-233,503;566,169;440,648;364,248;76,4;125,521;778,85;826,76;652,269;491,371;160,898;174,491;0,096;11,797;4,893;6,904;-11,701;-48,005;222,769;61,333;161,437;-270,773
1983-10-01;771,102;198,17;405,284;131,74;273,544;-207,115;572,932;446,177;368,61;77,568;126,754;840,125;896,895;718,496;549,33;169,166;178,399;0,096;5,282;-0,239;5,521;-5,186;-56,866;196,7;20,275;176,425;-253,573
1984-01-01;854,524;272,278;456,027;146,924;309,103;-183,749;582,246;452,61;373,678;78,932;129,636;896,446;974,981;790,872;616,12;174,752;184,109;0,088;9,119;2,445;6,674;-9,031;-78,624;150,564;-56,045;206,609;-229,191
1984-04-01;873,68;282,187;470,48;148,783;321,697;-188,293;591,493;459,545;379,295;80,251;131,947;920,439;1008,365;818,894;639,583;179,312;189,47;0,092;11,938;5,853;6,086;-11,846;-88,018;145,947;-70,604;216,551;-233,97
1984-07-01;898,314;295,138;497,766;156,43;341,337;-202,629;603,176;466,985;385,459;81,526;136,191;942,169;1032,606;838,852;659,778;179,074;193,754;0,1;9,889;3,92;5,969;-9,789;-90,538;159,865;-77,954;237,819;-250,403
1984-10-01;900,575;283,906;496,022;162,915;333,108;-212,116;616,669;474,928;392,172;82,756;141,741;933,717;1037,137;831,741;651,317;180,425;205,396;0,112;8,046;2,042;6,004;-7,934;-103,532;164,321;-65,114;229,434;-267,837
1985-01-01;889,565;265,916;436,364;157,611;278,753;-170,449;623,649;483,375;399,433;83,941;140,275;928,73;1018,14;809,865;629,005;180,861;208,275;0,136;5,866;-0,67;6,536;-5,73;-89,547;143,154;-32,144;175,298;-232,718
1985-04-01;887,538;252,977;475,124;160,341;314,783;-222,147;634,561;491,968;406,667;85,301;142,594;934,074;1045,435;827,04;644,759;182,281;218,395;0,148;5,782;-0,328;6,111;-5,634;-111,509;180,809;-30,883;211,692;-292,314
1985-07-01;866,185;221,02;424,938;169,94;254,998;-203,919;645,165;500,708;413,873;86,835;144,458;927,136;1048,412;822,157;636,281;185,875;226,256;0,152;10,756;3,995;6,76;-10,604;-121,428;153,698;4,5;149,197;-275,113
1985-10-01;881,31;224,132;434,219;150,996;283,224;-210,087;657,178;509,594;421,052;88,543;147,583;950,958;1086,124;859,545;667,485;192,059;226,58;0,136;5,872;-0,275;6,146;-5,736;-135,303;148,045;-25,515;173,561;-283,348
1986-01-01;895,819;227,63;432,353;130,094;302,26;-204,723;668,189;518,627;428,203;90,424;149,562;964,128;1092,454;863,457;662,219;201,238;228,996;0,12;6,093;-0,699;6,792;-5,973;-128,446;149,73;-34,923;184,653;-278,185
1986-04-01;871,258;191,342;424,112;113,734;310,378;-232,77;679,916;527,418;435,037;92,381;152,498;947,82;1089,68;855,237;641,444;213,794;234,443;0,108;13,787;6,664;7,123;-13,679;-141,969;159,069;-22,774;181,843;-301,036
1986-07-01;838,86;147,907;382,675;103,186;279,49;-234,769;690,953;535,968;441,554;94,413;154,986;931,286;1081,507;835,832;615,739;220,093;245,674;0,108;6,737;-0,792;7,529;-6,629;-150,328;168,505;22,224;146,281;-318,828
1986-10-01;852,915;150,794;358,184;95,462;262,722;-207,39;702,121;544,275;447,754;96,521;157,846;935,001;1085,297;842,063;616,874;225,19;243,234;0,108;10,859;3,79;7,068;-10,751;-150,404;131,634;4,649;126,985;-282,027
1987-01-01;898,225;185,625;401,59;111,55;290,04;-215,965;712,6;552,34;453,637;98,703;160,26;967,91;1118,849;871,196;642,368;228,828;247,654;0,128;6,674;-0,891;7,565;-6,546;-151,068;145,748;-6,603;152,351;-296,813
1987-04-01;926,895;203,125;353,681;136,75;216,931;-150,555;723,77;561,153;460,33;100,823;162,617;973,66;1128,044;874,588;640,39;234,198;253,456;0,136;6,616;-0,729;7,345;-6,48;-154,52;80,397;4,185;76,212;-234,914
1987-07-01;961,363;225,288;396,28;151,799;244,481;-170,993;736,076;570,713;467,832;102,881;165,362;980,761;1134,812;876,466;639,13;237,336;258,346;0,144;7,528;-0,109;7,636;-7,384;-154,195;102,404;0,014;102,389;-256,592
1987-10-01;1009,979;260,894;443,782;152,87;290,912;-182,888;749,086;581,022;476,145;104,877;168,064;1048,544;1205,551;946,459;704,658;241,8;259,093;0,144;6,575;-0,207;6,782;-6,431;-157,152;110,332;-36,874;147,206;-267,486
1988-01-01;1030,044;266,242;446,287;150,705;295,581;-180,045;763,802;591,862;485,697;106,165;171,94;1035,227;1162,094;908,569;665,971;242,598;253,525;0,136;6,164;-1,086;7,249;-6,028;-127,003;128,58;-23,319;151,899;-255,603
1988-04-01;1069,155;291,475;465,264;149,067;316,197;-173,789;777,68;602,619;494,903;107,716;175,061;1082,761;1192,719;934,525;687,386;247,139;258,194;0,132;3,666;-3,344;7,01;-3,534;-110,089;143,295;-26,47;169,765;-253,388
1988-07-01;1096,367;304,995;465,78;137,308;328,473;-160,785;791,371;613,292;503,762;109,531;178,079;1093,651;1200,108;942,009;693,417;248,591;258,099;0,136;9,717;1,448;8,269;-9,581;-106,593;124,643;-56,5;181,143;-231,224
1988-10-01;1111,704;306,569;476,971;148,784;328,187;-170,401;805,134;623,882;512,274;111,608;181,253;1106,919;1226,534;962,748;710,19;252,558;263,786;0,132;8,169;-0,102;8,271;-8,037;-119,747;125,171;-53,794;178,965;-244,898
1989-01-01;1145,23;326,802;475,629;121,062;354,567;-148,827;818,428;634,387;520,44;113,948;184,041;1162,601;1269,293;1005,487;752,119;253,368;263,806;0,132;6,824;-1,14;7,964;-6,692;-106,824;115,054;-92,128;207,182;-221,899
1989-04-01;1104,77;273,087;447,509;120,103;327,405;-174,422;831,683;644,682;528,569;116,113;187,001;1174,708;1268,283;1001,047;751,802;249,245;267,236;0,144;9,364;0,495;8,87;-9,22;-93,719;151,707;-33,697;185,404;-245,437
1989-07-01;1100,707;255,819;440,522;120,511;320,011;-184,703;844,888;654,766;536,663;118,104;190,122;1189,849;1271,504;996,46;746,123;250,337;275,043;0,143;8,097;4,783;3,314;-7,954;-81,798;179,891;-4,573;184,464;-261,67
1989-10-01;1089,114;231,081;437,948;98,272;339,675;-206,867;858,033;664,64;544,72;119,92;193,393;1183,975;1271,457;995,809;749,833;245,976;275,648;0,972;8,862;1,083;7,778;-7,89;-88,454;192,792;-13,049;205,841;-281,232
1990-01-01;1102,764;232,743;456,298;107,865;348,433;-223,555;870,021;674,302;552,741;121,562;195,719;1207,642;1297,681;1010,838;760,535;250,304;286,843;0,832;8,526;-0,947;9,473;-7,694;-90,871;216,104;5,886;210,218;-306,985
1990-04-01;1135,036;252,806;493,187;120,908;372,279;-240,381;882,23;683,805;560,683;123,122;198,424;1230,175;1303,036;1014,72;771,518;243,202;288,316;0,152;14,398;-0,066;14,464;-14,246;-73,013;243,003;5,268;237,735;-316,026
1990-07-01;1105,865;210,851;448,884;87,788;361,095;-238,033;895,014;693,148;568,547;124,601;201,865;1209,985;1292,359;1000,785;765,942;234,843;291,574;0,156;11,179;-0,023;11,201;-11,023;-82,53;234,196;-5,456;239,652;-316,719
1990-10-01;1110,603;203,737;459,957;99,238;360,718;-256,219;906,865;702,332;576,333;125,999;204,534;1187,888;1242,198;947,453;722,451;225,002;294,746;28,352;9,122;-1,582;10,703;19,23;-82,662;283,013;32,001;251,012;-365,662
1991-01-01;1200,155;281,184;522,023;133,28;388,742;-240,839;918,971;711,356;584,04;127,315;207,615;1262,265;1215,686;924,569;707,502;217,066;291,117;4,44;9,528;-1,74;11,268;-5,088;42,139;361,388;73,665;287,724;-319,252
1991-04-01;1144,95;216,004;521,132;129,953;391,179;-305,127;928,946;719,005;590,424;128,581;209,94;1237,323;1222,551;926,541;701,396;225,146;296,01;0,568;8,964;-1,737;10,702;-8,396;14,204;397,002;113,09;283,913;-382,8
1991-07-01;1122,741;184,96;516,589;125,003;391,586;-331,629;937,781;725,281;595,485;129,796;212,5;1230,486;1243,515;947,476;713,367;234,109;296,039;16,012;10,496;-1,724;12,22;5,516;-29,041;391,65;116,598;275,053;-420,684
1991-10-01;1146,589;202,715;559,306;126,96;432,346;-356,59;943,873;730,182;599,222;130,96;213,691;1255,205;1271,997;978,788;739,521;239,266;293,209;0,176;9,414;2,834;6,58;-9,238;-16,968;409,908;92,448;317,46;-426,871
1992-01-01;1156,147;207,978;598,914;145,629;453,285;-390,937;948,169;733,71;601,636;132,074;214,459;1234,539;1256,327;956,817;705,325;251,492;299,51;0,224;9,709;-1,755;11,464;-9,485;-22,013;444,501;122,099;322,403;-466,503
1992-04-01;1175,397;220,216;618,169;145,257;472,911;-397,953;955,181;738,791;605,226;133,564;216,39;1270,818;1310,208;1013,084;750,397;262,687;297,124;0,42;8,929;-1,764;10,693;-8,509;-39,81;430,373;97,277;333,096;-470,178
1992-07-01;1125,956;162,604;582,922;135,415;447,506;-420,317;963,352;745,424;609,992;135,432;217,927;1265,597;1318,297;1024,162;759,833;264,329;294,135;-5,944;3,894;32,579;-28,686;-9,838;-46,756;439,931;92,636;347,295;-486,687
1992-10-01;1134,653;160,376;573,461;145,174;428,287;-413,085;974,276;753,611;615,933;137,678;220,665;1283,241;1351,662;1057,962;783,513;274,449;293,7;0,192;10,473;-1,722;12,194;-10,281;-68,612;407,212;127,891;279,321;-475,838
1993-01-01;1131,541;145,375;565,012;134,641;430,371;-419,637;986,166;763,351;623,051;140,3;222,815;1314,997;1372,317;1083,829;808,601;275,229;288,487;2,64;10,523;2,1;8,424;-7,883;-59,959;417,464;130,444;287,02;-477,426
1993-04-01;1168,508;170,972;555,726;146,329;409,397;-384,753;997,536;773,191;630,356;142,835;224,345;1313,178;1387,672;1094,479;814,084;280,395;293,193;0,212;11,35;-1,69;13,039;-11,138;-74,707;367,763;108,966;258,797;-442,464
1993-07-01;1144,148;135,453;529,335;162,252;367,083;-393,883;1008,696;783,131;637,85;145,281;225,565;1309,112;1386,526;1095,852;803,131;292,721;290,674;0,448;11,609;-1,179;12,788;-11,161;-77,861;369,969;163,114;206,855;-447,83
1993-10-01;1211,46;189,86;536,189;172,688;363,501;-346,328;1021,6;793,171;645,531;147,64;228,429;1340,068;1448,318;1153,142;845,024;308,118;295,176;0,2;13,094;-1,705;14,799;-12,894;-108,45;291,732;103,509;188,223;-400,181
1994-01-01;1232,973;199,688;535,298;190,708;344,59;-335,61;1033,285;803,311;653,401;149,91;229,974;1392,4;1485,366;1201,675;884,584;317,091;283,691;0,172;14,444;17,53;-3,086;-14,272;-93,138;281,915;101,42;180,495;-375,055
1994-04-01;1297,326;250,356;555,298;196,897;358,4;-304,942;1046,97;815,045;662,803;152,241;231,925;1446,04;1555,241;1264,948;935,549;329,399;290,292;3,612;16,129;-0,685;16,813;-12,517;-112,812;237,978;73,549;164,429;-350,792
1994-07-01;1306,88;244,609;558,814;207,733;351,081;-314,204;1062,27;828,373;673,738;154,635;233,897;1432,115;1553,814;1251,749;925,459;326,291;302,064;1,068;11,99;-3,065;15,055;-10,922;-122,767;248,679;84,31;164,37;-371,449
1994-10-01;1346,058;266,151;590,836;216,115;374,72;-324,685;1079,907;843,295;686,205;157,09;236,612;1469,682;1608,21;1307,566;985,208;322,358;300,644;0,228;13,328;-1,579;14,907;-13,1;-138,757;236,864;42,319;194,545;-375,617
1995-01-01;1394,976;295,825;617,57;210,641;406,929;-321,744;1099,15;859,812;700,205;159,607;239,339;1515,331;1634,554;1327,586;1011,99;315,596;306,968;0,236;12,957;-1,571;14,529;-12,721;-119,46;257,187;20,776;236,411;-376,653
1995-04-01;1394,961;279,209;605,5;233,169;372,33;-326,291;1115,753;874,785;712,861;161,924;240,968;1495,0;1614,383;1303,988;997,737;306,251;310,395;-0,268;14,722;0,51;14,212;-14,99;-119,115;261,611;47,821;213,791;-380,728
1995-07-01;1437,927;307,165;625,907;252,514;373,393;-318,741;1130,762;888,215;724,173;164,042;242,547;1510,578;1610,366;1303,248;987,031;316,217;307,118;1,976;42,347;26,571;15,775;-40,371;-101,764;241,17;35,727;205,442;-342,941
1995-10-01;1480,762;336,904;621,912;258,406;363,505;-285,008;1143,859;900,101;734,141;165,96;243,758;1556,352;1641,405;1335,135;1011,02;324,116;306,27;-0,268;14,662;2,76;11,902;-14,93;-84,785;247,815;54,367;193,448;-332,59
1996-01-01;1521,021;365,445;647,235;276,004;371,232;-281,79;1155,575;910,444;742,765;167,679;245,131;1569,241;1672,168;1355,353;1019,785;335,568;316,816;0,216;16,441;-0,258;16,699;-16,225;-103,143;234,095;47,451;186,644;-337,25
1996-04-01;1561,194;393,634;632,168;265,582;366,585;-238,534;1167,56;922,048;752,509;169,54;245,512;1626,798;1736,141;1418,388;1065,655;352,733;317,753;0,204;17,572;-0,687;18,259;-17,368;-109,547;183,861;18,728;165,133;-293,407
1996-07-01;1597,212;415,331;638,283;260,948;377,336;-222,952;1181,881;934,914;763,372;171,542;246,967;1661,842;1795,37;1474,35;1116,283;358,067;321,02;0,204;19,859;0,294;19,565;-19,655;-133,732;143,632;-27,615;171,247;-277,351
1996-10-01;1640,438;444,228;635,404;270,801;364,602;-191,176;1196,21;949,041;775,355;173,687;247,168;1690,079;1804,375;1480,128;1122,353;357,775;324,248;0,212;33,66;14,32;19,34;-33,448;-114,509;120,314;-40,86;161,174;-234,807
1997-01-01;1697,047;483,745;653,424;291,47;361,954;-169,679;1213,302;964,43;788,457;175,973;248,872;1709,761;1841,719;1522,404;1159,666;362,739;319,315;0,284;21,412;0,365;21,047;-21,128;-132,242;86,742;-67,399;154,141;-218,994
1997-04-01;1768,301;537,077;687,469;302,863;384,605;-150,392;1231,224;979,915;801,466;178,449;251,31;1812,302;1914,19;1590,218;1219,678;370,539;323,973;0,576;48,407;26,743;21,664;-47,831;-102,464;72,756;-98,094;170,851;-175,223
1997-07-01;1820,056;572,25;678,636;319,165;359,471;-106,386;1247,806;995,497;814,381;181,115;252,309;1833,94;1956,715;1625,251;1244,569;380,682;331,464;0,68;25,834;3,164;22,67;-25,154;-123,455;36,935;-100,299;137,234;-160,386
1997-10-01;1842,028;577,056;688,2;307,171;381,029;-111,144;1264,973;1011,175;827,204;183,971;253,798;1812,439;1976,198;1644,529;1253,764;390,765;331,669;0,364;24,362;1,172;23,19;-23,998;-164,123;0,897;-150,149;151,045;-165,017
1998-01-01;1906,595;625,249;680,999;229,34;451,659;-55,749;1281,346;1026,95;839,933;187,017;254,396;1878,7;2043,561;1712,324;1307,261;405,063;331,238;0,216;26,673;1,437;25,236;-26,457;-165,077;-58,943;-267,32;208,377;-106,134
1998-04-01;1917,555;617,521;662,612;227,092;435,52;-45,091;1300,034;1043,346;853,09;190,256;256,688;1840,761;2036,84;1695,773;1271,841;423,932;341,067;0,196;35,864;9,488;26,376;-35,668;-196,274;-102,473;-277,942;175,468;-93,802
1998-07-01;1960,896;642,127;654,35;231,035;423,314;-12,222;1318,769;1060,363;866,676;193,687;258,406;1871,177;2095,803;1741,623;1302,397;439,226;354,18;0,272;33,455;6,733;26,722;-33,183;-224,897;-150,082;-301,136;151,054;-74,814
1998-10-01;1941,882;603,085;607,313;219,455;387,857;-4,228;1338,797;1078,001;880,69;197,311;260,796;1910,704;2146,484;1796,964;1344,356;452,608;349,52;0,236;27,276;-0,389;27,665;-27,04;-236,016;-170,095;-274,99;104,895;-65,912
1999-01-01;2050,254;691,567;679,529;278,961;400,568;12,038;1358,687;1096,259;895,132;201,127;262,428;1975,894;2210,132;1853,063;1396,781;456,282;357,069;1,365;27,055;-1,755;28,811;-25,691;-235,602;-178,69;-295,292;116,602;-56,913
1999-04-01;1990,284;607,076;583,736;279,034;304,702;23,34;1383,208;1117,943;912,465;205,479;265,264;1948,636;2210,853;1848,341;1382,234;466,108;362,512;1,7;28,759;-1,249;30,008;-27,059;-263,917;-217,069;-231,134;14,065;-46,848
1999-07-01;1979,646;568,991;537,686;254,919;282,767;31,305;1410,656;1143,053;932,687;210,366;267,603;1970,402;2263,777;1893,735;1421,323;472,412;370,042;1,639;31,04;3,087;27,954;-29,401;-295,014;-253,282;-246,049;-7,233;-41,733
1999-10-01;2012,726;569,531;518,342;243,106;275,235;51,189;1443,195;1171,588;955,8;215,788;271,607;2020,717;2337,387;1953,097;1474,075;479,022;384,29;22,171;30,243;-1,72;31,964;-8,072;-338,84;-285,419;-265,457;-19,962;-53,421
2000-01-01;2123,173;644,203;496,435;199,708;296,727;147,768;1478,97;1203,549;981,803;221,746;275,421;1969,287;2339,805;1950,65;1459,751;490,899;389,155;2,392;27,835;-1,426;29,261;-25,442;-372,911;-432,386;-430,699;-1,687;59,477
2000-04-01;2121,742;615,61;496,236;181,129;315,106;119,374;1506,133;1227,519;1001,305;226,214;278,614;2082,105;2461,603;2075,786;1579,425;496,361;385,817;1,798;27,967;-1,274;29,241;-26,169;-381,297;-419,634;-435,353;15,719;38,339
2000-07-01;2153,574;628,611;516,538;180,231;336,306;112,073;1524,963;1243,499;1014,306;229,193;281,464;2029,386;2446,174;2059,969;1562,866;497,103;386,205;3,64;27,934;-0,642;28,576;-24,294;-420,428;-452,053;-491,873;39,821;31,627
2000-10-01;2106,119;571,275;477,647;158,504;319,143;93,627;1534,844;1251,489;1020,807;230,683;283,355;2040,779;2461,45;2067,227;1563,709;503,519;394,222;10,402;26,877;-1,347;28,224;-16,475;-431,073;-430,306;-448,388;18,083;-0,765
2001-01-01;2157,741;591,297;543,498;185,004;358,495;47,799;1566,444;1281,221;1043,296;237,925;285,223;1948,549;2372,21;1971,333;1458,191;513,141;400,877;0,587;31,307;2,478;28,829;-30,72;-424,248;-387,11;-441,559;54,449;-37,135
2001-04-01;2145,977;551,957;564,662;223,031;341,631;-12,705;1594,02;1307,093;1062,348;244,745;286,927;2012,869;2391,951;1973,033;1447,091;525,943;418,918;0,729;28,569;7,91;20,659;-27,84;-379,812;-262,953;-302,728;39,774;-116,856
2001-07-01;2056,911;445,332;705,33;210,887;494,442;-259,998;1611,579;1322,838;1072,194;250,644;288,741;1936,256;2348,391;1944,909;1408,206;536,703;403,481;-51,168;-21,691;-35,908;14,218;-29,478;-360,966;-15,704;-209,869;194,165;-345,26
2001-10-01;1927,515;301,524;495,611;237,566;258,046;-194,088;1625,991;1335,676;1081,822;253,854;290,315;1923,563;2274,347;1850,091;1311,672;538,419;424,256;2,207;23,921;-2,47;26,392;-21,715;-352,99;-46,675;6,237;-52,911;-306,313
2002-01-01;1986,208;348,678;740,859;303,9;436,958;-392,181;1637,53;1344,964;1088,882;256,082;292,566;1942,934;2347,377;1912,659;1357,026;555,632;434,718;8,976;23,466;-2,888;26,354;-14,49;-413,419;106,425;-4,629;111,054;-519,843
2002-04-01;1995,194;345,944;793,901;319,134;474,767;-447,957;1649,251;1354,357;1094,023;260,334;294,894;1915,317;2371,731;1933,282;1360,583;572,699;438,449;1,749;21,299;-2,971;24,269;-19,55;-458,163;113,8;-24,332;138,133;-571,963
2002-07-01;1986,269;321,866;784,274;342,74;441,534;-462,408;1664,403;1367,028;1102,417;264,611;297,375;1918,566;2380,263;1933,197;1356,155;577,042;447,067;1,826;22,814;-2,458;25,272;-20,988;-463,523;127,589;23,758;103,831;-591,112
2002-10-01;2033,631;352,891;856,039;402,904;453,135;-503,149;1680,74;1380,933;1109,932;271,001;299,807;1897,791;2397,002;1942,531;1348,717;593,814;454,471;4,183;4,797;-2,247;7,044;-0,614;-503,394;153,805;30,528;123,278;-657,199
2003-01-01;1942,61;247,582;791,537;365,877;425,661;-543,955;1695,027;1392,296;1113,917;278,379;302,731;1870,944;2417,332;1960,221;1346,251;613,97;457,111;7,92;4,037;-2,293;6,33;3,883;-554,308;147,91;64,169;83,741;-702,218
2003-04-01;1968,895;260,1;844,187;414,011;430,175;-584,087;1708,794;1403,422;1120,518;282,905;305,372;1904,638;2430,676;1972,386;1347,458;624,927;458,29;11,924;2,132;-1,779;3,912;9,792;-537,962;208,835;124,593;84,241;-746,797
2003-07-01;1985,455;259,742;897,072;427,158;469,914;-637,33;1725,713;1417,187;1128,558;288,629;308,525;1986,724;2513,375;2044,304;1382,746;661,558;469,071;9,937;1,345;-2,255;3,601;8,591;-536,588;269,879;176,495;93,384;-806,466
2003-10-01;2054,384;307,528;859,795;425,975;433,82;-552,267;1746,857;1434,954;1138,623;296,331;311,902;2092,262;2603,725;2131,311;1439,497;691,815;472,414;5,433;3,528;-2,789;6,317;1,905;-516,896;197,787;165,768;32,02;-714,683
2004-01-01;2071,992;298,005;885,563;483,429;402,134;-587,558;1773,987;1458,098;1153,359;304,739;315,889;2079,433;2628,373;2154,052;1441,378;712,674;474,321;11,798;2,379;-2,394;4,773;9,419;-560,737;194,674;205,249;-10,575;-755,408
2004-04-01;2157,049;353,44;914,559;467,12;447,439;-561,119;1803,609;1482,431;1169,022;313,41;321,177;2121,371;2745,878;2262,607;1514,464;748,143;483,271;4,71;2,914;-2,058;4,972;1,796;-629,218;95,792;88,059;7,733;-725,009
2004-07-01;2229,836;394,691;912,224;506,565;405,659;-517,533;1835,146;1507,71;1184,788;322,922;327,436;2159,067;2808,366;2318,272;1550,315;767,958;490,094;-6,915;-27,517;16,25;-43,767;20,601;-642,384;58,409;54,02;4,389;-700,793
2004-10-01;2172,284;297,672;804,637;391,667;412,97;-506,966;1874,613;1540,247;1208,177;332,07;334,366;2158,888;2887,21;2390,082;1601,102;788,98;497,128;8,825;3,099;-1,857;4,957;5,726;-737,148;-61,695;-12,797;-48,897;-675,454
2005-01-01;2281,65;370,049;779,467;550,19;229,277;-409,418;1911,601;1572,415;1231,79;340,625;339,186;2298,881;2987,629;2486,068;1671,795;814,273;501,561;24,79;5,045;-0,2;5,246;19,744;-713,537;-122,002;127,614;-249,616;-591,538
2005-04-01;2306,629;357,66;771,885;564,924;206,96;-414,224;1948,969;1603,872;1254,318;349,554;345,097;2264,524;2986,706;2476,474;1636,287;840,187;510,231;7,995;5,005;0,083;4,923;2,99;-730,177;-147,83;140,766;-288,596;-582,348
2005-07-01;2331,663;341,988;750,552;583,321;167,231;-408,563;1989,675;1637,912;1275,838;362,074;351,763;2293,729;3048,407;2531,076;1660,103;870,972;517,331;-51,678;-115,296;10,047;-125,344;63,618;-702,999;-65,25;151,074;-216,323;-637,749
2005-10-01;2495,376;461,416;818,973;585,729;233,243;-357,557;2033,96;1676,323;1303,885;372,439;357,637;2330,183;3169,284;2645,263;1760,056;885,206;524,022;16,142;-18,5;-10,229;-8,271;34,641;-855,242;-296,655;-25,402;-271,253;-558,583
2006-01-01;2644,402;573,974;886,134;576,264;309,871;-312,161;2070,428;1708,101;1327,452;380,649;362,327;2447,669;3249,424;2709,74;1813,902;895,838;539,684;10,337;11,049;0,421;10,628;-0,712;-812,092;-323,287;-107,34;-215,946;-488,805
2006-04-01;2651,954;544,86;842,233;548,466;293,767;-297,373;2107,094;1737,794;1350,678;387,116;369,3;2432,295;3261,065;2709,252;1842,209;867,042;551,813;7,656;5,956;0,516;5,44;1,701;-836,426;-354,84;-163,241;-191,599;-481,587
2006-07-01;2638,534;497,426;805,046;563,149;241,897;-307,62;2141,108;1765,919;1373,7;392,219;375,189;2383,684;3259,497;2709,42;1880,093;829,327;550,078;5,993;6,813;1,364;5,449;-0,82;-881,807;-400,117;-199,456;-200,661;-481,688
2006-10-01;2634,443;456,412;770,856;512,59;258,266;-314,444;2178,031;1795,551;1398,627;396,924;382,479;2466,515;3237,403;2675,406;1874,539;800,867;561,997;6,879;55,347;50,618;4,729;-48,468;-777,767;-332,273;-181,867;-150,405;-445,494
2007-01-01;2559,366;344,691;666,718;387,225;279,493;-322,026;2214,675;1823,717;1421,575;402,142;390,958;2433,032;3238,578;2664,295;1892,517;771,777;574,284;12,557;-7,899;-0,439;-7,461;20,456;-818,104;-292,292;-209,61;-82,682;-525,809
2007-04-01;2619,472;378,544;714,323;418,044;296,279;-335,779;2240,928;1843,831;1439,13;404,7;397,097;2510,182;3288,861;2699,217;1955,645;743,572;589,644;1,58;-5,533;0,395;-5,928;7,112;-780,259;-244,819;-208,155;-36,665;-535,438
2007-07-01;2473,998;208,397;627,891;378,059;249,832;-419,494;2265,601;1862,279;1454,853;407,427;403,322;2572,987;3281,943;2685,969;1980,705;705,265;595,974;4,009;-8,921;-2,056;-6,864;12,93;-712,966;-87,889;-46,748;-41,142;-625,076
2007-10-01;2394,677;104,882;587,685;359,595;228,09;-482,803;2289,796;1879,944;1470,849;409,095;409,852;2580,497;3250,754;2642,56;1983,092;659,468;608,194;7,255;6,978;2,624;4,354;0,277;-677,512;3,909;30,546;-26,637;-681,423
2008-01-01;2307,341;-12,454;561,514;260,778;300,736;-573,968;2319,795;1902,823;1493,511;409,312;416,972;2439,795;3175,346;2563,701;1947,416;616,285;611,645;11,804;11,026;7,998;3,028;0,778;-747,356;22,063;-68,673;90,736;-769,42
2008-04-01;2189,103;-158,097;786,102;273,71;512,392;-944,199;2347,2;1923,79;1514,875;408,914;423,41;2436,905;3168,182;2540,595;1945,622;594,973;627,587;3,956;25,597;19,218;6,38;-21,641;-735,232;391,503;71,549;319,954;-1126,735
2008-07-01;2228,963;-147,078;721,09;334,77;386,32;-868,168;2376,04;1945,696;1539,196;406,5;430,344;2416,958;3135,983;2498,242;1928,245;569,997;637,741;-20,232;-25,648;8,504;-34,152;5,416;-698,793;382,186;125,211;256,975;-1080,98
2008-10-01;2121,696;-271,118;730,537;124,091;606,447;-1001,655;2392,814;1955,462;1552,325;403,137;437,352;2318,244;2949,323;2307,915;1785,167;522,748;641,407;7,561;-222,354;-233,923;11,57;229,914;-638,64;796,985;321,719;475,265;-1435,624
2009-01-01;1983,388;-404,053;1028,311;411,904;616,407;-1432,364;2387,44;1946,806;1546,634;400,172;440,635;2251,737;2654,925;2014,878;1534,146;480,732;640,048;4,169;-195,765;-201,144;5,379;199,934;-407,357;1424,355;893,887;530,468;-1831,711
2009-04-01;1962,788;-406,266;1230,542;487,381;743,161;-1636,808;2369,055;1927,499;1530,388;397,111;441,556;2155,672;2510,18;1863,65;1408,848;454,802;646,53;9,622;-138,467;-142,131;3,665;148,088;-364,13;1625,741;943,935;681,806;-1989,871
2009-07-01;1934,484;-424,497;1239,667;687,138;552,529;-1664,164;2358,981;1916,355;1521,371;394,984;442,626;2119,726;2486,36;1841,416;1374,25;467,166;644,944;5,876;-58,642;41,88;-100,523;64,518;-372,511;1558,489;977,62;580,869;-1931,0
2009-10-01;2110,32;-259,31;1349,233;761,579;587,654;-1608,543;2369,629;1923,377;1525,668;397,709;446,252;2230,727;2638,824;1998,71;1531,194;467,516;640,114;5,535;-93,053;-30,63;-62,423;98,588;-413,632;1487,36;907,09;580,27;-1900,992
2010-01-01;2137,681;-236,87;1442,465;840,619;601,846;-1679,335;2374,551;1924,246;1526,747;397,499;450,305;2249,784;2671,339;2038,161;1581,413;456,748;633,178;13,167;-75,834;-9,942;-65,892;89,001;-434,722;1516,487;907,998;608,489;-1951,209
2010-04-01;2238,209;-144,516;1515,723;812,984;702,739;-1660,239;2382,725;1927,477;1532,161;395,316;455,248;2352,685;2796,82;2148,795;1677,133;471,662;648,025;4,855;-106,934;-86,71;-20,224;111,789;-448,99;1515,815;869,198;646,617;-1964,805
2010-07-01;2407,782;16,009;1616,861;920,13;696,731;-1600,852;2391,773;1932,699;1536,944;395,754;459,075;2413,215;2885,91;2236,495;1792,266;444,229;649,416;5,226;-33,716;-27,317;-6,399;38,942;-477,921;1352,215;697,559;654,656;-1830,135
2010-10-01;2419,312;6,797;1575,627;891,245;684,383;-1568,83;2412,516;1948,534;1550,34;398,194;463,982;2465,077;2885,835;2238,44;1784,453;453,987;647,396;6,416;-22,667;6,316;-28,982;29,083;-427,174;1354,154;696,581;657,573;-1781,327
2011-01-01;2376,185;-61,048;1464,347;690,637;773,709;-1525,394;2437,233;1967,536;1567,775;399,761;469,697;2368,688;2845,313;2205,962;1752,323;453,64;639,351;7,268;-28,662;-22,45;-6,212;35,93;-483,893;1247,084;521,041;726,043;-1730,979
2011-04-01;2471,229;7,642;1540,834;791,55;749,284;-1533,192;2463,587;1988,608;1587,258;401,35;474,979;2455,689;2933,631;2297,352;1834,855;462,497;636,279;16,826;-52,42;-44,626;-7,794;69,246;-494,768;1268,967;573,035;695,931;-1763,739
2011-07-01;2574,157;86,581;1594,636;808,72;785,916;-1508,055;2487,576;2007,406;1604,536;402,87;480,17;2521,554;2957,952;2322,84;1849,869;472,971;635,112;6,56;-45,762;-35,722;-10,04;52,322;-442,958;1272,362;546,507;725,855;-1715,32
2011-10-01;2710,96;201,903;1679,991;883,767;796,225;-1478,088;2509,057;2025,284;1620,462;404,822;483,773;2689,448;3139,825;2504,095;2020,724;483,37;635,731;7,209;-67,574;-62,912;-4,663;74,783;-457,586;1247,242;524,903;722,339;-1704,829
2012-01-01;2933,356;395,086;1787,011;877,36;909,651;-1391,925;2538,27;2049,672;1643,586;406,086;488,598;2727,334;3194,591;2567,75;2059,961;507,79;626,841;8,601;-27,973;-25,524;-2,449;36,574;-475,857;1090,887;280,49;810,397;-1566,741
2012-04-01;2990,768;426,874;1803,431;829,362;974,069;-1376,557;2563,894;2071,312;1662,091;409,221;492,582;2818,217;3263,961;2636,863;2121,544;515,319;627,098;7,577;-9,416;-8,522;-0,895;16,993;-453,321;1074,747;205,881;868,865;-1528,066
2012-07-01;2875,351;285,203;1661,442;801,532;859,91;-1376,238;2590,148;2094,302;1680,313;413,989;495,846;2865,607;3263,547;2644,119;2118,301;525,818;619,428;6,49;-7,931;-9,595;1,664;14,42;-404,43;1109,807;363,389;746,417;-1514,241
2012-10-01;3090,234;480,324;1765,528;603,056;1162,472;-1285,204;2609,909;2112,463;1693,72;418,743;497,446;2863,97;3249,04;2638,282;2088,141;550,141;610,758;-24,76;-58,727;-4,638;-54,089;33,967;-360,31;1072,159;-13,004;1085,163;-1432,483
2013-01-01;3027,788;394,576;1429,314;839,301;590,013;-1034,738;2633,212;2133,956;1707,453;426,504;499,255;2964,513;3345,704;2746,42;2155,513;590,907;599,285;7,134;-0,055;-8,83;8,775;7,189;-388,325;753,63;336,795;416,835;-1141,956
2013-04-01;3123,131;458,778;1235,522;584,71;650,812;-776,744;2664,353;2161,382;1726,893;434,489;502,971;3003,046;3379,772;2780,242;2172,393;607,849;599,53;7,92;5,982;-3,99;9,973;1,938;-384,647;490,594;23,115;467,479;-875,241
2013-07-01;3137,499;442,726;1424,931;772,764;652,167;-982,206;2694,774;2188,238;1745,431;442,807;506,536;3144,349;3496,813;2892,354;2269,986;622,369;604,458;6,277;9,778;-1,977;11,755;-3,501;-358,741;717,887;257,036;460,851;-1076,628
2013-10-01;3186,622;452,547;1258,647;688,853;569,795;-806,1;2734,074;2222,795;1770,194;452,602;511,279;3243,98;3538,345;2934,291;2309,497;624,794;604,054;6,543;10,028;-2,598;12,625;-3,485;-300,909;594,482;209,505;384,977;-895,391
2014-01-01;3258,407;483,68;1297,024;629,158;667,866;-813,344;2774,727;2259,701;1796,547;463,154;515,026;3142,794;3514,433;2922,765;2293,46;629,305;591,669;9,773;4,167;-6,942;11,109;5,606;-381,413;514,18;23,574;490,605;-895,593
2014-04-01;3454,0;652,204;1456,163;741,058;715,105;-803,958;2801,795;2284,761;1817,888;466,873;517,035;3319,767;3665,036;3059,096;2410,56;648,536;605,94;5,549;3,728;-6,094;9,821;1,821;-350,818;543,867;20,246;523,62;-894,685
2014-07-01;3521,057;683,028;1542,563;827,618;714,945;-859,535;2838,028;2318,146;1843,112;475,033;519,883;3396,377;3752,397;3142,047;2475,376;666,671;610,35;5,246;9,925;40,91;-30,985;-4,678;-361,266;584,057;29,765;554,292;-945,323
2014-10-01;3551,148;686,957;1536,417;786,35;750,067;-849,46;2864,191;2342,792;1864,053;478,739;521,398;3361,913;3789,379;3172,016;2484,429;687,586;617,364;6,945;1,055;-8,256;9,311;5,89;-434,411;516,904;-15,004;531,908;-951,316
2015-01-01;3626,362;735,156;1539,23;710,917;828,313;-804,075;2891,206;2368,143;1884,562;483,581;523,063;3476,934;3895,871;3282,283;2579,229;703,054;613,588;12,408;7,001;-3,583;10,584;5,407;-431,345;468,671;-129,585;598,256;-900,007
2015-04-01;3619,706;706,844;1484,435;703,076;781,359;-777,59;2912,862;2388,297;1900,375;487,922;524,566;3518,422;3923,795;3291,104;2566,079;725,024;632,692;5,461;126,766;115,803;10,963;-121,305;-410,834;353,579;-179,714;533,293;-764,411
2015-07-01;3546,284;609,459;1424,048;658,003;766,046;-814,589;2936,825;2410,596;1916,034;494,561;526,229;3487,134;3941,318;3303,66;2555,455;748,205;637,658;9,148;6,561;-4,405;10,966;2,587;-463,331;465,276;-36,161;501,436;-928,606
2015-10-01;3558,906;608,046;1307,792;521,219;786,573;-699,746;2950,86;2424,423;1924,233;500,19;526,437;3496,86;3910,666;3276,879;2515,88;760,999;633,787;6,38;8,504;-2,892;11,396;-2,124;-420,186;384,789;-129,578;514,367;-804,971
2016-01-01;3531,153;569,721;1453,358;645,237;808,121;-883,637;2961,432;2434,792;1929,824;504,968;526,64;3465,019;3893,162;3244,317;2457,919;786,398;648,845;9,348;7,631;-2,762;10,392;1,717;-437,491;570,072;53,774;516,298;-1007,559
2016-04-01;3414,534;419,615;1335,569;609,06;726,508;-915,954;2994,919;2463,558;1950,174;513,384;531,361;3495,818;3893,025;3246,381;2449,406;796,976;646,644;4,731;40,104;36,88;3,224;-35,372;-401,938;593,931;154,238;439,693;-995,864
2016-07-01;3423,903;403,658;1322,957;609,667;713,29;-919,299;3020,245;2486,328;1964,404;521,924;533,917;3515,654;3908,461;3261,571;2455,819;805,753;646,89;5,82;8,655;-1,395;10,05;-2,835;-398,627;630,817;211,406;419,411;-1029,436
2016-10-01;3525,23;469,391;1388,346;651,477;736,869;-918,955;3055,839;2517,644;1987,671;529,973;538,195;3629,945;4017,2;3360,952;2535,979;824,973;656,249;8,171;3,601;14,067;-10,467;4,571;-395,427;646,161;193,826;452,336;-1041,579
2017-01-01;3624,067;534,658;1483,498;694,527;788,971;-948,84;3089,409;2547,047;2011,198;535,849;542,362;3667,136;4026,292;3363,101;2516,681;846,42;663,191;8,873;6,06;24,014;-17,954;2,813;-368,029;704,453;208,098;496,355;-1072,482
2017-04-01;3646,758;517,784;1504,415;632,333;872,081;-986,631;3128,974;2581,985;2037,221;544,764;546,989;3679,471;4107,688;3432,968;2586,782;846,186;674,72;8,412;6,945;-3,07;10,015;1,467;-436,629;679,2;118,555;560,645;-1115,829
2017-07-01;3742,524;572,065;1542,868;659,848;883,02;-970,803;3170,459;2618,064;2064,522;553,541;552,396;3833,491;4183,177;3500,142;2645,428;854,713;683,035;39,537;10,729;122,091;-111,361;28,807;-389,222;741,028;47,819;693,209;-1130,25
2017-10-01;3799,426;592,455;1532,737;710,224;822,514;-940,282;3206,97;2649,166;2088,905;560,261;557,804;3904,284;4279,208;3574,446;2694,701;879,745;704,762;7,22;939,654;929,841;9,813;-932,434;-382,144;-227,338;-720,556;493,217;-154,806
2018-01-01;3842,754;593,281;1643,522;763,324;880,197;-1050,241;3249,473;2684,573;2111,138;573,435;564,9;3966,35;4358,211;3645,635;2749,611;896,024;712,577;5,788;5,624;-3,55;9,174;0,164;-397,65;800,432;251,998;548,434;-1198,082
2018-04-01;3906,922;611,731;1721,875;781,922;939,953;-1110,144;3295,191;2722,285;2138,662;583,623;572,906;4017,634;4394,294;3662,727;2745,296;917,431;731,567;12,155;5,366;-3,091;8,457;6,789;-388,815;886,779;289,091;597,688;-1275,594
2018-07-01;4006,817;672,379;1764,205;735,697;1028,508;-1091,826;3334,438;2755,788;2164,554;591,235;578,65;4044,711;4529,256;3788,692;2872,378;916,314;740,565;2,224;2,039;7,688;-5,649;0,184;-486,769;767,156;58,079;709,078;-1253,925
2018-10-01;4046,796;675,485;1848,272;710,308;1137,964;-1172,787;3371,311;2786,558;2188,953;597,605;584,753;4028,348;4539,916;3802,028;2892,644;909,384;737,888;-1,463;-4,032;25,556;-29,588;2,569;-510,104;818,387;-37,385;855,772;-1328,491
2019-01-01;4241,372;821,892;2052,391;742,607;1309,784;-1230,498;3419,479;2828,654;2224,666;603,988;590,825;4145,211;4615,534;3850,171;2932,959;917,212;765,363;11,377;4,432;1,492;2,94;6,945;-481,7;930,281;-63,339;993,619;-1411,981
2019-04-01;4159,114;693,557;1902,696;724,029;1178,667;-1209,139;3465,557;2869,239;2258,595;610,644;596,318;4189,764;4664,953;3894,868;2963,782;931,086;770,085;3,887;-2,404;-3,093;0,689;6,29;-479,076;910,121;52,584;857,536;-1389,196
2019-07-01;4143,229;640,052;1932,171;795,248;1136,924;-1292,12;3503,177;2902,32;2283,527;618,793;600,857;4276,079;4720,705;3939,338;2995,302;944,036;781,367;4,049;-2,484;-2,893;0,409;6,532;-448,675;1030,487;219,216;811,272;-1479,162
2019-10-01;4162,308;631,159;1900,545;762,404;1138,14;-1269,386;3531,149;2926,979;2301,496;625,483;604,17;4264,746;4668,291;3885,228;2935,256;949,972;783,063;8,231;-48,931;-48,621;-0,31;57,161;-411,776;1093,666;279,704;813,962;-1505,441
2020-01-01;4281,386;711,269;2038,094;533,725;1504,369;-1326,825;3570,117;2961,269;2328,863;632,406;608,848;4218,235;4612,208;3807,759;2824,274;983,485;804,449;12,065;-2,206;-3,253;1,047;14,271;-406,038;1130,659;-21,583;1152,243;-1536,697
2020-04-01;3443,574;-159,575;4755,221;331,563;4423,657;-4914,796;3603,15;2989,828;2351,249;638,579;613,322;3557,361;4068,334;3254,272;2345,311;908,96;814,062;4,404;-1,377;54,114;-55,491;5,781;-515,377;4605,94;397,173;4208,767;-5121,318
2020-07-01;3693,077;52,736;3561,669;907,283;2654,386;-3508,933;3640,341;3019,682;2367,099;652,583;620,659;4058,568;4707,533;3891,227;2868,247;1022,98;816,307;2,835;9,129;6,045;3,084;-6,294;-651,8;3046,486;765,582;2280,905;-3698,286
2020-10-01;4329,523;640,938;2675,589;543,707;2131,883;-2034,652;3688,585;3060,039;2393,61;666,428;628,547;4146,237;4871,213;4040,153;2936,721;1103,432;831,06;5,046;1,876;-3,748;5,624;3,17;-730,021;1510,314;-178,942;1689,256;-2240,335
2021-01-01;4198,054;461,697;4631,879;742,182;3889,697;-4170,182;3736,358;3097,923;2412,461;685,461;638,435;4125,776;4854,883;4031,066;2869,875;1161,191;823,817;14,073;-200,089;14,895;-214,984;214,162;-743,18;3826,546;197,595;3628,951;-4569,726
2021-04-01;4001,943;182,94;2695,306;806,688;1888,618;-2512,366;3819,003;3166,77;2456,894;709,877;652,233;4015,113;4836,365;4013,283;2843,216;1170,067;823,081;3,97;6,846;-3,775;10,62;-2,875;-825,222;1855,119;437,311;1417,807;-2680,34
2021-07-01;4136,97;220,334;2226,834;674,709;1552,125;-2006,5;3916,635;3251,88;2516,835;735,044;664,756;4133,152;5049,992;4226,608;3033,143;1193,464;823,385;-11,531;7,253;46,61;-39,357;-18,784;-905,309;1241,037;107,974;1133,062;-2146,346
2021-10-01;4465,824;444,454;1741,628;589,988;1151,639;-1297,173;4021,37;3340,795;2583,278;757,517;680,575;4506,829;5430,898;4594,048;3349,1;1244,948;836,85;8,113;10,56;-3,853;14,413;-2,447;-932,181;518,82;-130,976;649,796;-1451,001
2022-01-01;4612,708;471,845;1268,804;565,055;703,749;-796,959;4140,864;3442,912;2652,707;790,205;697,952;4499,819;5614,955;4766,754;3464,985;1301,769;848,201;8,635;336,8;320,676;16,123;-328,165;-1123,771;-504,728;-680,79;176,062;-619,043
2022-04-01;4737,994;477,776;1344,319;791,905;552,414;-866,543;4260,218;3542,783;2727,661;815,122;717,436;4586,489;5597,576;4739,049;3459,347;1279,702;858,527;14,089;134,314;117,671;16,643;-120,224;-1025,176;-137,766;-208,957;71,19;-887,41
2022-07-01;4827,42;459,237;1511,57;898,956;612,615;-1052,333;4368,183;3636,373;2800,709;835,664;731,81;4672,393;5606,965;4724,621;3496,352;1228,269;882,344;-16,181;30,813;120,903;-90,09;-46,994;-918,39;237,483;-72,617;310,1;-1155,873
2022-10-01;4621,374;191,092;1482,666;860,237;622,428;-1291,573;4430,282;3688,197;2845,132;843,065;742,085;4831,62;5714,126;4796,162;3622,749;1173,413;917,964;14,559;59,192;53,404;5,788;-44,633;-897,065;525,755;239,462;286,293;-1422,82
2023-01-01;4466,909;-40,498;1696,593;748,392;948,202;-1737,091;4507,407;3753,312;2910,168;843,144;754,095;4795,085;5667,645;4725,828;3553,661;1172,168;941,817;24,104;8,116;-4,2;12,317;15,988;-896,665;1044,136;437,275;606,861;-1940,801
2023-04-01;4480,164;-76,854;1773,573;746,022;1027,551;-1850,427;4557,018;3797,329;2949,017;848,311;759,689;4917,443;5754,639;4780,29;3609,504;1170,786;974,35;11,496;-15,072;-4,414;-10,658;26,568;-848,692;1242,963;527,229;715,735;-2091,656
2023-07-01;4458,347;-153,117;1724,222;860,333;863,889;-1877,339;4611,463;3844,526;2982,513;862,013;766,937;5098,825;5919,708;4915,033;3723,859;1191,174;1004,674;9,008;-439,867;-0,622;-439,245;448,875;-829,891;1734,06;760,087;973,973;-2563,951
2023-10-01;4576,379;-90,88;1701,483;941,731;759,752;-1792,363;4667,259;3893,034;3023,935;869,099;774,225;5209,339;6003,604;4954,426;3749,765;1204,661;1049,178;10,334;-47,709;-4,454;-43,255;58,042;-804,599;1320,759;853,314;467,445;-2125,358
2024-01-01;4586,652;-125,185;1657,512;860,904;796,608;-1782,697;4711,837;3929,359;3057,442;871,917;782,479;5207,479;6064,706;5004,419;3753,929;1250,49;1060,287;;;;;51,635;;;;;-2112,14
