date;Total Consumer Credit Owned and Securitized;Percent Change of Total Consumer Credit;Finance Rate on Personal Loans at Commercial Banks, 24 Month Loan;Finance Rate on Consumer Installment Loans at Commercial Banks, New Autos 60 Month Loan;Commercial Bank Interest Rate on Credit Card Plans, All Accounts
1970-01-01;127,80299;6,1;;;
1970-02-01;128,19115;3,64;;;
1970-03-01;128,28;0,83;;;
1970-04-01;128,37472;0,89;;;
1970-05-01;128,53404;1,49;;;
1970-06-01;129,18543;6,08;;;
1970-07-01;129,85691;6,24;;;
1970-08-01;130,1846;3,03;;;
1970-09-01;130,85083;6,14;;;
1970-10-01;131,11307;2,4;;;
1970-11-01;130,80743;-2,8;;;
1970-12-01;131,55155;6,83;;;
1971-01-01;134,16406;23,83;;;
1971-02-01;134,93292;6,88;;;
1971-03-01;135,73629;7,14;;;
1971-04-01;136,99253;11,11;;;
1971-05-01;137,84093;7,43;;;
1971-06-01;138,76893;8,08;;;
1971-07-01;139,90802;9,85;;;
1971-08-01;141,25209;11,53;;;
1971-09-01;142,76657;12,87;;;
1971-10-01;143,92676;9,75;;;
1971-11-01;145,63484;14,24;;;
1971-12-01;146,93018;10,67;;;
1972-01-01;147,66048;5,96;;;
1972-02-01;148,92454;10,27;12,5;;
1972-03-01;150,77106;14,88;;;
1972-04-01;152,32195;12,34;;;
1972-05-01;154,19949;14,79;12,44;;
1972-06-01;156,15301;15,2;;;
1972-07-01;157,27992;8,66;;;
1972-08-01;158,93936;12,66;12,47;;
1972-09-01;160,55329;12,19;;;
1972-10-01;162,22503;12,49;;;
1972-11-01;164,10159;13,88;12,44;;
1972-12-01;166,1891;15,26;;;
1973-01-01;169,29467;18,18;;;
1973-02-01;171,60183;12,19;12,51;;
1973-03-01;173,90894;12,02;;;
1973-04-01;175,76268;12,79;;;
1973-05-01;178,12795;16,15;12,48;;
1973-06-01;180,42927;15,5;;;
1973-07-01;182,3182;12,56;;;
1973-08-01;184,32651;13,22;12,66;;
1973-09-01;185,34551;6,63;;;
1973-10-01;187,47609;13,79;;;
1973-11-01;189,3088;11,73;12,75;;
1973-12-01;190,08631;4,93;;;
1974-01-01;191,31247;7,74;;;
1974-02-01;192,51536;7,55;12,82;;
1974-03-01;193,35799;5,25;;;
1974-04-01;194,60355;7,73;;;
1974-05-01;195,8699;7,81;12,88;;
1974-06-01;196,8878;6,24;;;
1974-07-01;198,29354;8,57;;;
1974-08-01;199,3168;6,19;13,11;;
1974-09-01;199,61712;1,81;;;
1974-10-01;199,53477;-0,5;;;
1974-11-01;199,25468;-1,68;13,16;;
1974-12-01;198,91784;-2,03;;;
1975-01-01;199,0636;0,88;;;
1975-02-01;199,50775;2,68;13,2;;
1975-03-01;199,10994;-2,39;;;
1975-04-01;198,74286;-2,21;;;
1975-05-01;198,73721;-0,03;13,11;;
1975-06-01;196,04336;0,04;;;
1975-07-01;197,57936;9,4;;;
1975-08-01;198,21159;3,84;13,05;;
1975-09-01;199,42896;7,37;;;
1975-10-01;200,43428;6,05;;;
1975-11-01;201,49288;6,34;12,96;;
1975-12-01;204,002;14,94;;;
1976-01-01;205,52079;8,93;;;
1976-02-01;206,70929;6,94;13,02;;
1976-03-01;208,33857;9,46;;;
1976-04-01;210,50006;12,45;;;
1976-05-01;211,40742;5,17;12,96;;
1976-06-01;213,2401;10,4;;;
1976-07-01;215,2727;11,44;;;
1976-08-01;216,50986;6,9;13,02;;
1976-09-01;218,70878;12,19;;;
1976-10-01;220,8671;11,84;;;
1976-11-01;222,80491;10,53;13,06;;
1976-12-01;225,72159;15,71;;;
1977-01-01;225,73315;-0,69;;;
1977-02-01;228,52821;14,86;12,95;;
1977-03-01;232,34827;20,06;;;
1977-04-01;235,59405;16,76;;;
1977-05-01;239,01809;17,44;13,0;;
1977-06-01;242,40858;17,02;;;
1977-07-01;245,48106;15,21;;;
1977-08-01;248,47453;14,63;12,87;;
1977-09-01;251,2618;13,46;;;
1977-10-01;255,41564;19,84;;;
1977-11-01;258,77291;15,77;13,06;;
1977-12-01;260,5627;8,3;;;
1978-01-01;262,76532;10,14;;;
1978-02-01;265,73802;13,58;12,94;;
1978-03-01;270,26281;20,43;;;
1978-04-01;274,13698;17,2;;;
1978-05-01;279,25657;22,41;13,11;;
1978-06-01;285,10077;25,11;;;
1978-07-01;288,80554;15,59;;;
1978-08-01;292,81311;16,65;13,3;;
1978-09-01;296,17942;13,8;;;
1978-10-01;298,81249;10,67;;;
1978-11-01;302,7302;15,73;13,42;;
1978-12-01;306,10039;13,36;;;
1979-01-01;309,90309;14,91;;;
1979-02-01;313,52378;14,02;13,59;;
1979-03-01;317,20074;14,07;;;
1979-04-01;320,94487;14,16;;;
1979-05-01;325,17739;15,83;13,65;;
1979-06-01;328,17274;11,05;;;
1979-07-01;331,98999;13,96;;;
1979-08-01;335,78546;13,72;13,76;;
1979-09-01;339,44975;13,1;;;
1979-10-01;343,2513;13,44;;;
1979-11-01;346,38941;10,97;14,39;;
1979-12-01;348,58911;7,62;;;
1980-01-01;350,4757;6,49;;;
1980-02-01;353,05623;8,84;14,69;;
1980-03-01;353,04211;-0,05;;;
1980-04-01;351,28721;-5,96;;;
1980-05-01;348,64454;-9,03;16,31;;
1980-06-01;346,69696;-6,7;;;
1980-07-01;347,07137;1,3;;;
1980-08-01;347,54601;1,64;15,33;;
1980-09-01;348,16314;2,13;;;
1980-10-01;349,59772;4,94;;;
1980-11-01;350,00449;1,4;15,54;;
1980-12-01;351,92005;6,57;;;
1981-01-01;353,02932;3,78;;;
1981-02-01;354,74499;5,83;17,14;;
1981-03-01;357,12713;8,06;;;
1981-04-01;359,13287;6,74;;;
1981-05-01;361,2328;7,02;17,48;;
1981-06-01;362,74346;5,02;;;
1981-07-01;364,67773;6,4;;;
1981-08-01;365,15446;1,57;18,52;;
1981-09-01;369,59574;14,6;;;
1981-10-01;370,45671;2,8;;;
1981-11-01;371,75991;4,22;19,21;;
1981-12-01;371,30144;-1,48;;;
1982-01-01;375,16736;12,49;;;
1982-02-01;376,37707;3,87;18,76;;
1982-03-01;376,88541;1,62;;;
1982-04-01;378,63428;5,57;;;
1982-05-01;380,4388;5,72;18,9;;
1982-06-01;381,98562;4,88;;;
1982-07-01;382,4471;1,45;;;
1982-08-01;382,86264;1,3;18,93;;
1982-09-01;384,35525;4,68;;;
1982-10-01;384,96719;1,91;;;
1982-11-01;386,76665;5,61;17,99;;
1982-12-01;389,84874;9,56;;;
1983-01-01;391,82773;6,09;;;
1983-02-01;392,36096;1,63;17,47;;
1983-03-01;395,58305;9,85;;;
1983-04-01;398,42671;8,63;;;
1983-05-01;399,95372;4,6;16,57;;
1983-06-01;404,8326;14,64;;;
1983-07-01;409,47521;13,76;;;
1983-08-01;413,99357;13,24;16,28;;
1983-09-01;417,82094;11,09;;;
1983-10-01;423,773;17,09;;;
1983-11-01;429,97738;17,57;16,39;;
1983-12-01;437,06886;19,79;;;
1984-01-01;441,99113;13,51;;;
1984-02-01;451,90703;26,92;16,16;;
1984-03-01;456,55016;12,33;;;
1984-04-01;462,14122;14,7;;;
1984-05-01;472,44428;26,75;16,35;;
1984-06-01;480,99454;21,72;;;
1984-07-01;487,1488;15,35;;;
1984-08-01;494,11763;17,17;16,75;;
1984-09-01;498,4964;10,63;;;
1984-10-01;504,65866;14,83;;;
1984-11-01;510,15408;13,07;16,63;;
1984-12-01;517,27898;16,76;;;
1985-01-01;523,97936;15,54;;;
1985-02-01;532,44843;19,4;16,21;;
1985-03-01;541,75718;20,98;;;
1985-04-01;549,34871;16,82;;;
1985-05-01;555,84205;14,18;16,09;;
1985-06-01;561,2066;11,58;;;
1985-07-01;567,653;13,78;;;
1985-08-01;573,29931;11,94;15,84;;
1985-09-01;582,14837;18,52;;;
1985-10-01;588,30745;12,7;;;
1985-11-01;594,47775;12,59;15,61;;
1985-12-01;599,71123;10,56;;;
1986-01-01;605,70302;11,99;;;
1986-02-01;610,67829;9,86;15,52;;
1986-03-01;613,37662;5,3;;;
1986-04-01;619,65773;12,29;;;
1986-05-01;625,81996;11,93;14,89;;
1986-06-01;630,05583;8,12;;;
1986-07-01;635,15095;9,7;;;
1986-08-01;638,90439;7,09;14,7;;
1986-09-01;646,02316;13,37;;;
1986-10-01;653,78729;14,42;;;
1986-11-01;653,7673;-0,04;14,19;;
1986-12-01;654,75024;1,8;;;
1987-01-01;653,26748;-2,72;;;
1987-02-01;652,5323;-1,35;14,1;;
1987-03-01;651,19767;-2,45;;;
1987-04-01;656,40142;9,59;;;
1987-05-01;658,47003;3,78;14,0;;
1987-06-01;662,8975;8,07;;;
1987-07-01;667,65979;8,62;;;
1987-08-01;672,22514;8,21;14,22;;
1987-09-01;676,21116;7,12;;;
1987-10-01;681,18446;8,83;;;
1987-11-01;684,71004;6,21;14,58;;
1987-12-01;686,31877;2,82;;;
1988-01-01;692,27095;10,41;;;
1988-02-01;696,38729;7,14;14,46;;
1988-03-01;700,7012;7,43;;;
1988-04-01;705,86805;8,85;;;
1988-05-01;710,04585;7,1;14,4;;
1988-06-01;713,18919;5,31;;;
1988-07-01;716,11302;4,92;;;
1988-08-01;721,53558;9,09;14,81;;
1988-09-01;722,94769;2,35;;;
1988-10-01;726,10533;5,24;;;
1988-11-01;729,66007;5,87;15,06;;
1988-12-01;731,91776;3,71;;;
1989-01-01;749,02308;0,01;;;
1989-02-01;752,893;6,2;15,22;;
1989-03-01;760,01834;11,36;;;
1989-04-01;764,71245;7,41;;;
1989-05-01;769,2757;7,16;15,65;;
1989-06-01;773,22711;6,16;;;
1989-07-01;776,26008;4,71;;;
1989-08-01;778,8765;4,04;15,45;;
1989-09-01;781,82209;4,54;;;
1989-10-01;785,54565;5,72;;;
1989-11-01;790,29725;7,26;15,42;;
1989-12-01;794,61218;6,55;;;
1990-01-01;797,71486;4,69;;;
1990-02-01;798,77319;1,59;15,27;;
1990-03-01;798,74809;-0,04;;;
1990-04-01;798,74701;0,0;;;
1990-05-01;799,75103;1,51;15,41;;
1990-06-01;802,89274;4,71;;;
1990-07-01;806,8875;5,97;;;
1990-08-01;808,75857;2,78;15,46;;
1990-09-01;810,43623;2,49;;;
1990-10-01;812,65511;3,29;;;
1990-11-01;813,66266;1,49;15,69;;
1990-12-01;808,23057;-8,01;;;
1991-01-01;806,6005;-2,42;;;
1991-02-01;807,03043;0,64;15,42;;
1991-03-01;808,35183;1,96;;;
1991-04-01;807,81895;-0,79;;;
1991-05-01;807,83216;0,02;15,16;;
1991-06-01;805,99466;-2,73;;;
1991-07-01;804,02756;-2,93;;;
1991-08-01;802,02192;-2,99;15,24;;
1991-09-01;800,88934;-1,69;;;
1991-10-01;798,61698;-3,4;;;
1991-11-01;798,27498;-0,51;14,88;;
1991-12-01;798,02897;-0,37;;;
1992-01-01;798,98271;1,43;;;
1992-02-01;799,64038;0,99;14,39;;
1992-03-01;799,44211;-0,3;;;
1992-04-01;797,65814;-2,68;;;
1992-05-01;797,6679;0,01;14,28;;
1992-06-01;797,27631;-0,59;;;
1992-07-01;798,06816;1,19;;;
1992-08-01;799,8238;2,64;13,94;;
1992-09-01;800,1989;0,56;;;
1992-10-01;799,55599;-0,96;;;
1992-11-01;802,69798;4,72;13,55;;
1992-12-01;806,11869;5,11;;;
1993-01-01;809,32543;4,77;;;
1993-02-01;814,05892;7,02;13,57;;
1993-03-01;813,65629;-0,59;;;
1993-04-01;819,75694;9,0;;;
1993-05-01;819,75905;0,0;13,63;;
1993-06-01;823,81181;5,93;;;
1993-07-01;829,51873;8,31;;;
1993-08-01;834,23553;6,82;13,45;;
1993-09-01;840,60298;9,16;;;
1993-10-01;847,61663;10,01;;;
1993-11-01;856,52342;12,61;13,22;;
1993-12-01;865,65058;12,79;;;
1994-01-01;872,02182;8,83;;;
1994-02-01;880,35286;11,46;12,89;;
1994-03-01;891,33316;14,97;;;
1994-04-01;900,98953;13,0;;;
1994-05-01;912,8637;15,81;12,96;;
1994-06-01;924,21602;14,92;;;
1994-07-01;931,13474;8,98;;;
1994-08-01;944,80317;17,62;13,33;;
1994-09-01;957,3756;15,97;;;
1994-10-01;968,46871;13,9;;;
1994-11-01;981,42611;16,06;13,59;;15,69
1994-12-01;997,30174;19,41;;;
1995-01-01;1010,39504;15,75;;;
1995-02-01;1018,55911;9,7;14,1;;16,1
1995-03-01;1033,63209;17,76;;;
1995-04-01;1043,69517;11,68;;;
1995-05-01;1057,47083;15,84;14,03;;16,14
1995-06-01;1069,37791;13,51;;;
1995-07-01;1077,737;9,38;;;
1995-08-01;1089,60205;13,21;13,84;;15,92
1995-09-01;1106,61268;18,73;;;
1995-10-01;1113,52851;7,5;;;
1995-11-01;1132,16017;20,08;13,8;;15,81
1995-12-01;1140,74436;9,1;;;
1996-01-01;1153,2703;13,18;;;
1996-02-01;1163,09378;10,22;13,63;;15,8
1996-03-01;1171,68426;8,86;;;
1996-04-01;1180,9031;9,44;;;
1996-05-01;1191,11369;10,38;13,52;;15,44
1996-06-01;1200,95002;9,91;;;
1996-07-01;1211,89736;10,94;;;
1996-08-01;1220,503;8,52;13,37;;15,66
1996-09-01;1225,27176;4,69;;;
1996-10-01;1231,3361;5,94;;;
1996-11-01;1242,42191;10,8;13,62;;15,62
1996-12-01;1253,43709;10,64;;;
1997-01-01;1258,36528;4,72;;;
1997-02-01;1261,85081;3,32;13,46;;15,88
1997-03-01;1264,14634;2,18;;;
1997-04-01;1274,08738;9,44;;;
1997-05-01;1278,67842;4,32;13,81;;15,74
1997-06-01;1282,85852;3,92;;;
1997-07-01;1288,78203;5,54;;;
1997-08-01;1294,21924;5,06;13,84;;15,8
1997-09-01;1301,63497;6,88;;;
1997-10-01;1309,38939;7,15;;;
1997-11-01;1312,45718;2,81;14,5;;15,76
1997-12-01;1324,75733;11,25;;;
1998-01-01;1320,04402;-4,27;;;
1998-02-01;1324,34272;3,91;14,06;;15,68
1998-03-01;1332,90344;7,76;;;
1998-04-01;1360,45629;24,81;;;
1998-05-01;1363,08086;2,32;13,76;;15,65
1998-06-01;1373,94233;9,56;;;
1998-07-01;1380,72085;5,92;;;
1998-08-01;1386,66645;5,17;13,48;;15,82
1998-09-01;1397,28973;9,19;;;
1998-10-01;1405,39666;6,96;;;
1998-11-01;1408,44269;2,6;13,75;;15,67
1998-12-01;1420,99644;10,7;;;
1999-01-01;1431,23693;8,65;;;
1999-02-01;1441,31459;8,45;13,39;;15,39
1999-03-01;1450,87882;7,96;;;
1999-04-01;1457,67057;5,62;;;
1999-05-01;1468,14661;8,62;13,26;;15,19
1999-06-01;1479,31532;9,13;;;
1999-07-01;1492,3776;10,6;;;
1999-08-01;1503,22661;8,72;13,38;;15,07
1999-09-01;1511,05926;6,25;;;
1999-10-01;1517,28183;4,94;;;
1999-11-01;1525,33442;6,37;13,52;;15,12
1999-12-01;1531,10596;4,54;;;
2000-01-01;1538,52018;5,81;;;
2000-02-01;1549,18529;8,32;13,76;;15,55
2000-03-01;1561,45069;9,5;;;
2000-04-01;1570,52774;6,98;;;
2000-05-01;1583,50792;9,92;13,89;;15,6
2000-06-01;1609,54804;19,73;;;
2000-07-01;1629,75144;15,06;;;
2000-08-01;1651,6154;16,1;13,84;;15,98
2000-09-01;1669,00081;4,57;;;
2000-10-01;1684,59932;11,22;;;
2000-11-01;1700,94454;11,64;14,1;;15,99
2000-12-01;1716,96972;11,31;;;
2001-01-01;1729,85168;9,0;;;
2001-02-01;1748,70202;13,08;13,7;;15,63
2001-03-01;1760,54184;8,12;;;
2001-04-01;1773,09833;8,56;;;
2001-05-01;1781,17746;5,47;13,3;;15,06
2001-06-01;1792,36809;7,54;;;
2001-07-01;1797,35057;3,34;;;
2001-08-01;1806,35904;6,01;13,25;;14,59
2001-09-01;1814,25238;5,24;;;
2001-10-01;1829,84026;10,31;;;
2001-11-01;1857,84279;18,36;12,62;;14,21
2001-12-01;1867,85287;6,47;;;
2002-01-01;1867,41869;-0,28;;;
2002-02-01;1881,90537;9,31;12,86;;13,62
2002-03-01;1894,69033;8,15;;;
2002-04-01;1903,95799;5,87;;;
2002-05-01;1914,61399;6,72;12,57;;13,53
2002-06-01;1927,18098;7,88;;;
2002-07-01;1939,2114;7,49;;;
2002-08-01;1947,50009;5,13;12,49;;13,36
2002-09-01;1950,65139;1,94;;;
2002-10-01;1957,1513;4,0;;;
2002-11-01;1965,17913;4,92;12,24;;13,11
2002-12-01;1972,11221;4,23;;;
2003-01-01;1982,56131;6,36;;;
2003-02-01;1993,40569;6,56;11,7;;12,26
2003-03-01;2001,20815;4,7;;;
2003-04-01;2014,09978;7,73;;;
2003-05-01;2027,50251;7,99;12,19;;12,12
2003-06-01;2033,26841;3,41;;;
2003-07-01;2040,06439;4,01;;;
2003-08-01;2049,12434;5,33;11,97;;12,47
2003-09-01;2057,09079;4,67;;;
2003-10-01;2065,4951;4,9;;;
2003-11-01;2066,40009;0,53;11,97;;12,35
2003-12-01;2077,36069;6,37;;;
2004-01-01;2088,24304;6,29;;;
2004-02-01;2095,34036;4,08;11,88;;12,67
2004-03-01;2109,72032;8,24;;;
2004-04-01;2112,71615;1,7;;;
2004-05-01;2120,83915;4,61;11,8;;12,69
2004-06-01;2127,98941;4,05;;;
2004-07-01;2137,09298;5,13;;;
2004-08-01;2143,43512;3,56;12,02;;13,02
2004-09-01;2160,1483;9,36;;;
2004-10-01;2176,71934;9,21;;;
2004-11-01;2183,74635;3,87;11,84;;12,51
2004-12-01;2192,24617;4,67;;;
2005-01-01;2196,77763;2,48;;;
2005-02-01;2211,55871;8,07;12,01;;12,21
2005-03-01;2220,19919;4,69;;;
2005-04-01;2232,53538;6,67;;;
2005-05-01;2232,67152;0,07;12,05;;12,77
2005-06-01;2247,83343;8,15;;;
2005-07-01;2257,23094;5,02;;;
2005-08-01;2267,04488;5,22;12,22;;12,48
2005-09-01;2271,63328;2,43;;;
2005-10-01;2276,84314;2,75;;;
2005-11-01;2283,66127;3,59;11,95;;12,58
2005-12-01;2290,92813;3,82;;;
2006-01-01;2367,47108;0,74;;;
2006-02-01;2374,97732;3,8;12,18;;13,3
2006-03-01;2385,80789;5,47;;;
2006-04-01;2397,6806;5,97;;;
2006-05-01;2407,16145;4,75;12,58;;13,16
2006-06-01;2395,81318;3,66;;;
2006-07-01;2403,09925;3,65;;;
2006-08-01;2415,73203;6,31;12,4;7,82;13,06
2006-09-01;2426,81323;5,5;;;
2006-10-01;2429,39986;6,6;;;
2006-11-01;2440,74907;5,61;12,49;7,78;13,31
2006-12-01;2456,7157;7,85;;;
2007-01-01;2457,94558;0,6;;;
2007-02-01;2470,04992;5,91;12,32;7,71;13,41
2007-03-01;2484,43318;6,99;;;
2007-04-01;2493,72977;4,49;;;
2007-05-01;2510,01606;7,84;12,53;7,78;13,46
2007-06-01;2519,12104;4,35;;;
2007-07-01;2533,66767;5,72;;;
2007-08-01;2552,76707;9,05;12,51;7,77;13,59
2007-09-01;2566,99536;6,69;;;
2007-10-01;2582,32603;7,17;;;
2007-11-01;2597,6493;7,12;12,16;7,6;12,75
2007-12-01;2609,47653;5,46;;;
2008-01-01;2619,42765;4,58;;;
2008-02-01;2634,49642;6,9;11,43;7,18;12,47
2008-03-01;2645,60364;5,06;;;
2008-04-01;2654,24323;3,92;;;
2008-05-01;2660,19315;2,69;11,14;6,93;11,88
2008-06-01;2662,40952;1,0;;;
2008-07-01;2665,32126;1,31;;;
2008-08-01;2662,23778;-1,39;11,48;6,94;11,94
2008-09-01;2657,38913;-2,19;;;
2008-10-01;2660,7295;1,51;;;
2008-11-01;2651,48139;-4,17;11,44;7,12;12,03
2008-12-01;2643,78896;-3,48;;;
2009-01-01;2647,02886;1,47;;;
2009-02-01;2638,53274;-3,85;11,05;6,96;12,97
2009-03-01;2622,82785;-7,14;;;
2009-04-01;2615,97301;-3,14;;;
2009-05-01;2610,01078;-5,4;11,25;6,93;13,32
2009-06-01;2591,47541;-8,52;;;
2009-07-01;2590,85498;-0,29;;;
2009-08-01;2582,12601;-4,04;10,89;6,71;13,71
2009-09-01;2576,59439;-2,57;;;
2009-10-01;2563,42273;-6,13;;;
2009-11-01;2551,56929;-5,55;11,2;6,59;13,6
2009-12-01;2555,01664;1,62;;;
2010-01-01;2543,50802;-5,41;;;
2010-02-01;2530,02428;-6,36;10,83;6,45;14,26
2010-03-01;2536,55195;1,39;;;
2010-04-01;2532,76479;-1,79;;;
2010-05-01;2521,68794;-5,25;11,0;6,38;13,84
2010-06-01;2518,41641;-1,56;;;
2010-07-01;2521,1048;1,28;;;
2010-08-01;2520,42213;-0,32;10,71;6,23;13,59
2010-09-01;2522,09423;0,8;;;
2010-10-01;2530,106;3,81;;;
2010-11-01;2531,23226;0,53;10,94;6,05;13,44
2010-12-01;2646,81126;-0,36;;;
2011-01-01;2657,3601;4,78;;;
2011-02-01;2663,77992;2,9;10,98;6,1;13,44
2011-03-01;2672,03136;3,72;;;
2011-04-01;2679,97392;3,57;;;
2011-05-01;2683,971;1,79;11,37;5,83;12,89
2011-06-01;2693,0883;4,08;;;
2011-07-01;2717,49471;10,88;;;
2011-08-01;2709,1147;-3,7;10,8;5,62;12,28
2011-09-01;2720,06046;4,85;;;
2011-10-01;2727,95336;3,48;;;
2011-11-01;2746,76076;8,27;10,36;5,25;12,36
2011-12-01;2756,22486;4,13;;;
2012-01-01;2769,93098;5,97;;;
2012-02-01;2777,80358;3,41;10,89;5,02;12,34
2012-03-01;2791,56594;5,95;;;
2012-04-01;2802,54618;4,72;;;
2012-05-01;2818,39729;6,79;10,94;4,87;12,06
2012-06-01;2829,85078;5,73;;;
2012-07-01;2840,09463;4,34;;;
2012-08-01;2857,10779;7,19;10,37;4,75;11,95
2012-09-01;2865,78973;3,65;;;
2012-10-01;2881,76267;6,69;;;
2012-11-01;2903,31606;8,98;10,64;4,64;11,88
2012-12-01;2912,90502;3,96;;;
2013-01-01;2931,60507;7,7;;;
2013-02-01;2953,51555;8,97;10,12;4,6;11,94
2013-03-01;2963,14705;3,91;;;
2013-04-01;2972,77407;3,9;;;
2013-05-01;2988,68168;6,42;10,34;4,34;11,95
2013-06-01;3000,93608;4,92;;;
2013-07-01;3014,7399;5,52;;;
2013-08-01;3030,28241;6,19;10,13;4,38;11,88
2013-09-01;3045,86157;6,17;;;
2013-10-01;3063,41679;6,92;;;
2013-11-01;3075,87954;4,88;10,22;4,52;11,85
2013-12-01;3090,46778;5,69;;;
2014-01-01;3113,03617;8,76;;;
2014-02-01;3133,92434;8,05;10,09;4,37;11,83
2014-03-01;3150,69702;6,42;;;
2014-04-01;3173,26358;8,59;;;
2014-05-01;3192,52572;7,28;9,62;4,46;11,83
2014-06-01;3209,89969;6,53;;;
2014-07-01;3231,57004;8,1;;;
2014-08-01;3248,72512;6,37;10,73;4,11;11,82
2014-09-01;3265,10145;6,05;;;
2014-10-01;3275,49664;3,82;;;
2014-11-01;3283,21989;2,83;10,47;4,07;11,99
2014-12-01;3309,53985;9,62;;;
2015-01-01;3318,61787;5,99;;;
2015-02-01;3336,99956;6,65;9,85;4,27;11,98
2015-03-01;3361,12913;8,68;;;
2015-04-01;3381,88453;7,41;;;
2015-05-01;3399,25874;6,16;9,69;4,21;12,04
2015-06-01;3423,99163;8,73;;;
2015-07-01;3442,52777;6,5;;;
2015-08-01;3458,13507;5,44;9,8;4,25;12,1
2015-09-01;3485,86261;9,62;;;
2015-10-01;3502,45515;5,71;;;
2015-11-01;3512,62601;3,48;9,66;4,05;12,22
2015-12-01;3400,22322;7,84;;;
2016-01-01;3419,761;6,9;;;
2016-02-01;3438,19687;6,47;10,03;4,11;12,31
2016-03-01;3466,73774;9,96;;;
2016-04-01;3485,73353;6,58;;;
2016-05-01;3503,70938;6,19;9,65;4,15;12,16
2016-06-01;3523,36422;6,73;;;
2016-07-01;3541,88971;6,31;;;
2016-08-01;3564,26877;7,58;9,64;4,25;12,51
2016-09-01;3585,14012;7,03;;;
2016-10-01;3601,08075;5,34;;;
2016-11-01;3619,32165;6,08;9,45;4,05;12,41
2016-12-01;3636,43566;5,67;;;
2017-01-01;3653,62369;5,67;;;
2017-02-01;3670,37692;5,5;10,05;4,21;12,54
2017-03-01;3685,90015;5,08;;;
2017-04-01;3699,47019;4,42;;;
2017-05-01;3713,45771;4,54;10,13;4,24;12,77
2017-06-01;3728,93214;5,0;;;
2017-07-01;3745,23998;5,25;;;
2017-08-01;3757,51532;3,93;9,76;4,36;13,08
2017-09-01;3772,46294;4,77;;;
2017-10-01;3796,56199;7,67;;;
2017-11-01;3816,52258;6,31;10,57;4,51;13,16
2017-12-01;3830,75167;4,47;;;
2018-01-01;3848,15836;5,45;;;
2018-02-01;3864,03698;4,95;10,22;4,75;13,63
2018-03-01;3876,46078;3,86;;;
2018-04-01;3883,89773;3,83;;;
2018-05-01;3900,34565;5,59;10,31;4,99;14,14
2018-06-01;3902,84342;-0,03;;;
2018-07-01;3925,59622;4,66;;;
2018-08-01;3944,7816;5,86;10,08;4,96;14,38
2018-09-01;3957,16878;3,77;;;
2018-10-01;3976,36669;5,82;;;
2018-11-01;3991,92106;4,69;10,65;5,36;14,73
2018-12-01;4007,04189;4,55;;;
2019-01-01;4026,91098;5,95;;;
2019-02-01;4040,15751;3,95;10,36;5,24;15,09
2019-03-01;4052,0744;3,54;;;
2019-04-01;4069,48887;5,16;;;
2019-05-01;4082,44985;3,82;10,63;5,36;15,13
2019-06-01;4094,62709;3,58;;;
2019-07-01;4118,90403;7,11;;;
2019-08-01;4133,65934;4,3;10,07;5,27;15,1
2019-09-01;4146,14923;3,63;;;
2019-10-01;4163,53905;5,03;;;
2019-11-01;4163,99516;0,13;10,21;5,37;14,87
2019-12-01;4192,19144;8,13;;;
2020-01-01;4207,2134;4,3;;;
2020-02-01;4220,60959;3,82;9,63;5,15;15,09
2020-03-01;4205,89306;-5,52;;;
2020-04-01;4142,27628;-18,15;;;
2020-05-01;4123,72683;-5,37;9,5;5,14;14,52
2020-06-01;4138,60719;4,33;;;
2020-07-01;4155,39251;4,87;;;
2020-08-01;4149,93858;-1,57;9,26;4,98;14,58
2020-09-01;4165,13621;4,39;;;
2020-10-01;4169,42687;1,24;;;
2020-11-01;4170,34071;0,26;9,65;4,8;14,65
2020-12-01;4184,85254;4,18;;;
2021-01-01;4195,47025;3,04;;;
2021-02-01;4213,21967;5,08;9,46;4,96;14,75
2021-03-01;4225,09181;3,38;;;
2021-04-01;4241,81054;4,75;;;
2021-05-01;4272,00337;8,54;9,58;5,05;14,61
2021-06-01;4426,56629;8,06;;;
2021-07-01;4444,22793;4,79;;;
2021-08-01;4460,96782;4,52;9,39;4,6;14,54
2021-09-01;4483,87465;6,16;;;
2021-10-01;4499,95958;4,3;;;
2021-11-01;4523,49037;6,27;9,09;4,67;14,51
2021-12-01;4548,52985;6,64;;;
2022-01-01;4563,95559;4,07;;;
2022-02-01;4595,89376;8,4;9,39;4,52;14,56
2022-03-01;4634,34934;10,04;;;
2022-04-01;4663,22823;7,48;;;
2022-05-01;4694,84627;8,14;8,73;4,85;15,13
2022-06-01;4737,01181;10,78;;;
2022-07-01;4762,77343;6,53;;;
2022-08-01;4789,07971;6,63;10,16;5,5;16,27
2022-09-01;4815,29278;6,57;;;
2022-10-01;4848,70432;8,33;;;
2022-11-01;4874,29313;6,33;11,21;6,55;19,07
2022-12-01;4894,22253;4,91;;;
2023-01-01;4914,81977;5,05;;;
2023-02-01;4926,18578;2,78;11,48;7,48;20,09
2023-03-01;4943,53155;4,23;;;
2023-04-01;4957,02565;3,28;;;
2023-05-01;4962,48125;1,32;11,48;7,81;20,84
2023-06-01;4986,47787;5,8;;;
2023-07-01;4999,01615;3,02;;;
2023-08-01;4982,69342;-3,92;12,17;7,88;21,19
2023-09-01;4991,34957;2,08;;;
2023-10-01;5001,05899;2,33;;;
2023-11-01;5019,61938;4,45;12,35;8,15;21,47
2023-12-01;5023,69959;0,98;;;
2024-01-01;5036,14798;2,97;;;
2024-02-01;5047,96489;2,82;12,49;8,22;21,59
2024-03-01;5046,86603;-0,26;;;
2024-04-01;5053,26864;1,52;;;
