date;Average Hourly Earnings of Production and Nonsupervisory Employees, Total Private;Average Hourly Earnings of Production and Nonsupervisory Employees, Goods-Producing;Average Hourly Earnings of Production and Nonsupervisory Employees, Private Service-Providing;Average Weekly Hours of All Employees, Total Private;Average Weekly Hours of All Employees, Goods-Producing;Average Weekly Hours of All Employees, Private Service-Providing;All Employees, Total Nonfarm;All Employees, Total Private;All Employees, Goods-Producing;All Employees, Private Service-Providing;All Employees, Government
1970-01-01;3,31;3,4;3,26;;;;71176;58680;22726;35954;12496
1970-02-01;3,33;3,43;3,28;;;;71305;58787;22747;36040;12518
1970-03-01;3,36;3,45;3,3;;;;71451;58848;22738;36110;12603
1970-04-01;3,36;3,47;3,3;;;;71348;58643;22552;36091;12705
1970-05-01;3,37;3,48;3,31;;;;71124;58456;22336;36120;12668
1970-06-01;3,4;3,51;3,32;;;;71029;58362;22241;36121;12667
1970-07-01;3,41;3,53;3,34;;;;71053;58356;22195;36161;12697
1970-08-01;3,44;3,56;3,36;;;;70937;58226;22105;36121;12711
1970-09-01;3,45;3,58;3,38;;;;70944;58203;21988;36215;12741
1970-10-01;3,45;3,57;3,39;;;;70521;57728;21477;36251;12793
1970-11-01;3,47;3,58;3,41;;;;70409;57579;21345;36234;12830
1970-12-01;3,5;3,63;3,42;;;;70792;57947;21673;36274;12845
1971-01-01;3,53;3,67;3,45;;;;70865;57987;21594;36393;12878
1971-02-01;3,55;3,69;3,46;;;;70807;57930;21514;36416;12877
1971-03-01;3,56;3,71;3,48;;;;70860;57952;21491;36461;12908
1971-04-01;3,58;3,74;3,49;;;;71036;58091;21552;36539;12945
1971-05-01;3,61;3,76;3,52;;;;71247;58277;21645;36632;12970
1971-06-01;3,62;3,78;3,53;;;;71254;58246;21568;36678;13008
1971-07-01;3,63;3,79;3,54;;;;71315;58304;21564;36740;13011
1971-08-01;3,66;3,82;3,56;;;;71373;58332;21570;36762;13041
1971-09-01;3,67;3,83;3,58;;;;71614;58546;21650;36896;13068
1971-10-01;3,68;3,85;3,58;;;;71642;58527;21604;36923;13115
1971-11-01;3,7;3,85;3,6;;;;71847;58699;21684;37015;13148
1971-12-01;3,73;3,9;3,63;;;;72109;58919;21741;37178;13190
1972-01-01;3,8;3,93;3,73;;;;72441;59175;21865;37310;13266
1972-02-01;3,82;3,96;3,74;;;;72648;59350;21915;37435;13298
1972-03-01;3,84;3,99;3,76;;;;72944;59615;22036;37579;13329
1972-04-01;3,86;4,01;3,78;;;;73162;59804;22099;37705;13358
1972-05-01;3,88;4,03;3,78;;;;73469;60053;22222;37831;13416
1972-06-01;3,88;4,03;3,79;;;;73758;60353;22282;38071;13405
1972-07-01;3,9;4,04;3,81;;;;73709;60227;22162;38065;13482
1972-08-01;3,92;4,08;3,83;;;;74141;60611;22400;38211;13530
1972-09-01;3,94;4,11;3,84;;;;74264;60689;22456;38233;13575
1972-10-01;3,97;4,14;3,87;;;;74674;61068;22613;38455;13606
1972-11-01;3,99;4,15;3,89;;;;74973;61330;22688;38642;13643
1972-12-01;4,0;4,17;3,9;;;;75268;61584;22772;38812;13684
1973-01-01;4,03;4,22;3,91;;;;75617;61927;22955;38972;13690
1973-02-01;4,05;4,22;3,94;;;;76014;62303;23160;39143;13711
1973-03-01;4,06;4,24;3,95;;;;76284;62539;23262;39277;13745
1973-04-01;4,09;4,27;3,98;;;;76455;62678;23316;39362;13777
1973-05-01;4,1;4,29;3,99;;;;76648;62831;23382;39449;13817
1973-06-01;4,12;4,32;4,0;;;;76887;63015;23485;39530;13872
1973-07-01;4,15;4,35;4,03;;;;76913;63048;23522;39526;13865
1973-08-01;4,16;4,36;4,04;;;;77168;63264;23559;39705;13904
1973-09-01;4,2;4,4;4,07;;;;77276;63384;23548;39836;13892
1973-10-01;4,21;4,42;4,08;;;;77607;63630;23641;39989;13977
1973-11-01;4,24;4,45;4,1;;;;77920;63885;23719;40166;14035
1973-12-01;4,25;4,46;4,12;;;;78031;63961;23779;40182;14070
1974-01-01;4,27;4,46;4,15;;;;78100;64010;23709;40301;14090
1974-02-01;4,29;4,51;4,16;;;;78254;64119;23718;40401;14135
1974-03-01;4,32;4,53;4,19;;;;78296;64144;23687;40457;14152
1974-04-01;4,33;4,54;4,21;;;;78382;64191;23670;40521;14191
1974-05-01;4,4;4,62;4,26;;;;78549;64328;23635;40693;14221
1974-06-01;4,44;4,67;4,3;;;;78604;64365;23591;40774;14239
1974-07-01;4,45;4,7;4,3;;;;78636;64348;23462;40886;14288
1974-08-01;4,49;4,76;4,33;;;;78619;64291;23396;40895;14328
1974-09-01;4,53;4,81;4,36;;;;78610;64188;23274;40914;14422
1974-10-01;4,56;4,86;4,39;;;;78630;64146;23118;41028;14484
1974-11-01;4,57;4,88;4,4;;;;78265;63733;22773;40960;14532
1974-12-01;4,6;4,92;4,43;;;;77652;63093;22303;40790;14559
1975-01-01;4,61;4,95;4,43;;;;77293;62669;21974;40695;14624
1975-02-01;4,64;4,98;4,46;;;;76918;62171;21512;40659;14747
1975-03-01;4,67;5,03;4,48;;;;76648;61894;21274;40620;14754
1975-04-01;4,67;5,04;4,48;;;;76460;61665;21109;40556;14795
1975-05-01;4,69;5,06;4,5;;;;76624;61797;21097;40700;14827
1975-06-01;4,72;5,09;4,54;;;;76521;61737;21018;40719;14784
1975-07-01;4,74;5,11;4,55;;;;76770;61909;20981;40928;14861
1975-08-01;4,78;5,15;4,58;;;;77153;62283;21176;41107;14870
1975-09-01;4,79;5,17;4,59;;;;77228;62404;21284;41120;14824
1975-10-01;4,82;5,19;4,62;;;;77540;62640;21384;41256;14900
1975-11-01;4,86;5,22;4,66;;;;77685;62782;21442;41340;14903
1975-12-01;4,87;5,25;4,67;;;;78017;63071;21602;41469;14946
1976-01-01;4,9;5,29;4,69;;;;78503;63534;21799;41735;14969
1976-02-01;4,93;5,33;4,72;;;;78816;63835;21893;41942;14981
1976-03-01;4,95;5,36;4,74;;;;79048;64061;21980;42081;14987
1976-04-01;4,98;5,38;4,76;;;;79292;64307;22050;42257;14985
1976-05-01;5,01;5,43;4,79;;;;79312;64341;21988;42353;14971
1976-06-01;5,03;5,45;4,81;;;;79376;64413;21982;42431;14963
1976-07-01;5,06;5,5;4,83;;;;79547;64554;21988;42566;14993
1976-08-01;5,11;5,55;4,88;;;;79704;64697;22038;42659;15007
1976-09-01;5,14;5,59;4,9;;;;79892;64921;22142;42779;14971
1976-10-01;5,16;5,6;4,92;;;;79911;64883;22037;42846;15028
1976-11-01;5,21;5,65;4,96;;;;80240;65167;22207;42960;15073
1976-12-01;5,23;5,69;4,98;;;;80448;65373;22261;43112;15075
1977-01-01;5,26;5,74;5,01;;;;80690;65634;22320;43314;15056
1977-02-01;5,3;5,77;5,04;;;;80988;65932;22478;43454;15056
1977-03-01;5,32;5,8;5,06;;;;81391;66341;22672;43669;15050
1977-04-01;5,36;5,85;5,1;;;;81728;66653;22807;43846;15075
1977-05-01;5,4;5,88;5,13;;;;82088;66956;22919;44037;15132
1977-06-01;5,42;5,93;5,15;;;;82488;67281;23046;44235;15207
1977-07-01;5,46;5,97;5,18;;;;82834;67535;23106;44429;15299
1977-08-01;5,48;5,99;5,21;;;;83075;67747;23124;44623;15328
1977-09-01;5,51;6,03;5,23;;;;83532;68129;23244;44885;15403
1977-10-01;5,55;6,08;5,27;;;;83800;68337;23279;45058;15463
1977-11-01;5,58;6,11;5,3;;;;84173;68658;23371;45287;15515
1977-12-01;5,61;6,13;5,33;;;;84410;68872;23371;45501;15538
1978-01-01;5,66;6,19;5,38;;;;84594;68983;23374;45609;15611
1978-02-01;5,69;6,23;5,4;;;;84948;69277;23453;45824;15671
1978-03-01;5,73;6,28;5,44;;;;85460;69729;23649;46080;15731
1978-04-01;5,79;6,35;5,48;;;;86162;70365;24008;46357;15797
1978-05-01;5,82;6,39;5,5;;;;86509;70675;24082;46593;15834
1978-06-01;5,86;6,45;5,54;;;;86950;71098;24238;46860;15852
1978-07-01;5,9;6,5;5,57;;;;87204;71303;24300;47003;15901
1978-08-01;5,92;6,54;5,59;;;;87483;71592;24374;47218;15891
1978-09-01;5,97;6,59;5,63;;;;87621;71802;24444;47358;15819
1978-10-01;6,02;6,65;5,68;;;;87956;72098;24548;47550;15858
1978-11-01;6,05;6,7;5,7;;;;88391;72497;24678;47819;15894
1978-12-01;6,1;6,75;5,74;;;;88671;72760;24758;48002;15911
1979-01-01;6,13;6,78;5,78;;;;88808;72871;24740;48131;15937
1979-02-01;6,18;6,84;5,81;;;;89055;73108;24784;48324;15947
1979-03-01;6,22;6,9;5,84;;;;89479;73523;24998;48525;15956
1979-04-01;6,21;6,9;5,85;;;;89417;73440;24958;48482;15977
1979-05-01;6,27;6,99;5,88;;;;89789;73799;25071;48728;15990
1979-06-01;6,32;7,03;5,93;;;;90108;74063;25161;48902;16045
1979-07-01;6,36;7,07;5,98;;;;90217;74067;25163;48904;16150
1979-08-01;6,4;7,11;6,01;;;;90300;74071;25059;49012;16229
1979-09-01;6,45;7,16;6,06;;;;90327;74199;25088;49111;16128
1979-10-01;6,46;7,19;6,08;;;;90481;74345;25038;49307;16136
1979-11-01;6,51;7,24;6,12;;;;90573;74400;24947;49453;16173
1979-12-01;6,56;7,3;6,17;;;;90672;74492;24970;49522;16180
1980-01-01;6,57;7,29;6,19;;;;90800;74599;24949;49650;16201
1980-02-01;6,63;7,38;6,23;;;;90883;74657;24874;49783;16226
1980-03-01;6,69;7,44;6,31;;;;90994;74698;24818;49880;16296
1980-04-01;6,72;7,48;6,33;;;;90849;74266;24507;49759;16583
1980-05-01;6,76;7,54;6,37;;;;90420;73966;24234;49732;16454
1980-06-01;6,82;7,63;6,41;;;;90101;73660;23968;49692;16441
1980-07-01;6,86;7,68;6,45;;;;89840;73422;23698;49724;16418
1980-08-01;6,91;7,76;6,49;;;;90099;73689;23860;49829;16410
1980-09-01;6,95;7,82;6,53;;;;90213;73883;23931;49952;16330
1980-10-01;7,02;7,9;6,58;;;;90490;74104;24012;50092;16386
1980-11-01;7,09;7,98;6,64;;;;90747;74356;24123;50233;16391
1980-12-01;7,13;8,04;6,67;;;;90943;74570;24182;50388;16373
1981-01-01;7,18;8,11;6,72;;;;91033;74673;24152;50521;16360
1981-02-01;7,23;8,14;6,78;;;;91105;74759;24118;50641;16346
1981-03-01;7,29;8,22;6,83;;;;91210;74918;24203;50715;16292
1981-04-01;7,33;8,27;6,86;;;;91283;75023;24151;50872;16260
1981-05-01;7,37;8,31;6,9;;;;91296;75098;24148;50950;16198
1981-06-01;7,41;8,38;6,94;;;;91490;75331;24290;51041;16159
1981-07-01;7,45;8,44;6,97;;;;91601;75426;24302;51124;16175
1981-08-01;7,52;8,51;7,03;;;;91565;75455;24258;51197;16110
1981-09-01;7,56;8,57;7,07;;;;91477;75446;24210;51236;16031
1981-10-01;7,59;8,63;7,08;;;;91380;75311;24051;51260;16069
1981-11-01;7,63;8,68;7,13;;;;91171;75093;23875;51218;16078
1981-12-01;7,64;8,7;7,14;;;;90895;74822;23656;51166;16073
1982-01-01;7,72;8,89;7,2;;;;90565;74524;23362;51162;16041
1982-02-01;7,72;8,82;7,21;;;;90563;74552;23361;51191;16011
1982-03-01;7,75;8,87;7,24;;;;90434;74410;23214;51196;16024
1982-04-01;7,77;8,89;7,26;;;;90150;74140;22996;51144;16010
1982-05-01;7,84;8,96;7,33;;;;90107;74104;22884;51220;16003
1982-06-01;7,85;8,99;7,34;;;;89865;73849;22643;51206;16016
1982-07-01;7,9;9,04;7,39;;;;89521;73631;22434;51197;15890
1982-08-01;7,94;9,07;7,44;;;;89363;73433;22268;51165;15930
1982-09-01;7,94;9,08;7,44;;;;89183;73260;22146;51114;15923
1982-10-01;7,96;9,1;7,48;;;;88907;72951;21879;51072;15956
1982-11-01;7,98;9,11;7,5;;;;88786;72809;21736;51073;15977
1982-12-01;8,01;9,16;7,52;;;;88771;72790;21688;51102;15981
1983-01-01;8,06;9,2;7,57;;;;88990;72967;21757;51210;16023
1983-02-01;8,09;9,25;7,6;;;;88917;72913;21676;51237;16004
1983-03-01;8,1;9,24;7,61;;;;89090;73085;21649;51436;16005
1983-04-01;8,13;9,25;7,65;;;;89364;73374;21729;51645;15990
1983-05-01;8,17;9,26;7,69;;;;89644;73639;21829;51810;16005
1983-06-01;8,19;9,28;7,71;;;;90021;74001;21949;52052;16020
1983-07-01;8,22;9,32;7,74;;;;90437;74426;22103;52323;16011
1983-08-01;8,2;9,33;7,69;;;;90129;74113;22207;51906;16016
1983-09-01;8,27;9,38;7,77;;;;91247;75205;22381;52824;16042
1983-10-01;8,31;9,41;7,83;;;;91520;75534;22546;52988;15986
1983-11-01;8,31;9,44;7,81;;;;91875;75878;22698;53180;15997
1983-12-01;8,33;9,47;7,82;;;;92230;76222;22803;53419;16008
1984-01-01;8,38;9,53;7,86;;;;92673;76663;22942;53721;16010
1984-02-01;8,38;9,54;7,84;;;;93157;77132;23146;53986;16025
1984-03-01;8,41;9,56;7,88;;;;93429;77399;23209;54190;16030
1984-04-01;8,45;9,59;7,93;;;;93792;77717;23305;54412;16075
1984-05-01;8,45;9,62;7,91;;;;94098;77995;23389;54606;16103
1984-06-01;8,48;9,66;7,95;;;;94479;78352;23497;54855;16127
1984-07-01;8,51;9,67;7,99;;;;94789;78617;23571;55046;16172
1984-08-01;8,51;9,7;7,98;;;;95032;78808;23608;55200;16224
1984-09-01;8,55;9,73;8,02;;;;95344;79089;23617;55472;16255
1984-10-01;8,55;9,75;8,01;;;;95629;79355;23626;55729;16274
1984-11-01;8,57;9,79;8,03;;;;95982;79671;23639;56032;16311
1984-12-01;8,61;9,83;8,07;;;;96107;79825;23673;56152;16282
1985-01-01;8,61;9,88;8,05;;;;96372;80036;23672;56364;16336
1985-02-01;8,64;9,92;8,09;;;;96503;80154;23621;56533;16349
1985-03-01;8,66;9,93;8,11;;;;96842;80447;23661;56786;16395
1985-04-01;8,69;9,97;8,12;;;;97038;80608;23644;56964;16430
1985-05-01;8,7;9,98;8,14;;;;97312;80838;23632;57206;16474
1985-06-01;8,74;10,0;8,19;;;;97459;80961;23592;57369;16498
1985-07-01;8,74;10,03;8,18;;;;97648;81028;23549;57479;16620
1985-08-01;8,76;10,04;8,21;;;;97840;81221;23546;57675;16619
1985-09-01;8,8;10,06;8,25;;;;98045;81407;23528;57879;16638
1985-10-01;8,79;10,07;8,24;;;;98233;81579;23529;58050;16654
1985-11-01;8,81;10,09;8,27;;;;98443;81769;23520;58249;16674
1985-12-01;8,87;10,16;8,32;;;;98609;81915;23518;58397;16694
1986-01-01;8,85;10,13;8,3;;;;98732;82017;23530;58487;16715
1986-02-01;8,88;10,14;8,35;;;;98847;82088;23485;58603;16759
1986-03-01;8,89;10,15;8,37;;;;98934;82179;23428;58751;16755
1986-04-01;8,88;10,16;8,35;;;;99121;82356;23427;58929;16765
1986-05-01;8,9;10,18;8,36;;;;99248;82458;23349;59109;16790
1986-06-01;8,92;10,18;8,39;;;;99155;82376;23263;59113;16779
1986-07-01;8,91;10,2;8,38;;;;99473;82694;23235;59459;16779
1986-08-01;8,94;10,22;8,4;;;;99588;82788;23225;59563;16800
1986-09-01;8,94;10,22;8,41;;;;99934;83024;23216;59808;16910
1986-10-01;8,96;10,25;8,43;;;;100121;83152;23208;59944;16969
1986-11-01;9,01;10,28;8,49;;;;100308;83303;23204;60099;17005
1986-12-01;9,01;10,3;8,48;;;;100509;83488;23237;60251;17021
1987-01-01;9,02;10,29;8,5;;;;100678;83633;23232;60401;17045
1987-02-01;9,05;10,29;8,53;;;;100919;83883;23296;60587;17036
1987-03-01;9,07;10,33;8,55;;;;101164;84100;23307;60793;17064
1987-04-01;9,08;10,33;8,56;;;;101499;84390;23342;61048;17109
1987-05-01;9,11;10,36;8,6;;;;101728;84616;23390;61226;17112
1987-06-01;9,11;10,38;8,6;;;;101900;84776;23390;61386;17124
1987-07-01;9,12;10,36;8,62;;;;102247;85087;23455;61632;17160
1987-08-01;9,18;10,41;8,68;;;;102420;85248;23506;61742;17172
1987-09-01;9,19;10,44;8,68;;;;102647;85512;23566;61946;17135
1987-10-01;9,22;10,45;8,71;;;;103138;85869;23655;62214;17269
1987-11-01;9,27;10,5;8,77;;;;103372;86073;23711;62362;17299
1987-12-01;9,28;10,49;8,77;;;;103661;86314;23772;62542;17347
1988-01-01;9,29;10,55;8,78;;;;103753;86388;23668;62720;17365
1988-02-01;9,29;10,53;8,78;;;;104214;86825;23769;63056;17389
1988-03-01;9,31;10,56;8,8;;;;104489;87042;23824;63218;17447
1988-04-01;9,36;10,62;8,85;;;;104732;87280;23880;63400;17452
1988-05-01;9,41;10,65;8,9;;;;104962;87481;23896;63585;17481
1988-06-01;9,41;10,68;8,9;;;;105326;87811;23951;63860;17515
1988-07-01;9,45;10,71;8,93;;;;105550;88056;23966;64090;17494
1988-08-01;9,46;10,72;8,96;;;;105674;88130;23926;64204;17544
1988-09-01;9,51;10,76;9,0;;;;106013;88379;23942;64437;17634
1988-10-01;9,56;10,81;9,07;;;;106276;88606;23987;64619;17670
1988-11-01;9,58;10,83;9,07;;;;106617;88871;24030;64841;17746
1988-12-01;9,6;10,85;9,1;;;;106898;89162;24054;65108;17736
1989-01-01;9,65;10,88;9,16;;;;107161;89387;24097;65290;17774
1989-02-01;9,68;10,91;9,19;;;;107427;89615;24080;65535;17812
1989-03-01;9,7;10,95;9,21;;;;107621;89799;24069;65730;17822
1989-04-01;9,75;10,96;9,27;;;;107791;89951;24100;65851;17840
1989-05-01;9,74;10,98;9,25;;;;107913;90037;24089;65948;17876
1989-06-01;9,77;11,0;9,29;;;;108027;90115;24052;66063;17912
1989-07-01;9,83;11,06;9,35;;;;108069;90164;24027;66137;17905
1989-08-01;9,83;11,08;9,34;;;;108120;90131;24048;66083;17989
1989-09-01;9,87;11,1;9,39;;;;108369;90342;24000;66342;18027
1989-10-01;9,92;11,13;9,45;;;;108476;90443;23997;66446;18033
1989-11-01;9,93;11,17;9,45;;;;108752;90695;24009;66686;18057
1989-12-01;9,98;11,21;9,5;;;;108836;90761;23949;66812;18075
1990-01-01;10,02;11,26;9,53;;;;109189;91038;23981;67057;18151
1990-02-01;10,07;11,35;9,58;;;;109432;91255;24070;67185;18177
1990-03-01;10,11;11,4;9,61;;;;109637;91343;24023;67320;18294
1990-04-01;10,12;11,38;9,64;;;;109671;91294;23966;67328;18377
1990-05-01;10,16;11,42;9,67;;;;109834;91235;23888;67347;18599
1990-06-01;10,2;11,47;9,72;;;;109857;91301;23849;67452;18556
1990-07-01;10,22;11,49;9,73;;;;109822;91262;23746;67516;18560
1990-08-01;10,24;11,48;9,78;;;;109610;91153;23647;67506;18457
1990-09-01;10,28;11,54;9,8;;;;109520;91083;23571;67512;18437
1990-10-01;10,3;11,57;9,83;;;;109374;90931;23474;67457;18443
1990-11-01;10,32;11,57;9,85;;;;109220;90770;23283;67487;18450
1990-12-01;10,34;11,61;9,88;;;;109168;90700;23202;67498;18468
1991-01-01;10,37;11,66;9,91;;;;109051;90577;23061;67516;18474
1991-02-01;10,39;11,65;9,93;;;;108731;90249;22900;67349;18482
1991-03-01;10,41;11,66;9,97;;;;108569;90081;22779;67302;18488
1991-04-01;10,46;11,72;10,01;;;;108352;89867;22687;67180;18485
1991-05-01;10,49;11,73;10,05;;;;108250;89752;22618;67134;18498
1991-06-01;10,51;11,76;10,06;;;;108338;89777;22572;67205;18561
1991-07-01;10,54;11,79;10,09;;;;108290;89692;22507;67185;18598
1991-08-01;10,56;11,79;10,12;;;;108302;89735;22492;67243;18567
1991-09-01;10,58;11,82;10,13;;;;108333;89790;22466;67324;18543
1991-10-01;10,59;11,84;10,14;;;;108362;89769;22419;67350;18593
1991-11-01;10,61;11,85;10,17;;;;108300;89673;22316;67357;18627
1991-12-01;10,64;11,88;10,2;;;;108330;89689;22273;67416;18641
1992-01-01;10,65;11,87;10,21;;;;108367;89679;22213;67466;18688
1992-02-01;10,67;11,89;10,23;;;;108312;89623;22142;67481;18689
1992-03-01;10,69;11,92;10,25;;;;108361;89646;22127;67519;18715
1992-04-01;10,72;11,96;10,28;;;;108515;89776;22132;67644;18739
1992-05-01;10,74;11,97;10,31;;;;108648;89895;22135;67760;18753
1992-06-01;10,77;12,01;10,33;;;;108717;89955;22098;67857;18762
1992-07-01;10,78;12,0;10,36;;;;108799;89982;22074;67908;18817
1992-08-01;10,81;12,05;10,38;;;;108923;90040;22044;67996;18883
1992-09-01;10,82;12,02;10,41;;;;108954;90125;22020;68105;18829
1992-10-01;10,85;12,06;10,43;;;;109135;90307;22028;68279;18828
1992-11-01;10,86;12,08;10,44;;;;109280;90439;22042;68397;18841
1992-12-01;10,9;12,09;10,48;;;;109500;90622;22076;68546;18878
1993-01-01;10,93;12,12;10,52;;;;109795;90894;22133;68761;18901
1993-02-01;10,95;12,15;10,53;;;;110044;91142;22189;68953;18902
1993-03-01;10,99;12,18;10,58;;;;109992;91085;22142;68943;18907
1993-04-01;10,99;12,22;10,56;;;;110295;91357;22131;69226;18938
1993-05-01;11,01;12,25;10,58;;;;110570;91619;22189;69430;18951
1993-06-01;11,03;12,26;10,61;;;;110751;91782;22166;69616;18969
1993-07-01;11,05;12,28;10,62;;;;111060;92000;22183;69817;19060
1993-08-01;11,07;12,3;10,64;;;;111209;92181;22203;69978;19028
1993-09-01;11,09;12,33;10,66;;;;111454;92413;22252;70161;19041
1993-10-01;11,13;12,36;10,7;;;;111734;92692;22306;70386;19042
1993-11-01;11,15;12,4;10,72;;;;111990;92922;22347;70575;19068
1993-12-01;11,18;12,45;10,74;;;;112324;93215;22413;70802;19109
1994-01-01;11,21;12,47;10,77;;;;112598;93451;22465;70986;19147
1994-02-01;11,25;12,54;10,81;;;;112779;93629;22451;71178;19150
1994-03-01;11,25;12,52;10,81;;;;113240;94050;22550;71500;19190
1994-04-01;11,27;12,54;10,82;;;;113587;94364;22641;71723;19223
1994-05-01;11,29;12,58;10,84;;;;113923;94659;22704;71955;19264
1994-06-01;11,31;12,59;10,87;;;;114237;94963;22764;72199;19274
1994-07-01;11,34;12,63;10,89;;;;114607;95306;22807;72499;19301
1994-08-01;11,36;12,65;10,91;;;;114899;95593;22876;72717;19306
1994-09-01;11,38;12,69;10,93;;;;115253;95916;22948;72968;19337
1994-10-01;11,42;12,73;10,97;;;;115458;96114;22974;73140;19344
1994-11-01;11,45;12,76;10,99;;;;115873;96506;23050;73456;19367
1994-12-01;11,47;12,77;11,02;;;;116176;96788;23095;73693;19388
1995-01-01;11,48;12,78;11,03;;;;116504;97107;23147;73960;19397
1995-02-01;11,52;12,83;11,07;;;;116693;97286;23103;74183;19407
1995-03-01;11,55;12,85;11,1;;;;116907;97480;23151;74329;19427
1995-04-01;11,56;12,87;11,11;;;;117065;97631;23174;74457;19434
1995-05-01;11,6;12,89;11,16;;;;117050;97632;23120;74512;19418
1995-06-01;11,63;12,94;11,18;;;;117286;97841;23136;74705;19445
1995-07-01;11,67;13,01;11,21;;;;117377;97940;23119;74821;19437
1995-08-01;11,69;13,01;11,24;;;;117639;98210;23164;75046;19429
1995-09-01;11,73;13,03;11,28;;;;117880;98450;23208;75242;19430
1995-10-01;11,75;13,06;11,3;;;;118029;98565;23206;75359;19464
1995-11-01;11,78;13,08;11,33;;;;118168;98705;23201;75504;19463
1995-12-01;11,81;13,09;11,38;;;;118325;98859;23209;75650;19466
1996-01-01;11,86;13,23;11,41;;;;118318;98868;23196;75672;19450
1996-02-01;11,87;13,18;11,42;;;;118734;99249;23280;75969;19485
1996-03-01;11,89;13,15;11,47;;;;118990;99458;23276;76182;19532
1996-04-01;11,95;13,3;11,5;;;;119156;99641;23316;76325;19515
1996-05-01;11,97;13,31;11,52;;;;119489;99960;23358;76602;19529
1996-06-01;12,03;13,38;11,57;;;;119770;100242;23399;76843;19528
1996-07-01;12,05;13,42;11,6;;;;120016;100469;23418;77051;19547
1996-08-01;12,09;13,45;11,64;;;;120201;100697;23479;77218;19504
1996-09-01;12,13;13,48;11,67;;;;120402;100835;23497;77338;19567
1996-10-01;12,15;13,48;11,71;;;;120663;101109;23546;77563;19554
1996-11-01;12,2;13,52;11,76;;;;120949;101384;23584;77800;19565
1996-12-01;12,24;13,59;11,78;;;;121145;101574;23599;77975;19571
1997-01-01;12,29;13,64;11,84;;;;121363;101770;23618;78152;19593
1997-02-01;12,31;13,67;11,86;;;;121675;102077;23686;78391;19598
1997-03-01;12,35;13,7;11,9;;;;121989;102381;23739;78642;19608
1997-04-01;12,38;13,71;11,94;;;;122284;102681;23765;78916;19603
1997-05-01;12,43;13,76;11,99;;;;122551;102950;23809;79141;19601
1997-06-01;12,46;13,78;12,01;;;;122816;103156;23834;79322;19660
1997-07-01;12,5;13,79;12,07;;;;123112;103426;23862;79564;19686
1997-08-01;12,57;13,86;12,14;;;;123092;103475;23952;79523;19617
1997-09-01;12,6;13,88;12,17;;;;123577;103898;23996;79902;19679
1997-10-01;12,66;13,98;12,23;;;;123923;104185;24053;80132;19738
1997-11-01;12,71;14,01;12,27;;;;124230;104469;24112;80357;19761
1997-12-01;12,75;14,07;12,31;;;;124551;104785;24185;80600;19766
1998-01-01;12,79;14,06;12,37;;;;124813;105043;24262;80781;19770
1998-02-01;12,83;14,12;12,4;;;;125018;105232;24283;80949;19786
1998-03-01;12,87;14,15;12,45;;;;125164;105372;24264;81108;19792
1998-04-01;12,92;14,15;12,51;;;;125445;105629;24340;81289;19816
1998-05-01;12,97;14,2;12,56;;;;125846;105971;24361;81610;19875
1998-06-01;12,99;14,19;12,6;;;;126077;106198;24387;81811;19879
1998-07-01;13,0;14,17;12,63;;;;126209;106279;24237;82042;19930
1998-08-01;13,07;14,28;12,68;;;;126547;106588;24420;82168;19959
1998-09-01;13,11;14,29;12,72;;;;126745;106760;24419;82341;19985
1998-10-01;13,14;14,35;12,75;;;;126950;106949;24406;82543;20001
1998-11-01;13,17;14,37;12,78;;;;127225;107181;24394;82787;20044
1998-12-01;13,21;14,41;12,82;;;;127598;107519;24454;83065;20079
1999-01-01;13,27;14,42;12,9;;;;127704;107620;24401;83219;20084
1999-02-01;13,3;14,46;12,93;;;;128118;107974;24433;83541;20144
1999-03-01;13,34;14,51;12,96;;;;128233;108065;24378;83687;20168
1999-04-01;13,38;14,57;13,0;;;;128595;108358;24426;83932;20237
1999-05-01;13,42;14,66;13,02;;;;128810;108581;24445;84136;20229
1999-06-01;13,47;14,73;13,07;;;;129088;108816;24435;84381;20272
1999-07-01;13,51;14,77;13,11;;;;129423;109084;24474;84610;20339
1999-08-01;13,54;14,79;13,14;;;;129569;109194;24467;84727;20375
1999-09-01;13,6;14,86;13,2;;;;129781;109377;24485;84892;20404
1999-10-01;13,64;14,88;13,24;;;;130179;109722;24505;85217;20457
1999-11-01;13,66;14,9;13,26;;;;130467;109971;24561;85410;20496
1999-12-01;13,7;14,95;13,3;;;;130781;110241;24582;85659;20540
2000-01-01;13,75;15,01;13,34;;;;131009;110438;24628;85810;20571
2000-02-01;13,8;15,06;13,4;;;;131120;110521;24608;85913;20599
2000-03-01;13,85;15,1;13,45;;;;131604;110871;24705;86166;20733
2000-04-01;13,89;15,17;13,49;;;;131883;111081;24688;86393;20802
2000-05-01;13,94;15,17;13,55;;;;132106;110959;24647;86312;21147
2000-06-01;13,98;15,22;13,6;;;;132060;111173;24672;86501;20887
2000-07-01;14,02;15,27;13,63;;;;132228;111361;24718;86643;20867
2000-08-01;14,07;15,32;13,68;;;;132231;111394;24684;86710;20837
2000-09-01;14,12;15,37;13,74;;;;132357;111622;24642;86980;20735
2000-10-01;14,17;15,45;13,77;;;;132352;111609;24638;86971;20743
2000-11-01;14,23;15,5;13,85;;;;132553;111793;24623;87170;20760
2000-12-01;14,29;15,49;13,92;;;;132718;111914;24575;87339;20804
2001-01-01;14,29;15,51;13,93;;;;132699;111864;24533;87331;20835
2001-02-01;14,36;15,56;14,0;;;;132786;111880;24475;87405;20906
2001-03-01;14,42;15,62;14,06;;;;132751;111806;24409;87397;20945
2001-04-01;14,45;15,62;14,09;;;;132455;111463;24254;87209;20992
2001-05-01;14,5;15,71;14,14;;;;132411;111382;24119;87263;21029
2001-06-01;14,54;15,77;14,18;;;;132296;111159;23965;87194;21137
2001-07-01;14,55;15,82;14,18;;;;132173;110988;23837;87151;21185
2001-08-01;14,6;15,86;14,22;;;;132024;110806;23667;87139;21218
2001-09-01;14,63;15,89;14,26;;;;131765;110523;23536;86987;21242
2001-10-01;14,66;15,92;14,29;;;;131452;110177;23378;86799;21275
2001-11-01;14,71;16,0;14,34;;;;131141;109815;23209;86606;21326
2001-12-01;14,74;16,06;14,37;;;;130984;109629;23094;86535;21355
2002-01-01;14,76;16,1;14,38;;;;130853;109476;22961;86515;21377
2002-02-01;14,78;16,15;14,39;;;;130732;109342;22877;86465;21390
2002-03-01;14,82;16,18;14,44;;;;130720;109289;22786;86503;21431
2002-04-01;14,84;16,21;14,45;;;;130616;109173;22689;86484;21443
2002-05-01;14,88;16,25;14,49;;;;130632;109118;22604;86514;21514
2002-06-01;14,93;16,29;14,55;;;;130682;109133;22579;86554;21549
2002-07-01;14,97;16,34;14,59;;;;130585;109041;22521;86520;21544
2002-08-01;15,02;16,38;14,65;;;;130587;108998;22449;86549;21589
2002-09-01;15,05;16,43;14,67;;;;130498;108952;22396;86556;21546
2002-10-01;15,11;16,49;14,74;;;;130621;109062;22324;86738;21559
2002-11-01;15,15;16,52;14,77;;;;130617;109036;22282;86754;21581
2002-12-01;15,2;16,61;14,81;;;;130469;108881;22189;86692;21588
2003-01-01;15,22;16,62;14,84;;;;130580;108954;22146;86808;21626
2003-02-01;15,28;16,65;14,91;;;;130443;108819;22023;86796;21624
2003-03-01;15,27;16,68;14,88;;;;130232;108622;21945;86677;21610
2003-04-01;15,28;16,7;14,9;;;;130176;108581;21864;86717;21595
2003-05-01;15,33;16,76;14,94;;;;130196;108629;21832;86797;21567
2003-06-01;15,36;16,8;14,97;;;;130192;108586;21788;86798;21606
2003-07-01;15,4;16,82;15,02;;;;130184;108551;21708;86843;21633
2003-08-01;15,42;16,86;15,04;;;;130153;108597;21705;86892;21556
2003-09-01;15,42;16,9;15,02;;;;130252;108748;21700;87048;21504
2003-10-01;15,42;16,89;15,03;;;;130439;108881;21691;87190;21558
2003-11-01;15,46;16,94;15,07;;;;130482;108947;21688;87259;21535
2003-12-01;15,47;16,96;15,07;;;;130594;109048;21702;87346;21546
2004-01-01;15,51;17,0;15,11;;;;130766;109228;21714;87514;21538
2004-02-01;15,53;17,05;15,13;;;;130822;109272;21694;87578;21550
2004-03-01;15,56;17,09;15,15;;;;131139;109551;21758;87793;21588
2004-04-01;15,59;17,11;15,18;;;;131409;109795;21803;87992;21614
2004-05-01;15,63;17,13;15,23;;;;131693;110079;21881;88198;21614
2004-06-01;15,67;17,15;15,27;;;;131789;110188;21885;88303;21601
2004-07-01;15,69;17,17;15,3;;;;131850;110244;21901;88343;21606
2004-08-01;15,73;17,23;15,33;;;;131936;110310;21943;88367;21626
2004-09-01;15,78;17,3;15,37;;;;132083;110448;21957;88491;21635
2004-10-01;15,81;17,31;15,41;;;;132435;110779;22003;88776;21656
2004-11-01;15,84;17,34;15,44;;;;132509;110817;21997;88820;21692
2004-12-01;15,86;17,36;15,46;;;;132633;110940;22005;88935;21693
2005-01-01;15,9;17,36;15,51;;;;132779;111044;21959;89085;21735
2005-02-01;15,93;17,44;15,53;;;;133033;111289;22036;89253;21744
2005-03-01;15,97;17,46;15,58;;;;133154;111414;22066;89348;21740
2005-04-01;16,01;17,51;15,61;;;;133515;111761;22136;89625;21754
2005-05-01;16,04;17,55;15,64;;;;133687;111906;22172;89734;21781
2005-06-01;16,08;17,58;15,68;;;;133939;112176;22185;89991;21763
2005-07-01;16,15;17,62;15,76;;;;134297;112440;22205;90235;21857
2005-08-01;16,17;17,67;15,78;;;;134495;112632;22227;90405;21863
2005-09-01;16,19;17,66;15,81;;;;134552;112707;22226;90481;21845
2005-10-01;16,28;17,74;15,89;;;;134646;112817;22292;90525;21829
2005-11-01;16,31;17,73;15,92;;;;135001;113142;22358;90784;21859
2005-12-01;16,36;17,76;15,98;;;;135160;113281;22376;90905;21879
2006-01-01;16,41;17,78;16,04;;;;135425;113578;22467;91111;21847
2006-02-01;16,48;17,8;16,12;;;;135732;113854;22535;91319;21878
2006-03-01;16,54;17,82;16,2;34,2;39,1;33,0;136041;114138;22571;91567;21903
2006-04-01;16,63;17,86;16,3;34,3;39,3;33,1;136210;114291;22630;91661;21919
2006-05-01;16,65;17,93;16,31;34,3;39,3;33,0;136247;114321;22597;91724;21926
2006-06-01;16,72;18,01;16,38;34,4;39,4;33,2;136328;114406;22598;91808;21922
2006-07-01;16,77;18,01;16,44;34,3;39,4;33,1;136522;114549;22590;91959;21973
2006-08-01;16,83;18,08;16,49;34,3;39,3;33,1;136688;114677;22571;92106;22011
2006-09-01;16,87;18,1;16,54;34,4;39,3;33,2;136825;114743;22537;92206;22082
2006-10-01;16,93;18,19;16,6;34,3;39,3;33,1;136849;114781;22456;92325;22068
2006-11-01;16,98;18,24;16,64;34,3;39,2;33,2;137068;114985;22408;92577;22083
2006-12-01;17,05;18,33;16,71;34,5;39,5;33,2;137251;115163;22404;92759;22088
2007-01-01;17,09;18,37;16,75;34,3;39,3;33,1;137475;115380;22439;92941;22095
2007-02-01;17,15;18,39;16,83;34,3;39,1;33,1;137556;115425;22334;93091;22131
2007-03-01;17,22;18,47;16,89;34,4;39,4;33,2;137782;115633;22391;93242;22149
2007-04-01;17,27;18,57;16,93;34,4;39,4;33,1;137842;115667;22349;93318;22175
2007-05-01;17,34;18,64;17,0;34,4;39,5;33,2;137993;115800;22323;93477;22193
2007-06-01;17,42;18,69;17,08;34,5;39,5;33,3;138072;115865;22324;93541;22207
2007-07-01;17,46;18,7;17,14;34,4;39,5;33,2;138042;115871;22277;93594;22171
2007-08-01;17,5;18,74;17,18;34,4;39,4;33,2;138017;115791;22165;93626;22226
2007-09-01;17,55;18,78;17,24;34,4;39,5;33,2;138103;115824;22094;93730;22279
2007-10-01;17,58;18,79;17,27;34,3;39,4;33,2;138175;115878;22056;93822;22297
2007-11-01;17,63;18,87;17,31;34,4;39,6;33,2;138291;115957;22015;93942;22334
2007-12-01;17,69;18,93;17,37;34,4;39,6;33,2;138396;116020;21976;94044;22376
2008-01-01;17,73;18,99;17,41;34,4;39,5;33,2;138397;116009;21948;94061;22388
2008-02-01;17,8;19,06;17,48;34,3;39,5;33,2;138326;115909;21897;94012;22417
2008-03-01;17,88;19,14;17,56;34,4;39,7;33,2;138256;115813;21819;93994;22443
2008-04-01;17,91;19,14;17,6;34,4;39,5;33,2;138037;115587;21680;93907;22450
2008-05-01;17,98;19,21;17,67;34,4;39,4;33,2;137847;115364;21600;93764;22483
2008-06-01;18,04;19,29;17,72;34,4;39,5;33,2;137689;115172;21483;93689;22517
2008-07-01;18,1;19,36;17,78;34,3;39,3;33,1;137492;114924;21360;93564;22568
2008-08-01;18,18;19,45;17,86;34,3;39,3;33,2;137209;114642;21250;93392;22567
2008-09-01;18,2;19,5;17,88;34,2;39,0;33,1;136759;114222;21102;93120;22537
2008-10-01;18,25;19,55;17,93;34,3;39,1;33,2;136294;113745;20895;92850;22549
2008-11-01;18,31;19,64;17,99;34,1;38,8;33,0;135546;112986;20624;92362;22560
2008-12-01;18,38;19,72;18,07;33,9;38,6;32,9;134848;112292;20321;91971;22556
2009-01-01;18,39;19,71;18,09;34,0;38,5;33,0;134066;111487;19889;91598;22579
2009-02-01;18,44;19,76;18,14;34,0;38,6;33,1;133314;110738;19575;91163;22576
2009-03-01;18,5;19,84;18,2;33,8;38,2;32,8;132494;109934;19227;90707;22560
2009-04-01;18,52;19,83;18,23;33,8;38,3;32,8;131825;109148;18894;90254;22677
2009-05-01;18,53;19,85;18,25;33,8;38,3;32,9;131470;108853;18655;90198;22617
2009-06-01;18,56;19,87;18,28;33,7;38,4;32,8;131003;108427;18422;90005;22576
2009-07-01;18,59;19,95;18,31;33,8;38,6;32,8;130661;108140;18278;89862;22521
2009-08-01;18,67;19,93;18,4;33,8;38,7;32,8;130480;107943;18150;89793;22537
2009-09-01;18,7;19,92;18,44;33,9;38,8;32,9;130241;107790;18043;89747;22451
2009-10-01;18,74;20,02;18,47;33,8;38,5;32,8;130061;107537;17914;89623;22524
2009-11-01;18,8;20,05;18,53;33,9;39,0;32,9;130059;107526;17869;89657;22533
2009-12-01;18,84;20,05;18,59;33,9;38,9;32,9;129807;107325;17792;89533;22482
2010-01-01;18,88;20,09;18,63;34,0;39,3;33,0;129795;107304;17709;89595;22491
2010-02-01;18,91;20,12;18,66;33,8;38,8;32,9;129702;107226;17628;89598;22476
2010-03-01;18,91;20,14;18,66;34,0;39,3;33,0;129865;107347;17672;89675;22518
2010-04-01;18,96;20,18;18,7;34,1;39,7;33,0;130115;107546;17729;89817;22569
2010-05-01;19,01;20,2;18,76;34,1;39,7;33,0;130645;107649;17741;89908;22996
2010-06-01;19,03;20,23;18,78;34,1;39,5;33,0;130501;107761;17762;89999;22740
2010-07-01;19,04;20,28;18,78;34,2;39,6;33,1;130420;107851;17777;90074;22569
2010-08-01;19,11;20,32;18,85;34,2;39,7;33,1;130423;108003;17793;90210;22420
2010-09-01;19,11;20,35;18,85;34,3;40,1;33,2;130340;108093;17787;90306;22247
2010-10-01;19,2;20,42;18,95;34,3;39,9;33,2;130620;108323;17801;90522;22297
2010-11-01;19,21;20,47;18,95;34,3;39,9;33,1;130754;108467;17828;90639;22287
2010-12-01;19,22;20,48;18,96;34,3;39,8;33,2;130836;108570;17796;90774;22266
2011-01-01;19,33;20,55;19,07;34,2;39,6;33,2;130839;108581;17785;90796;22258
2011-02-01;19,31;20,58;19,04;34,3;39,8;33,2;131054;108839;17844;90995;22215
2011-03-01;19,31;20,56;19,04;34,3;39,8;33,2;131278;109086;17906;91180;22192
2011-04-01;19,36;20,6;19,1;34,4;39,9;33,3;131604;109420;17957;91463;22184
2011-05-01;19,41;20,62;19,15;34,4;40,1;33,2;131704;109575;18007;91568;22129
2011-06-01;19,41;20,63;19,16;34,4;40,0;33,3;131936;109772;18044;91728;22164
2011-07-01;19,47;20,67;19,22;34,4;40,0;33,3;131992;109943;18094;91849;22049
2011-08-01;19,47;20,71;19,2;34,3;39,9;33,2;132123;110106;18120;91986;22017
2011-09-01;19,49;20,72;19,22;34,4;40,0;33,3;132346;110363;18167;92196;21983
2011-10-01;19,56;20,76;19,3;34,5;40,1;33,3;132557;110559;18187;92372;21998
2011-11-01;19,56;20,75;19,31;34,4;40,0;33,3;132701;110730;18188;92542;21971
2011-12-01;19,57;20,79;19,31;34,4;40,1;33,3;132902;110948;18244;92704;21954
2012-01-01;19,59;20,78;19,33;34,5;40,3;33,4;133243;111297;18304;92993;21946
2012-02-01;19,59;20,83;19,32;34,5;40,3;33,3;133521;111574;18335;93239;21947
2012-03-01;19,64;20,88;19,37;34,5;40,2;33,3;133745;111802;18372;93430;21943
2012-04-01;19,68;20,93;19,41;34,4;40,3;33,3;133828;111897;18384;93513;21931
2012-05-01;19,67;20,87;19,42;34,4;40,1;33,2;133935;112024;18386;93638;21911
2012-06-01;19,71;20,91;19,46;34,4;40,2;33,3;134008;112078;18411;93667;21930
2012-07-01;19,74;20,96;19,48;34,4;40,2;33,2;134153;112240;18447;93793;21913
2012-08-01;19,74;20,94;19,49;34,4;40,1;33,3;134329;112413;18458;93955;21916
2012-09-01;19,79;20,96;19,54;34,4;40,2;33,3;134512;112587;18461;94126;21925
2012-10-01;19,79;20,98;19,54;34,3;40,2;33,2;134672;112769;18472;94297;21903
2012-11-01;19,85;21,03;19,6;34,4;40,2;33,3;134831;112948;18477;94471;21883
2012-12-01;19,91;21,06;19,67;34,4;40,3;33,3;135074;113187;18532;94655;21887
2013-01-01;19,94;21,1;19,69;34,4;40,2;33,2;135263;113394;18581;94813;21869
2013-02-01;19,99;21,15;19,74;34,5;40,4;33,3;135548;113667;18638;95029;21881
2013-03-01;20,0;21,14;19,76;34,5;40,4;33,4;135690;113820;18660;95160;21870
2013-04-01;20,04;21,2;19,79;34,4;40,3;33,3;135876;114007;18653;95354;21869
2013-05-01;20,05;21,21;19,8;34,5;40,3;33,3;136090;114226;18691;95535;21864
2013-06-01;20,12;21,23;19,89;34,5;40,4;33,3;136269;114429;18723;95706;21840
2013-07-01;20,14;21,22;19,91;34,4;40,2;33,2;136391;114576;18705;95871;21815
2013-08-01;20,18;21,24;19,95;34,5;40,4;33,3;136634;114803;18755;96048;21831
2013-09-01;20,23;21,25;20,02;34,4;40,4;33,3;136819;114984;18810;96174;21835
2013-10-01;20,25;21,29;20,03;34,4;40,3;33,2;137039;115209;18856;96353;21830
2013-11-01;20,31;21,34;20,08;34,4;40,5;33,2;137312;115469;18910;96559;21843
2013-12-01;20,35;21,39;20,13;34,3;40,4;33,2;137367;115547;18881;96666;21820
2014-01-01;20,39;21,41;20,17;34,4;40,2;33,2;137551;115737;18937;96800;21814
2014-02-01;20,51;21,52;20,3;34,3;40,2;33,1;137710;115885;18988;96897;21825
2014-03-01;20,5;21,49;20,28;34,5;40,6;33,3;137987;116154;19037;97117;21833
2014-04-01;20,51;21,51;20,3;34,5;40,4;33,3;138298;116445;19103;97342;21853
2014-05-01;20,54;21,54;20,32;34,5;40,6;33,3;138500;116668;19141;97527;21832
2014-06-01;20,59;21,55;20,39;34,5;40,6;33,3;138833;116938;19194;97744;21895
2014-07-01;20,61;21,61;20,4;34,5;40,5;33,3;139076;117175;19264;97911;21901
2014-08-01;20,66;21,65;20,45;34,6;40,5;33,4;139257;117402;19316;98086;21855
2014-09-01;20,67;21,67;20,45;34,5;40,5;33,3;139564;117667;19371;98296;21897
2014-10-01;20,7;21,68;20,49;34,5;40,5;33,4;139804;117887;19419;98468;21917
2014-11-01;20,77;21,68;20,57;34,6;40,6;33,4;140088;118156;19456;98700;21932
2014-12-01;20,71;21,68;20,51;34,6;40,6;33,4;140366;118419;19481;98938;21947
2015-01-01;20,8;21,73;20,6;34,5;40,5;33,4;140562;118602;19499;99103;21960
2015-02-01;20,84;21,69;20,65;34,6;40,6;33,4;140831;118853;19537;99316;21978
2015-03-01;20,91;21,83;20,71;34,5;40,4;33,3;140925;118955;19505;99450;21970
2015-04-01;20,92;21,87;20,72;34,5;40,3;33,3;141202;119197;19553;99644;22005
2015-05-01;20,98;21,92;20,78;34,5;40,3;33,4;141539;119527;19581;99946;22012
2015-06-01;21,0;21,98;20,8;34,5;40,3;33,4;141695;119680;19592;100088;22015
2015-07-01;21,03;21,97;20,83;34,5;40,4;33,4;141989;119939;19627;100312;22050
2015-08-01;21,1;22,02;20,91;34,6;40,5;33,4;142130;120070;19629;100441;22060
2015-09-01;21,09;21,99;20,9;34,5;40,2;33,4;142265;120225;19641;100584;22040
2015-10-01;21,19;22,13;20,99;34,5;40,4;33,4;142584;120528;19680;100848;22056
2015-11-01;21,21;22,14;21,02;34,5;40,3;33,4;142810;120729;19711;101018;22081
2015-12-01;21,23;22,21;21,03;34,5;40,4;33,4;143083;120986;19738;101248;22097
2016-01-01;21,31;22,22;21,11;34,6;40,4;33,4;143196;121082;19746;101336;22114
2016-02-01;21,33;22,2;21,14;34,4;40,2;33,3;143411;121273;19716;101557;22138
2016-03-01;21,39;22,36;21,18;34,4;40,1;33,3;143666;121488;19711;101777;22178
2016-04-01;21,46;22,45;21,25;34,4;40,3;33,3;143856;121672;19732;101940;22184
2016-05-01;21,47;22,51;21,25;34,4;40,2;33,2;143901;121702;19687;102015;22199
2016-06-01;21,52;22,63;21,29;34,4;40,2;33,2;144152;121972;19708;102264;22180
2016-07-01;21,58;22,65;21,35;34,4;40,2;33,3;144515;122226;19758;102468;22289
2016-08-01;21,6;22,68;21,37;34,3;40,2;33,2;144664;122380;19731;102649;22284
2016-09-01;21,63;22,73;21,4;34,4;40,3;33,3;144961;122638;19760;102878;22323
2016-10-01;21,71;22,77;21,49;34,4;40,3;33,3;145069;122774;19788;102986;22295
2016-11-01;21,71;22,8;21,49;34,3;40,2;33,2;145188;122911;19812;103099;22277
2016-12-01;21,76;22,81;21,54;34,4;40,3;33,2;145410;123106;19821;103285;22304
2017-01-01;21,81;22,87;21,6;34,4;40,2;33,3;145636;123320;19854;103466;22316
2017-02-01;21,84;22,86;21,62;34,3;40,2;33,2;145848;123522;19916;103606;22326
2017-03-01;21,88;22,93;21,66;34,3;40,2;33,2;145976;123647;19954;103693;22329
2017-04-01;21,94;22,94;21,73;34,4;40,3;33,3;146173;123838;19985;103853;22335
2017-05-01;21,96;23,05;21,74;34,4;40,4;33,2;146389;124042;20015;104027;22347
2017-06-01;22,02;23,11;21,79;34,4;40,4;33,3;146588;124228;20063;104165;22360
2017-07-01;22,08;23,2;21,85;34,4;40,4;33,3;146772;124398;20072;104326;22374
2017-08-01;22,11;23,26;21,87;34,4;40,3;33,2;146907;124597;20154;104443;22310
2017-09-01;22,18;23,36;21,94;34,3;40,3;33,2;146999;124666;20177;104489;22333
2017-10-01;22,18;23,35;21,93;34,4;40,5;33,2;147146;124785;20209;104576;22361
2017-11-01;22,22;23,42;21,97;34,5;40,6;33,4;147375;124996;20266;104730;22379
2017-12-01;22,3;23,53;22,04;34,4;40,4;33,3;147521;125137;20317;104820;22384
2018-01-01;22,38;23,61;22,12;34,4;40,2;33,2;147667;125293;20354;104939;22374
2018-02-01;22,42;23,72;22,14;34,5;40,6;33,4;148054;125635;20474;105161;22419
2018-03-01;22,5;23,77;22,23;34,5;40,5;33,3;148280;125853;20518;105335;22427
2018-04-01;22,54;23,84;22,26;34,5;40,6;33,3;148426;125982;20565;105417;22444
2018-05-01;22,59;23,85;22,32;34,5;40,6;33,3;148755;126306;20657;105649;22449
2018-06-01;22,66;23,89;22,39;34,6;40,6;33,4;148968;126486;20713;105773;22482
2018-07-01;22,7;23,94;22,44;34,5;40,6;33,3;149023;126587;20759;105828;22436
2018-08-01;22,78;24,05;22,51;34,5;40,5;33,4;149274;126806;20811;105995;22468
2018-09-01;22,85;24,13;22,58;34,4;40,4;33,3;149361;126887;20858;106029;22474
2018-10-01;22,9;24,22;22,61;34,5;40,3;33,3;149525;127046;20898;106148;22479
2018-11-01;23,0;24,31;22,73;34,4;40,3;33,3;149622;127149;20900;106249;22473
2018-12-01;23,11;24,35;22,84;34,5;40,5;33,3;149804;127293;20935;106358;22511
2019-01-01;23,14;24,42;22,86;34,5;40,6;33,3;150062;127554;21000;106554;22508
2019-02-01;23,21;24,39;22,95;34,4;40,1;33,3;150067;127542;20955;106587;22525
2019-03-01;23,31;24,55;23,04;34,5;40,4;33,4;150294;127725;20990;106735;22569
2019-04-01;23,33;24,57;23,06;34,4;40,3;33,3;150602;127983;21028;106955;22619
2019-05-01;23,38;24,63;23,12;34,4;40,3;33,3;150640;128078;21030;107048;22562
2019-06-01;23,47;24,71;23,2;34,4;40,4;33,3;150844;128240;21058;107182;22604
2019-07-01;23,55;24,73;23,3;34,4;40,2;33,2;150934;128362;21079;107283;22572
2019-08-01;23,62;24,81;23,36;34,4;40,3;33,3;151155;128530;21077;107453;22625
2019-09-01;23,68;24,87;23,43;34,4;40,4;33,3;151358;128705;21090;107615;22653
2019-10-01;23,75;24,95;23,5;34,3;40,2;33,2;151458;128788;21044;107744;22670
2019-11-01;23,84;25,0;23,59;34,3;40,1;33,2;151666;128957;21065;107892;22709
2019-12-01;23,83;25,08;23,57;34,3;40,0;33,2;151792;129066;21021;108045;22726
2020-01-01;23,91;25,12;23,65;34,3;40,0;33,1;152045;129258;21054;108204;22787
2020-02-01;24,01;25,26;23,75;34,3;40,1;33,2;152309;129442;21079;108363;22867
2020-03-01;24,15;25,27;23,91;34,0;40,0;32,8;150898;128066;20943;107123;22832
2020-04-01;25,14;25,21;25,13;34,2;38,2;33,4;130421;108506;18565;89941;21915
2020-05-01;24,99;25,39;24,9;34,7;38,9;33,8;133040;111645;19256;92389;21395
2020-06-01;24,79;25,34;24,67;34,6;39,2;33,6;137655;116227;19716;96511;21428
2020-07-01;24,69;25,44;24,53;34,6;39,6;33,6;139240;117703;19780;97923;21537
2020-08-01;24,82;25,5;24,68;34,7;39,8;33,7;140774;118787;19832;98955;21987
2020-09-01;24,81;25,43;24,68;34,8;39,8;33,8;141820;119885;19913;99972;21935
2020-10-01;24,85;25,54;24,71;34,9;40,0;33,8;142493;120729;19980;100749;21764
2020-11-01;24,93;25,69;24,78;34,8;40,0;33,8;142761;121078;20027;101051;21683
2020-12-01;25,16;25,78;25,03;34,8;39,9;33,8;142518;120842;20106;100736;21676
2021-01-01;25,17;25,88;25,02;34,9;40,1;33,9;142916;121128;20100;101028;21788
2021-02-01;25,25;25,91;25,12;34,6;39,6;33,6;143443;121666;20054;101612;21777
2021-03-01;25,34;26,01;25,2;35,0;40,2;33,9;144274;122413;20232;102181;21861
2021-04-01;25,51;26,21;25,37;35,0;40,2;33,9;144593;122680;20194;102486;21913
2021-05-01;25,68;26,31;25,55;34,9;40,1;33,9;145044;123127;20214;102913;21917
2021-06-01;25,81;26,43;25,68;34,8;39,9;33,8;145822;123804;20231;103573;22018
2021-07-01;25,96;26,57;25,83;34,9;40,0;33,8;146761;124684;20328;104356;22077
2021-08-01;26,12;26,73;26,0;34,7;40,0;33,7;147226;125135;20395;104740;22091
2021-09-01;26,3;26,82;26,19;34,8;40,2;33,7;147706;125631;20480;105151;22075
2021-10-01;26,46;26,88;26,37;34,7;39,8;33,8;148566;126530;20580;105950;22036
2021-11-01;26,57;27,0;26,48;34,8;40,1;33,8;149197;127156;20668;106488;22041
2021-12-01;26,76;27,18;26,68;34,8;40,2;33,8;149763;127695;20749;106946;22068
2022-01-01;26,9;27,3;26,82;34,5;39,6;33,5;150014;127958;20764;107194;22056
2022-02-01;26,97;27,43;26,88;34,7;40,3;33,6;150876;128823;20903;107920;22053
2022-03-01;27,11;27,53;27,02;34,7;40,1;33,6;151370;129318;21011;108307;22052
2022-04-01;27,27;27,64;27,2;34,7;40,0;33,6;151642;129557;21069;108488;22085
2022-05-01;27,39;27,87;27,29;34,6;40,0;33,5;151928;129815;21129;108686;22113
2022-06-01;27,53;27,93;27,45;34,6;39,9;33,5;152348;130233;21182;109051;22115
2022-07-01;27,66;28,06;27,58;34,6;40,0;33,6;153038;130773;21252;109521;22265
2022-08-01;27,75;28,15;27,67;34,5;39,9;33,5;153281;131017;21291;109726;22264
2022-09-01;27,86;28,3;27,77;34,6;39,9;33,5;153536;131265;21340;109925;22271
2022-10-01;28,0;28,45;27,91;34,6;40,0;33,5;153897;131596;21387;110209;22301
2022-11-01;28,13;28,58;28,04;34,5;39,7;33,5;154155;131791;21420;110371;22364
2022-12-01;28,23;28,75;28,12;34,4;39,7;33,4;154291;131924;21448;110476;22367
2023-01-01;28,31;28,95;28,18;34,6;40,2;33,5;154773;132283;21494;110789;22490
2023-02-01;28,42;28,99;28,31;34,5;40,0;33,4;155060;132509;21520;110989;22551
2023-03-01;28,58;29,14;28,46;34,4;39,9;33,4;155206;132600;21508;111092;22606
2023-04-01;28,68;29,24;28,56;34,3;39,8;33,3;155484;132831;21541;111290;22653
2023-05-01;28,79;29,34;28,67;34,4;39,9;33,3;155787;133085;21555;111530;22702
2023-06-01;28,9;29,53;28,77;34,4;39,9;33,3;156027;133270;21597;111673;22757
2023-07-01;29,03;29,66;28,9;34,3;39,8;33,3;156211;133418;21604;111814;22793
2023-08-01;29,09;29,76;28,95;34,4;39,9;33,3;156421;133568;21637;111931;22853
2023-09-01;29,18;29,9;29,03;34,4;39,9;33,3;156667;133764;21664;112100;22903
2023-10-01;29,29;29,97;29,15;34,3;39,9;33,3;156832;133862;21654;112208;22970
2023-11-01;29,42;30,26;29,25;34,4;39,8;33,3;157014;134014;21690;112324;23000
2023-12-01;29,51;30,42;29,32;34,4;39,7;33,3;157304;134228;21723;112505;23076
2024-01-01;29,64;30,57;29,45;34,2;39,5;33,1;157560;134424;21753;112671;23136
2024-02-01;29,7;30,67;29,51;34,3;39,7;33,3;157796;134605;21768;112837;23191
2024-03-01;29,79;30,79;29,58;34,4;39,9;33,3;158106;134837;21801;113036;23269
2024-04-01;29,85;30,82;29,65;34,3;39,7;33,2;158271;134995;21801;113194;23276
2024-05-01;29,99;30,91;29,8;34,3;39,8;33,2;158543;135224;21826;113398;23319
