date;US Regular All Formulations Gas Price;US Regular Conventional Gas Price;US Diesel Sales Price
1990-01-14;;;
1990-08-20;1,191;1,191;
1990-08-27;1,245;1,245;
1990-09-03;1,242;1,242;
1990-09-10;1,252;1,252;
1990-09-17;1,266;1,266;
1990-09-24;1,272;1,272;
1990-10-01;1,321;1,321;
1990-10-08;1,333;1,333;
1990-10-15;1,339;1,339;
1990-10-22;1,345;1,345;
1990-10-29;1,339;1,339;
1990-11-05;1,334;1,334;
1990-11-12;1,328;1,328;
1990-11-19;1,323;1,323;
1990-11-26;1,311;1,311;
1990-12-03;1,341;1,341;
1990-12-10;;;
1990-12-17;;;
1990-12-24;;;
1990-12-31;;;
1991-01-07;;;
1991-01-14;;;
1991-01-21;1,192;1,192;
1991-01-28;1,168;1,168;
1991-02-04;1,139;1,139;
1991-02-11;1,106;1,106;
1991-02-18;1,078;1,078;
1991-02-25;1,054;1,054;
1991-03-04;1,025;1,025;
1991-03-11;1,045;1,045;
1991-03-18;1,043;1,043;
1991-03-25;1,047;1,047;
1991-04-01;1,052;1,052;
1991-04-08;1,066;1,066;
1991-04-15;1,069;1,069;
1991-04-22;1,09;1,09;
1991-04-29;1,104;1,104;
1991-05-06;1,113;1,113;
1991-05-13;1,121;1,121;
1991-05-20;1,129;1,129;
1991-05-27;1,14;1,14;
1991-06-03;1,138;1,138;
1991-06-10;1,135;1,135;
1991-06-17;1,126;1,126;
1991-06-24;1,114;1,114;
1991-07-01;1,104;1,104;
1991-07-08;1,098;1,098;
1991-07-15;1,094;1,094;
1991-07-22;1,091;1,091;
1991-07-29;1,091;1,091;
1991-08-05;1,099;1,099;
1991-08-12;1,112;1,112;
1991-08-19;1,124;1,124;
1991-08-26;1,124;1,124;
1991-09-02;1,127;1,127;
1991-09-09;1,12;1,12;
1991-09-16;1,11;1,11;
1991-09-23;1,097;1,097;
1991-09-30;1,092;1,092;
1991-10-07;1,089;1,089;
1991-10-14;1,084;1,084;
1991-10-21;1,088;1,088;
1991-10-28;1,091;1,091;
1991-11-04;1,091;1,091;
1991-11-11;1,102;1,102;
1991-11-18;1,104;1,104;
1991-11-25;1,099;1,099;
1991-12-02;1,099;1,099;
1991-12-09;1,091;1,091;
1991-12-16;1,075;1,075;
1991-12-23;1,063;1,063;
1991-12-30;1,053;1,053;
1992-01-06;1,042;1,042;
1992-01-13;1,026;1,026;
1992-01-20;1,014;1,014;
1992-01-27;1,006;1,006;
1992-02-03;0,995;0,995;
1992-02-10;1,004;1,004;
1992-02-17;1,011;1,011;
1992-02-24;1,014;1,014;
1992-03-02;1,012;1,012;
1992-03-09;1,013;1,013;
1992-03-16;1,01;1,01;
1992-03-23;1,015;1,015;
1992-03-30;1,013;1,013;
1992-04-06;1,026;1,026;
1992-04-13;1,051;1,051;
1992-04-20;1,058;1,058;
1992-04-27;1,072;1,072;
1992-05-04;1,089;1,089;
1992-05-11;1,102;1,102;
1992-05-18;1,118;1,118;
1992-05-25;1,12;1,12;
1992-06-01;1,128;1,128;
1992-06-08;1,143;1,143;
1992-06-15;1,151;1,151;
1992-06-22;1,153;1,153;
1992-06-29;1,149;1,149;
1992-07-06;1,147;1,147;
1992-07-13;1,139;1,139;
1992-07-20;1,132;1,132;
1992-07-27;1,128;1,128;
1992-08-03;1,126;1,126;
1992-08-10;1,123;1,123;
1992-08-17;1,116;1,116;
1992-08-24;1,123;1,123;
1992-08-31;1,121;1,121;
1992-09-07;1,121;1,121;
1992-09-14;1,124;1,124;
1992-09-21;1,123;1,123;
1992-09-28;1,118;1,118;
1992-10-05;1,115;1,115;
1992-10-12;1,115;1,115;
1992-10-19;1,113;1,113;
1992-10-26;1,113;1,113;
1992-11-02;1,12;1,12;
1992-11-09;1,12;1,12;
1992-11-16;1,112;1,112;
1992-11-23;1,106;1,106;
1992-11-30;1,098;1,098;
1992-12-07;1,089;1,089;
1992-12-14;1,078;1,078;
1992-12-21;1,074;1,074;
1992-12-28;1,069;1,069;
1993-01-04;1,065;1,065;
1993-01-11;1,066;1,066;
1993-01-18;1,061;1,061;
1993-01-25;1,055;1,055;
1993-02-01;1,055;1,055;
1993-02-08;1,062;1,062;
1993-02-15;1,053;1,053;
1993-02-22;1,047;1,047;
1993-03-01;1,042;1,042;
1993-03-08;1,048;1,048;
1993-03-15;1,058;1,058;
1993-03-22;1,056;1,056;
1993-03-29;1,057;1,057;
1993-04-05;1,068;1,068;
1993-04-12;1,079;1,079;
1993-04-19;1,079;1,079;
1993-04-26;1,086;1,086;
1993-05-03;1,086;1,086;
1993-05-10;1,097;1,097;
1993-05-17;1,106;1,106;
1993-05-24;1,106;1,106;
1993-05-31;1,107;1,107;
1993-06-07;1,104;1,104;
1993-06-14;1,101;1,101;
1993-06-21;1,095;1,095;
1993-06-28;1,089;1,089;
1993-07-05;1,086;1,086;
1993-07-12;1,081;1,081;
1993-07-19;1,075;1,075;
1993-07-26;1,069;1,069;
1993-08-02;1,062;1,062;
1993-08-09;1,06;1,06;
1993-08-16;1,059;1,059;
1993-08-23;1,065;1,065;
1993-08-30;1,062;1,062;
1993-09-06;1,055;1,055;
1993-09-13;1,051;1,051;
1993-09-20;1,045;1,045;
1993-09-27;1,047;1,047;
1993-10-04;1,092;1,092;
1993-10-11;1,09;1,09;
1993-10-18;1,093;1,093;
1993-10-25;1,092;1,092;
1993-11-01;1,084;1,084;
1993-11-08;1,075;1,075;
1993-11-15;1,064;1,064;
1993-11-22;1,058;1,058;
1993-11-29;1,051;1,051;
1993-12-06;1,036;1,036;
1993-12-13;1,018;1,018;
1993-12-20;1,003;1,003;
1993-12-27;0,999;0,999;
1994-01-03;0,992;0,992;
1994-01-10;0,995;0,995;
1994-01-17;1,001;1,001;
1994-01-24;0,999;0,999;
1994-01-31;1,005;1,005;
1994-02-07;1,007;1,007;
1994-02-14;1,016;1,016;
1994-02-21;1,009;1,009;
1994-02-28;1,004;1,004;
1994-03-07;1,007;1,007;
1994-03-14;1,005;1,005;
1994-03-21;1,007;1,007;1,106
1994-03-28;1,012;1,012;1,107
1994-04-04;1,011;1,011;1,109
1994-04-11;1,028;1,028;1,108
1994-04-18;1,033;1,033;1,105
1994-04-25;1,037;1,037;1,106
1994-05-02;1,04;1,04;1,104
1994-05-09;1,045;1,045;1,101
1994-05-16;1,046;1,046;1,099
1994-05-23;1,05;1,05;1,099
1994-05-30;1,056;1,056;1,098
1994-06-06;1,065;1,065;1,101
1994-06-13;1,073;1,073;1,098
1994-06-20;1,079;1,079;1,103
1994-06-27;1,095;1,095;1,108
1994-07-04;1,097;1,097;1,109
1994-07-11;1,103;1,103;1,11
1994-07-18;1,109;1,109;1,111
1994-07-25;1,114;1,114;1,111
1994-08-01;1,13;1,13;1,116
1994-08-08;1,157;1,157;1,127
1994-08-15;1,161;1,161;1,127
1994-08-22;1,165;1,165;1,124
1994-08-29;1,161;1,161;1,122
1994-09-05;1,156;1,156;1,126
1994-09-12;1,15;1,15;1,128
1994-09-19;1,14;1,14;1,126
1994-09-26;1,129;1,129;1,12
1994-10-03;1,12;1,12;1,118
1994-10-10;1,114;1,114;1,117
1994-10-17;1,106;1,106;1,119
1994-10-24;1,107;1,107;1,122
1994-10-31;1,121;1,121;1,133
1994-11-07;1,123;1,123;1,133
1994-11-14;1,122;1,122;1,135
1994-11-21;1,113;1,113;1,13
1994-11-28;1,105;1,082;1,126
1994-12-05;1,103;1,075;1,123
1994-12-12;1,095;1,064;1,114
1994-12-19;1,087;1,056;1,109
1994-12-26;1,077;1,044;1,106
1995-01-02;1,079;1,063;1,104
1995-01-09;1,086;1,07;1,102
1995-01-16;1,078;1,062;1,1
1995-01-23;1,083;1,068;1,095
1995-01-30;1,083;1,068;1,09
1995-02-06;1,076;1,062;1,086
1995-02-13;1,074;1,058;1,088
1995-02-20;1,067;1,052;1,088
1995-02-27;1,073;1,06;1,089
1995-03-06;1,076;1,063;1,089
1995-03-13;1,069;1,056;1,088
1995-03-20;1,068;1,055;1,085
1995-03-27;1,075;1,063;1,088
1995-04-03;1,087;1,077;1,094
1995-04-10;1,103;1,094;1,101
1995-04-17;1,117;1,11;1,106
1995-04-24;1,138;1,133;1,115
1995-05-01;1,148;1,141;1,119
1995-05-08;1,169;1,164;1,126
1995-05-15;1,179;1,173;1,126
1995-05-22;1,197;1,191;1,124
1995-05-29;1,199;1,193;1,13
1995-06-05;1,199;1,194;1,124
1995-06-12;1,196;1,19;1,122
1995-06-19;1,189;1,183;1,117
1995-06-26;1,182;1,177;1,112
1995-07-03;1,175;1,169;1,106
1995-07-10;1,165;1,159;1,103
1995-07-17;1,153;1,148;1,099
1995-07-24;1,144;1,138;1,098
1995-07-31;1,132;1,126;1,093
1995-08-07;1,127;1,124;1,099
1995-08-14;1,125;1,121;1,106
1995-08-21;1,124;1,122;1,106
1995-08-28;1,117;1,113;1,109
1995-09-04;1,113;1,111;1,115
1995-09-11;1,111;1,107;1,119
1995-09-18;1,11;1,106;1,122
1995-09-25;1,109;1,106;1,121
1995-10-02;1,105;1,1;1,117
1995-10-09;1,097;1,092;1,117
1995-10-16;1,087;1,081;1,117
1995-10-23;1,079;1,073;1,114
1995-10-30;1,068;1,062;1,11
1995-11-06;1,065;1,06;1,118
1995-11-13;1,063;1,059;1,118
1995-11-20;1,06;1,056;1,119
1995-11-27;1,061;1,057;1,124
1995-12-04;1,062;1,058;1,123
1995-12-11;1,063;1,057;1,124
1995-12-18;1,078;1,072;1,13
1995-12-25;1,082;1,075;1,141
1996-01-01;1,083;1,077;1,148
1996-01-08;1,093;1,086;1,146
1996-01-15;1,098;1,092;1,152
1996-01-22;1,091;1,084;1,144
1996-01-29;1,087;1,079;1,136
1996-02-05;1,083;1,076;1,13
1996-02-12;1,08;1,073;1,134
1996-02-19;1,087;1,078;1,151
1996-02-26;1,107;1,099;1,164
1996-03-04;1,124;1,115;1,175
1996-03-11;1,125;1,116;1,173
1996-03-18;1,135;1,128;1,172
1996-03-25;1,164;1,158;1,21
1996-04-01;1,178;1,172;1,222
1996-04-08;1,204;1,195;1,249
1996-04-15;1,242;1,234;1,305
1996-04-22;1,256;1,243;1,304
1996-04-29;1,273;1,257;1,285
1996-05-06;1,275;1,259;1,292
1996-05-13;1,277;1,262;1,285
1996-05-20;1,285;1,269;1,274
1996-05-27;1,275;1,26;1,254
1996-06-03;1,269;1,252;1,24
1996-06-10;1,262;1,247;1,215
1996-06-17;1,258;1,241;1,193
1996-06-24;1,245;1,23;1,179
1996-07-01;1,234;1,219;1,172
1996-07-08;1,231;1,217;1,173
1996-07-15;1,228;1,215;1,178
1996-07-22;1,227;1,215;1,184
1996-07-29;1,218;1,209;1,178
1996-08-05;1,207;1,199;1,184
1996-08-12;1,203;1,196;1,191
1996-08-19;1,205;1,199;1,206
1996-08-26;1,209;1,201;1,222
1996-09-02;1,197;1,193;1,231
1996-09-09;1,203;1,201;1,25
1996-09-16;1,206;1,203;1,276
1996-09-23;1,206;1,203;1,277
1996-09-30;1,2;1,199;1,289
1996-10-07;1,194;1,191;1,308
1996-10-14;1,203;1,203;1,326
1996-10-21;1,204;1,205;1,329
1996-10-28;1,215;1,217;1,329
1996-11-04;1,223;1,225;1,323
1996-11-11;1,226;1,229;1,316
1996-11-18;1,236;1,238;1,324
1996-11-25;1,244;1,246;1,327
1996-12-02;1,241;1,242;1,323
1996-12-09;1,241;1,241;1,32
1996-12-16;1,236;1,233;1,307
1996-12-23;1,231;1,227;1,3
1996-12-30;1,227;1,224;1,295
1997-01-06;1,225;1,22;1,291
1997-01-13;1,241;1,235;1,296
1997-01-20;1,241;1,236;1,293
1997-01-27;1,238;1,232;1,283
1997-02-03;1,236;1,23;1,288
1997-02-10;1,234;1,227;1,285
1997-02-17;1,227;1,22;1,278
1997-02-24;1,223;1,217;1,269
1997-03-03;1,215;1,208;1,252
1997-03-10;1,206;1,199;1,23
1997-03-17;1,2;1,191;1,22
1997-03-24;1,204;1,196;1,22
1997-03-31;1,2;1,191;1,225
1997-04-07;1,203;1,192;1,217
1997-04-14;1,199;1,187;1,216
1997-04-21;1,199;1,188;1,211
1997-04-28;1,195;1,185;1,205
1997-05-05;1,193;1,182;1,205
1997-05-12;1,193;1,182;1,191
1997-05-19;1,203;1,195;1,191
1997-05-26;1,212;1,204;1,196
1997-06-02;1,215;1,206;1,19
1997-06-09;1,207;1,198;1,187
1997-06-16;1,198;1,189;1,172
1997-06-23;1,187;1,179;1,162
1997-06-30;1,181;1,171;1,153
1997-07-07;1,177;1,169;1,159
1997-07-14;1,173;1,165;1,152
1997-07-21;1,177;1,17;1,147
1997-07-28;1,17;1,164;1,145
1997-08-04;1,193;1,185;1,155
1997-08-11;1,228;1,219;1,168
1997-08-18;1,229;1,218;1,167
1997-08-25;1,244;1,23;1,169
1997-09-01;1,243;1,229;1,165
1997-09-08;1,243;1,227;1,163
1997-09-15;1,236;1,219;1,156
1997-09-22;1,225;1,208;1,154
1997-09-29;1,21;1,195;1,16
1997-10-06;1,209;1,195;1,175
1997-10-13;1,203;1,187;1,185
1997-10-20;1,193;1,178;1,185
1997-10-27;1,182;1,168;1,185
1997-11-03;1,176;1,163;1,188
1997-11-10;1,177;1,164;1,19
1997-11-17;1,168;1,156;1,195
1997-11-24;1,162;1,15;1,193
1997-12-01;1,152;1,14;1,189
1997-12-08;1,141;1,128;1,174
1997-12-15;1,131;1,118;1,162
1997-12-22;1,121;1,108;1,155
1997-12-29;1,112;1,099;1,15
1998-01-05;1,102;1,089;1,147
1998-01-12;1,094;1,083;1,126
1998-01-19;1,083;1,072;1,109
1998-01-26;1,066;1,055;1,096
1998-02-02;1,061;1,051;1,091
1998-02-09;1,053;1,045;1,085
1998-02-16;1,038;1,032;1,082
1998-02-23;1,044;1,038;1,079
1998-03-02;1,028;1,025;1,074
1998-03-09;1,018;1,017;1,066
1998-03-16;1,008;1,006;1,057
1998-03-23;1,0;0,998;1,049
1998-03-30;1,03;1,026;1,068
1998-04-06;1,028;1,023;1,067
1998-04-13;1,025;1,018;1,065
1998-04-20;1,028;1,021;1,065
1998-04-27;1,04;1,032;1,07
1998-05-04;1,049;1,038;1,072
1998-05-11;1,063;1,052;1,075
1998-05-18;1,072;1,055;1,069
1998-05-25;1,07;1,052;1,06
1998-06-01;1,066;1,047;1,053
1998-06-08;1,075;1,06;1,045
1998-06-15;1,066;1,049;1,04
1998-06-22;1,058;1,041;1,033
1998-06-29;1,057;1,042;1,034
1998-07-06;1,058;1,041;1,036
1998-07-13;1,054;1,037;1,031
1998-07-20;1,059;1,044;1,027
1998-07-27;1,05;1,035;1,02
1998-08-03;1,039;1,023;1,016
1998-08-10;1,033;1,018;1,01
1998-08-17;1,026;1,011;1,007
1998-08-24;1,019;1,004;1,004
1998-08-31;1,013;0,998;1,0
1998-09-07;1,007;0,991;1,009
1998-09-14;1,002;0,987;1,019
1998-09-21;1,014;0,999;1,03
1998-09-28;1,014;0,999;1,039
1998-10-05;1,019;1,006;1,041
1998-10-12;1,022;1,01;1,041
1998-10-19;1,019;1,007;1,036
1998-10-26;1,015;1,001;1,036
1998-11-02;1,01;0,997;1,035
1998-11-09;1,008;0,994;1,034
1998-11-16;0,996;0,981;1,026
1998-11-23;0,989;0,971;1,012
1998-11-30;0,974;0,954;1,004
1998-12-07;0,954;0,933;0,986
1998-12-14;0,945;0,923;0,972
1998-12-21;0,944;0,921;0,968
1998-12-28;0,937;0,914;0,966
1999-01-04;0,935;0,913;0,965
1999-01-11;0,941;0,92;0,967
1999-01-18;0,944;0,921;0,97
1999-01-25;0,936;0,913;0,964
1999-02-01;0,929;0,908;0,962
1999-02-08;0,927;0,907;0,962
1999-02-15;0,919;0,899;0,959
1999-02-22;0,907;0,885;0,953
1999-03-01;0,913;0,891;0,956
1999-03-08;0,921;0,9;0,964
1999-03-15;0,977;0,958;1,0
1999-03-22;1,017;0,999;1,018
1999-03-29;1,082;1,055;1,046
1999-04-05;1,118;1,087;1,075
1999-04-12;1,14;1,107;1,084
1999-04-19;1,135;1,103;1,08
1999-04-26;1,131;1,099;1,078
1999-05-03;1,136;1,107;1,078
1999-05-10;1,14;1,109;1,083
1999-05-17;1,14;1,112;1,075
1999-05-24;1,126;1,101;1,066
1999-05-31;1,111;1,088;1,065
1999-06-07;1,112;1,092;1,059
1999-06-14;1,108;1,088;1,068
1999-06-21;1,124;1,105;1,082
1999-06-28;1,113;1,095;1,087
1999-07-05;1,125;1,11;1,102
1999-07-12;1,143;1,123;1,114
1999-07-19;1,169;1,148;1,133
1999-07-26;1,193;1,172;1,137
1999-08-02;1,195;1,172;1,146
1999-08-09;1,206;1,183;1,156
1999-08-16;1,236;1,214;1,178
1999-08-23;1,234;1,212;1,186
1999-08-30;1,233;1,214;1,194
1999-09-06;1,242;1,223;1,198
1999-09-13;1,25;1,234;1,209
1999-09-20;1,268;1,252;1,226
1999-09-27;1,262;1,248;1,226
1999-10-04;1,255;1,242;1,234
1999-10-11;1,249;1,234;1,228
1999-10-18;1,236;1,22;1,224
1999-10-25;1,237;1,225;1,226
1999-11-01;1,23;1,218;1,229
1999-11-08;1,233;1,222;1,234
1999-11-15;1,251;1,24;1,261
1999-11-22;1,269;1,258;1,289
1999-11-29;1,274;1,262;1,304
1999-12-06;1,273;1,26;1,294
1999-12-13;1,275;1,263;1,288
1999-12-20;1,269;1,257;1,287
1999-12-27;1,273;1,263;1,298
2000-01-03;1,272;1,26;1,309
2000-01-10;1,264;1,252;1,307
2000-01-17;1,277;1,268;1,307
2000-01-24;1,315;1,307;1,418
2000-01-31;1,316;1,307;1,439
2000-02-07;1,325;1,319;1,47
2000-02-14;1,356;1,35;1,456
2000-02-21;1,406;1,4;1,456
2000-02-28;1,421;1,413;1,461
2000-03-06;1,501;1,49;1,49
2000-03-13;1,527;1,511;1,496
2000-03-20;1,529;1,508;1,479
2000-03-27;1,508;1,484;1,451
2000-04-03;1,503;1,478;1,442
2000-04-10;1,475;1,447;1,419
2000-04-17;1,444;1,415;1,398
2000-04-24;1,437;1,406;1,428
2000-05-01;1,42;1,386;1,418
2000-05-08;1,455;1,427;1,402
2000-05-15;1,492;1,466;1,415
2000-05-22;1,527;1,494;1,432
2000-05-29;1,54;1,509;1,431
2000-06-05;1,563;1,535;1,419
2000-06-12;1,631;1,607;1,411
2000-06-19;1,681;1,664;1,423
2000-06-26;1,658;1,641;1,432
2000-07-03;1,625;1,606;1,453
2000-07-10;1,593;1,571;1,449
2000-07-17;1,546;1,521;1,435
2000-07-24;1,52;1,499;1,424
2000-07-31;1,471;1,447;1,408
2000-08-07;1,462;1,437;1,41
2000-08-14;1,447;1,42;1,447
2000-08-21;1,468;1,444;1,471
2000-08-28;1,481;1,456;1,536
2000-09-04;1,53;1,502;1,609
2000-09-11;1,561;1,535;1,629
2000-09-18;1,562;1,539;1,653
2000-09-25;1,548;1,525;1,657
2000-10-02;1,524;1,498;1,625
2000-10-09;1,502;1,473;1,614
2000-10-16;1,539;1,516;1,67
2000-10-23;1,551;1,532;1,648
2000-10-30;1,545;1,523;1,629
2000-11-06;1,526;1,502;1,61
2000-11-13;1,523;1,501;1,603
2000-11-20;1,51;1,487;1,627
2000-11-27;1,51;1,489;1,645
2000-12-04;1,486;1,464;1,622
2000-12-11;1,449;1,425;1,577
2000-12-18;1,422;1,396;1,545
2000-12-25;1,414;1,388;1,515
2001-01-01;1,406;1,377;1,522
2001-01-08;1,425;1,4;1,52
2001-01-15;1,474;1,458;1,509
2001-01-22;1,471;1,456;1,528
2001-01-29;1,46;1,446;1,539
2001-02-05;1,443;1,426;1,52
2001-02-12;1,476;1,46;1,518
2001-02-19;1,449;1,429;1,48
2001-02-26;1,431;1,41;1,451
2001-03-05;1,417;1,393;1,42
2001-03-12;1,412;1,387;1,406
2001-03-19;1,404;1,377;1,392
2001-03-26;1,404;1,379;1,379
2001-04-02;1,442;1,411;1,391
2001-04-09;1,5;1,469;1,397
2001-04-16;1,571;1,535;1,437
2001-04-23;1,619;1,586;1,443
2001-04-30;1,626;1,585;1,442
2001-05-07;1,703;1,659;1,47
2001-05-14;1,713;1,663;1,491
2001-05-21;1,687;1,637;1,494
2001-05-28;1,704;1,656;1,529
2001-06-04;1,679;1,63;1,514
2001-06-11;1,647;1,58;1,486
2001-06-18;1,601;1,526;1,48
2001-06-25;1,538;1,454;1,447
2001-07-02;1,474;1,384;1,407
2001-07-09;1,437;1,35;1,392
2001-07-16;1,413;1,33;1,38
2001-07-23;1,395;1,318;1,348
2001-07-30;1,384;1,319;1,347
2001-08-06;1,376;1,319;1,345
2001-08-13;1,392;1,347;1,367
2001-08-20;1,427;1,399;1,394
2001-08-27;1,488;1,48;1,452
2001-09-03;1,545;1,538;1,488
2001-09-10;1,527;1,511;1,492
2001-09-17;1,529;1,516;1,527
2001-09-24;1,485;1,46;1,473
2001-10-01;1,416;1,381;1,39
2001-10-08;1,352;1,31;1,371
2001-10-15;1,309;1,264;1,353
2001-10-22;1,265;1,221;1,318
2001-10-29;1,235;1,193;1,31
2001-11-05;1,206;1,17;1,291
2001-11-12;1,182;1,147;1,269
2001-11-19;1,167;1,14;1,252
2001-11-26;1,127;1,097;1,223
2001-12-03;1,108;1,084;1,194
2001-12-10;1,095;1,075;1,173
2001-12-17;1,059;1,042;1,143
2001-12-24;1,072;1,063;1,154
2001-12-31;1,096;1,096;1,169
2002-01-07;1,112;1,109;1,168
2002-01-14;1,111;1,099;1,159
2002-01-21;1,105;1,087;1,14
2002-01-28;1,101;1,081;1,144
2002-02-04;1,116;1,098;1,144
2002-02-11;1,107;1,085;1,153
2002-02-18;1,116;1,089;1,156
2002-02-25;1,116;1,087;1,154
2002-03-04;1,144;1,118;1,173
2002-03-11;1,223;1,194;1,216
2002-03-18;1,288;1,262;1,251
2002-03-25;1,342;1,308;1,281
2002-04-01;1,371;1,339;1,295
2002-04-08;1,413;1,382;1,323
2002-04-15;1,404;1,368;1,32
2002-04-22;1,404;1,367;1,304
2002-04-29;1,393;1,353;1,302
2002-05-06;1,395;1,356;1,305
2002-05-13;1,388;1,349;1,299
2002-05-20;1,397;1,36;1,309
2002-05-27;1,387;1,348;1,308
2002-06-03;1,392;1,353;1,3
2002-06-10;1,375;1,332;1,286
2002-06-17;1,378;1,335;1,275
2002-06-24;1,384;1,342;1,281
2002-07-01;1,392;1,357;1,289
2002-07-08;1,382;1,345;1,294
2002-07-15;1,394;1,361;1,3
2002-07-22;1,41;1,381;1,311
2002-07-29;1,407;1,376;1,303
2002-08-05;1,395;1,355;1,304
2002-08-12;1,393;1,355;1,303
2002-08-19;1,392;1,357;1,333
2002-08-26;1,403;1,365;1,37
2002-09-02;1,394;1,353;1,388
2002-09-09;1,395;1,355;1,396
2002-09-16;1,401;1,367;1,414
2002-09-23;1,395;1,357;1,417
2002-09-30;1,413;1,385;1,438
2002-10-07;1,439;1,416;1,46
2002-10-14;1,44;1,422;1,461
2002-10-21;1,458;1,443;1,469
2002-10-28;1,444;1,427;1,456
2002-11-04;1,448;1,427;1,442
2002-11-11;1,439;1,406;1,427
2002-11-18;1,409;1,37;1,405
2002-11-25;1,38;1,336;1,405
2002-12-02;1,364;1,316;1,407
2002-12-09;1,36;1,316;1,405
2002-12-16;1,363;1,322;1,401
2002-12-23;1,401;1,371;1,44
2002-12-30;1,441;1,417;1,491
2003-01-06;1,444;1,412;1,501
2003-01-13;1,454;1,423;1,478
2003-01-20;1,459;1,422;1,48
2003-01-27;1,473;1,437;1,492
2003-02-03;1,527;1,499;1,542
2003-02-10;1,607;1,582;1,662
2003-02-17;1,66;1,63;1,704
2003-02-24;1,658;1,617;1,709
2003-03-03;1,686;1,641;1,753
2003-03-10;1,712;1,663;1,771
2003-03-17;1,728;1,673;1,752
2003-03-24;1,69;1,626;1,662
2003-03-31;1,649;1,577;1,602
2003-04-07;1,63;1,557;1,554
2003-04-14;1,595;1,521;1,539
2003-04-21;1,574;1,504;1,529
2003-04-28;1,557;1,486;1,508
2003-05-05;1,513;1,441;1,484
2003-05-12;1,491;1,427;1,444
2003-05-19;1,498;1,444;1,443
2003-05-26;1,487;1,439;1,434
2003-06-02;1,473;1,428;1,423
2003-06-09;1,49;1,456;1,422
2003-06-16;1,518;1,48;1,432
2003-06-23;1,496;1,451;1,423
2003-06-30;1,487;1,443;1,42
2003-07-07;1,489;1,448;1,428
2003-07-14;1,521;1,489;1,435
2003-07-21;1,524;1,496;1,439
2003-07-28;1,516;1,488;1,438
2003-08-04;1,536;1,516;1,453
2003-08-11;1,571;1,55;1,492
2003-08-18;1,627;1,594;1,498
2003-08-25;1,747;1,693;1,503
2003-09-01;1,746;1,688;1,501
2003-09-08;1,717;1,653;1,488
2003-09-15;1,697;1,636;1,471
2003-09-22;1,643;1,58;1,444
2003-09-29;1,591;1,524;1,429
2003-10-06;1,573;1,511;1,445
2003-10-13;1,568;1,515;1,483
2003-10-20;1,571;1,527;1,502
2003-10-27;1,542;1,499;1,495
2003-11-03;1,535;1,494;1,481
2003-11-10;1,504;1,464;1,476
2003-11-17;1,497;1,459;1,481
2003-11-24;1,512;1,478;1,491
2003-12-01;1,49;1,454;1,476
2003-12-08;1,476;1,441;1,481
2003-12-15;1,465;1,433;1,486
2003-12-22;1,485;1,459;1,504
2003-12-29;1,478;1,454;1,502
2004-01-05;1,51;1,492;1,503
2004-01-12;1,56;1,544;1,551
2004-01-19;1,595;1,579;1,559
2004-01-26;1,622;1,604;1,591
2004-02-02;1,616;1,591;1,581
2004-02-09;1,638;1,609;1,568
2004-02-16;1,648;1,617;1,584
2004-02-23;1,688;1,641;1,595
2004-03-01;1,717;1,664;1,619
2004-03-08;1,738;1,69;1,628
2004-03-15;1,724;1,675;1,617
2004-03-22;1,743;1,698;1,641
2004-03-29;1,758;1,716;1,642
2004-04-05;1,78;1,737;1,648
2004-04-12;1,786;1,74;1,679
2004-04-19;1,813;1,773;1,724
2004-04-26;1,812;1,774;1,718
2004-05-03;1,844;1,811;1,717
2004-05-10;1,941;1,904;1,745
2004-05-17;2,017;1,979;1,763
2004-05-24;2,064;2,026;1,761
2004-05-31;2,051;2,004;1,746
2004-06-07;2,034;1,983;1,734
2004-06-14;1,985;1,926;1,711
2004-06-21;1,937;1,873;1,7
2004-06-28;1,921;1,859;1,7
2004-07-05;1,895;1,835;1,716
2004-07-12;1,917;1,869;1,74
2004-07-19;1,928;1,888;1,744
2004-07-26;1,905;1,861;1,754
2004-08-02;1,888;1,846;1,78
2004-08-09;1,877;1,839;1,814
2004-08-16;1,875;1,842;1,825
2004-08-23;1,884;1,854;1,874
2004-08-30;1,866;1,827;1,871
2004-09-06;1,85;1,815;1,869
2004-09-13;1,846;1,813;1,874
2004-09-20;1,866;1,839;1,912
2004-09-27;1,917;1,895;2,012
2004-10-04;1,938;1,902;2,053
2004-10-11;1,993;1,949;2,092
2004-10-18;2,035;1,984;2,18
2004-10-25;2,032;1,98;2,212
2004-11-01;2,034;1,986;2,206
2004-11-08;2,001;1,951;2,163
2004-11-15;1,969;1,918;2,132
2004-11-22;1,948;1,901;2,116
2004-11-29;1,945;1,903;2,116
2004-12-06;1,911;1,868;2,069
2004-12-13;1,847;1,799;1,997
2004-12-20;1,815;1,777;1,984
2004-12-27;1,791;1,754;1,987
2005-01-03;1,778;1,745;1,957
2005-01-10;1,793;1,771;1,934
2005-01-17;1,819;1,802;1,952
2005-01-24;1,853;1,839;1,959
2005-01-31;1,911;1,896;1,992
2005-02-07;1,909;1,89;1,983
2005-02-14;1,898;1,873;1,986
2005-02-21;1,905;1,878;2,02
2005-02-28;1,928;1,904;2,118
2005-03-07;1,999;1,979;2,168
2005-03-14;2,056;2,039;2,194
2005-03-21;2,109;2,095;2,244
2005-03-28;2,153;2,137;2,249
2005-04-04;2,217;2,196;2,303
2005-04-11;2,28;2,251;2,316
2005-04-18;2,237;2,198;2,259
2005-04-25;2,236;2,197;2,289
2005-05-02;2,235;2,191;2,262
2005-05-09;2,186;2,137;2,227
2005-05-16;2,163;2,116;2,189
2005-05-23;2,125;2,077;2,156
2005-05-30;2,097;2,051;2,16
2005-06-06;2,116;2,078;2,234
2005-06-13;2,13;2,099;2,276
2005-06-20;2,161;2,128;2,313
2005-06-27;2,215;2,186;2,336
2005-07-04;2,226;2,189;2,348
2005-07-11;2,328;2,292;2,408
2005-07-18;2,317;2,272;2,392
2005-07-25;2,289;2,235;2,342
2005-08-01;2,291;2,239;2,348
2005-08-08;2,368;2,323;2,407
2005-08-15;2,55;2,519;2,567
2005-08-22;2,612;2,583;2,588
2005-08-29;2,61;2,581;2,59
2005-09-05;3,069;3,037;2,898
2005-09-12;2,955;2,912;2,847
2005-09-19;2,786;2,73;2,732
2005-09-26;2,803;2,767;2,798
2005-10-03;2,928;2,922;3,144
2005-10-10;2,848;2,828;3,15
2005-10-17;2,725;2,693;3,148
2005-10-24;2,603;2,564;3,157
2005-10-31;2,48;2,438;2,876
2005-11-07;2,376;2,336;2,698
2005-11-14;2,296;2,258;2,602
2005-11-21;2,201;2,168;2,513
2005-11-28;2,154;2,124;2,479
2005-12-05;2,147;2,127;2,425
2005-12-12;2,185;2,175;2,436
2005-12-19;2,211;2,205;2,462
2005-12-26;2,197;2,188;2,448
2006-01-02;2,238;2,236;2,442
2006-01-09;2,327;2,321;2,485
2006-01-16;2,32;2,297;2,449
2006-01-23;2,336;2,314;2,472
2006-01-30;2,357;2,332;2,489
2006-02-06;2,342;2,31;2,499
2006-02-13;2,284;2,246;2,476
2006-02-20;2,24;2,205;2,455
2006-02-27;2,254;2,236;2,471
2006-03-06;2,331;2,321;2,545
2006-03-13;2,366;2,355;2,543
2006-03-20;2,504;2,495;2,581
2006-03-27;2,498;2,479;2,565
2006-04-03;2,588;2,567;2,617
2006-04-10;2,683;2,663;2,654
2006-04-17;2,783;2,764;2,765
2006-04-24;2,914;2,881;2,876
2006-05-01;2,919;2,866;2,896
2006-05-08;2,909;2,834;2,897
2006-05-15;2,947;2,871;2,92
2006-05-22;2,892;2,801;2,888
2006-05-29;2,867;2,784;2,882
2006-06-05;2,892;2,811;2,89
2006-06-12;2,906;2,833;2,918
2006-06-19;2,871;2,793;2,915
2006-06-26;2,869;2,796;2,867
2006-07-03;2,934;2,873;2,898
2006-07-10;2,973;2,91;2,918
2006-07-17;2,989;2,928;2,926
2006-07-24;3,003;2,95;2,946
2006-07-31;3,004;2,955;2,98
2006-08-07;3,038;3,004;3,055
2006-08-14;3,0;2,958;3,065
2006-08-21;2,924;2,877;3,033
2006-08-28;2,845;2,8;3,027
2006-09-04;2,727;2,68;2,967
2006-09-11;2,618;2,563;2,857
2006-09-18;2,497;2,441;2,713
2006-09-25;2,378;2,32;2,595
2006-10-02;2,31;2,263;2,546
2006-10-09;2,261;2,222;2,506
2006-10-16;2,226;2,195;2,503
2006-10-23;2,208;2,186;2,524
2006-10-30;2,218;2,204;2,517
2006-11-06;2,2;2,189;2,506
2006-11-13;2,232;2,216;2,552
2006-11-20;2,239;2,218;2,553
2006-11-27;2,246;2,221;2,567
2006-12-04;2,297;2,277;2,618
2006-12-11;2,293;2,267;2,621
2006-12-18;2,32;2,29;2,606
2006-12-25;2,341;2,303;2,596
2007-01-01;2,334;2,296;2,58
2007-01-08;2,306;2,258;2,537
2007-01-15;2,229;2,173;2,463
2007-01-22;2,165;2,107;2,43
2007-01-29;2,165;2,119;2,413
2007-02-05;2,191;2,151;2,435
2007-02-12;2,241;2,198;2,476
2007-02-19;2,296;2,251;2,491
2007-02-26;2,383;2,338;2,551
2007-03-05;2,505;2,46;2,626
2007-03-12;2,559;2,499;2,685
2007-03-19;2,577;2,511;2,681
2007-03-26;2,61;2,54;2,676
2007-04-02;2,707;2,636;2,79
2007-04-09;2,802;2,746;2,84
2007-04-16;2,876;2,822;2,877
2007-04-23;2,869;2,811;2,851
2007-04-30;2,971;2,922;2,811
2007-05-07;3,054;3,002;2,792
2007-05-14;3,103;3,069;2,773
2007-05-21;3,218;3,211;2,803
2007-05-28;3,209;3,195;2,817
2007-06-04;3,157;3,132;2,799
2007-06-11;3,076;3,04;2,792
2007-06-18;3,009;2,974;2,805
2007-06-25;2,982;2,951;2,835
2007-07-02;2,959;2,933;2,829
2007-07-09;2,981;2,971;2,849
2007-07-16;3,049;3,046;2,889
2007-07-23;2,958;2,938;2,889
2007-07-30;2,876;2,849;2,886
2007-08-06;2,838;2,816;2,898
2007-08-13;2,771;2,752;2,847
2007-08-20;2,785;2,783;2,868
2007-08-27;2,749;2,756;2,863
2007-09-03;2,796;2,818;2,893
2007-09-10;2,818;2,84;2,924
2007-09-17;2,787;2,792;2,964
2007-09-24;2,812;2,816;3,032
2007-10-01;2,788;2,784;3,048
2007-10-08;2,77;2,761;3,035
2007-10-15;2,762;2,746;3,039
2007-10-22;2,823;2,806;3,094
2007-10-29;2,872;2,859;3,157
2007-11-05;3,013;3,007;3,303
2007-11-12;3,111;3,101;3,425
2007-11-19;3,099;3,077;3,41
2007-11-26;3,097;3,072;3,444
2007-12-03;3,061;3,029;3,416
2007-12-10;3,0;2,957;3,325
2007-12-17;2,998;2,962;3,309
2007-12-24;2,98;2,943;3,308
2007-12-31;3,053;3,028;3,345
2008-01-07;3,109;3,088;3,376
2008-01-14;3,068;3,041;3,326
2008-01-21;3,017;2,991;3,27
2008-01-28;2,977;2,953;3,259
2008-02-04;2,978;2,966;3,28
2008-02-11;2,96;2,947;3,28
2008-02-18;3,042;3,035;3,396
2008-02-25;3,13;3,115;3,552
2008-03-03;3,162;3,137;3,658
2008-03-10;3,225;3,2;3,819
2008-03-17;3,284;3,257;3,974
2008-03-24;3,259;3,224;3,989
2008-03-31;3,29;3,259;3,964
2008-04-07;3,332;3,299;3,955
2008-04-14;3,389;3,35;4,059
2008-04-21;3,508;3,467;4,143
2008-04-28;3,603;3,566;4,177
2008-05-05;3,613;3,571;4,149
2008-05-12;3,722;3,694;4,331
2008-05-19;3,791;3,762;4,497
2008-05-26;3,937;3,913;4,723
2008-06-02;3,976;3,932;4,707
2008-06-09;4,039;3,979;4,692
2008-06-16;4,082;4,007;4,692
2008-06-23;4,079;4,002;4,648
2008-06-30;4,095;4,027;4,645
2008-07-07;4,114;4,051;4,727
2008-07-14;4,113;4,054;4,764
2008-07-21;4,064;4,005;4,718
2008-07-28;3,955;3,896;4,603
2008-08-04;3,88;3,828;4,502
2008-08-11;3,809;3,764;4,353
2008-08-18;3,74;3,706;4,207
2008-08-25;3,685;3,66;4,145
2008-09-01;3,68;3,667;4,121
2008-09-08;3,648;3,637;4,059
2008-09-15;3,835;3,867;4,023
2008-09-22;3,718;3,732;3,958
2008-09-29;3,632;3,644;3,959
2008-10-06;3,484;3,485;3,875
2008-10-13;3,151;3,109;3,659
2008-10-20;2,914;2,855;3,482
2008-10-27;2,656;2,589;3,288
2008-11-03;2,4;2,34;3,088
2008-11-10;2,224;2,17;2,944
2008-11-17;2,072;2,027;2,809
2008-11-24;1,892;1,857;2,664
2008-12-01;1,811;1,79;2,615
2008-12-08;1,699;1,681;2,515
2008-12-15;1,659;1,648;2,422
2008-12-22;1,653;1,635;2,366
2008-12-29;1,613;1,59;2,327
2009-01-05;1,684;1,672;2,291
2009-01-12;1,784;1,772;2,314
2009-01-19;1,847;1,832;2,296
2009-01-26;1,838;1,813;2,268
2009-02-02;1,892;1,871;2,246
2009-02-09;1,926;1,897;2,219
2009-02-16;1,964;1,931;2,186
2009-02-23;1,909;1,868;2,13
2009-03-02;1,934;1,91;2,087
2009-03-09;1,941;1,918;2,045
2009-03-16;1,91;1,885;2,017
2009-03-23;1,962;1,944;2,09
2009-03-30;2,046;2,03;2,221
2009-04-06;2,037;2,011;2,228
2009-04-13;2,051;2,025;2,229
2009-04-20;2,059;2,031;2,221
2009-04-27;2,049;2,016;2,201
2009-05-04;2,078;2,045;2,185
2009-05-11;2,24;2,218;2,216
2009-05-18;2,309;2,281;2,231
2009-05-25;2,435;2,414;2,274
2009-06-01;2,524;2,502;2,352
2009-06-08;2,624;2,6;2,498
2009-06-15;2,672;2,639;2,572
2009-06-22;2,691;2,65;2,616
2009-06-29;2,642;2,593;2,608
2009-07-06;2,612;2,563;2,594
2009-07-13;2,528;2,479;2,542
2009-07-20;2,463;2,411;2,496
2009-07-27;2,503;2,46;2,528
2009-08-03;2,557;2,511;2,55
2009-08-10;2,647;2,596;2,625
2009-08-17;2,637;2,58;2,652
2009-08-24;2,628;2,572;2,668
2009-08-31;2,613;2,553;2,674
2009-09-07;2,588;2,519;2,647
2009-09-14;2,577;2,499;2,634
2009-09-21;2,552;2,477;2,622
2009-09-28;2,499;2,425;2,601
2009-10-05;2,468;2,396;2,582
2009-10-12;2,489;2,432;2,6
2009-10-19;2,574;2,532;2,705
2009-10-26;2,674;2,641;2,801
2009-11-02;2,694;2,66;2,808
2009-11-09;2,666;2,627;2,801
2009-11-16;2,629;2,585;2,79
2009-11-23;2,639;2,603;2,787
2009-11-30;2,629;2,594;2,775
2009-12-07;2,634;2,601;2,772
2009-12-14;2,599;2,56;2,748
2009-12-21;2,589;2,546;2,726
2009-12-28;2,607;2,564;2,732
2010-01-04;2,665;2,627;2,797
2010-01-11;2,751;2,717;2,879
2010-01-18;2,739;2,703;2,87
2010-01-25;2,705;2,666;2,833
2010-02-01;2,661;2,618;2,781
2010-02-08;2,652;2,611;2,769
2010-02-15;2,608;2,563;2,756
2010-02-22;2,655;2,621;2,832
2010-03-01;2,702;2,671;2,861
2010-03-08;2,751;2,721;2,904
2010-03-15;2,788;2,76;2,924
2010-03-22;2,819;2,792;2,946
2010-03-29;2,798;2,765;2,939
2010-04-05;2,826;2,795;3,015
2010-04-12;2,858;2,829;3,069
2010-04-19;2,86;2,831;3,074
2010-04-26;2,849;2,815;3,078
2010-05-03;2,898;2,864;3,122
2010-05-10;2,905;2,87;3,127
2010-05-17;2,864;2,823;3,094
2010-05-24;2,786;2,741;3,021
2010-05-31;2,728;2,679;2,98
2010-06-07;2,725;2,674;2,946
2010-06-14;2,701;2,652;2,928
2010-06-21;2,743;2,696;2,961
2010-06-28;2,757;2,712;2,956
2010-07-05;2,726;2,676;2,924
2010-07-12;2,718;2,666;2,903
2010-07-19;2,722;2,672;2,899
2010-07-26;2,749;2,703;2,919
2010-08-02;2,735;2,687;2,928
2010-08-09;2,783;2,74;2,991
2010-08-16;2,745;2,696;2,979
2010-08-23;2,704;2,653;2,957
2010-08-30;2,682;2,64;2,938
2010-09-06;2,682;2,647;2,931
2010-09-13;2,721;2,695;2,943
2010-09-20;2,723;2,703;2,96
2010-09-27;2,694;2,668;2,951
2010-10-04;2,732;2,705;3,0
2010-10-11;2,819;2,793;3,066
2010-10-18;2,834;2,795;3,073
2010-10-25;2,817;2,772;3,067
2010-11-01;2,806;2,76;3,067
2010-11-08;2,865;2,832;3,116
2010-11-15;2,892;2,849;3,184
2010-11-22;2,876;2,828;3,171
2010-11-29;2,856;2,805;3,162
2010-12-06;2,958;2,917;3,197
2010-12-13;2,98;2,937;3,231
2010-12-20;2,982;2,934;3,248
2010-12-27;3,052;3,015;3,294
2011-01-03;3,07;3,034;3,331
2011-01-10;3,089;3,052;3,333
2011-01-17;3,104;3,068;3,407
2011-01-24;3,11;3,074;3,43
2011-01-31;3,101;3,061;3,438
2011-02-07;3,132;3,094;3,513
2011-02-14;3,14;3,095;3,534
2011-02-21;3,189;3,141;3,573
2011-02-28;3,383;3,341;3,716
2011-03-07;3,52;3,473;3,871
2011-03-14;3,567;3,517;3,908
2011-03-21;3,562;3,507;3,907
2011-03-28;3,596;3,538;3,932
2011-04-04;3,684;3,635;3,976
2011-04-11;3,791;3,743;4,078
2011-04-18;3,844;3,787;4,105
2011-04-25;3,879;3,817;4,098
2011-05-02;3,963;3,906;4,124
2011-05-09;3,965;3,907;4,104
2011-05-16;3,96;3,905;4,061
2011-05-23;3,849;3,788;3,997
2011-05-30;3,794;3,741;3,948
2011-06-06;3,781;3,738;3,94
2011-06-13;3,713;3,664;3,954
2011-06-20;3,652;3,597;3,95
2011-06-27;3,574;3,513;3,888
2011-07-04;3,579;3,534;3,85
2011-07-11;3,641;3,608;3,899
2011-07-18;3,682;3,648;3,923
2011-07-25;3,699;3,667;3,949
2011-08-01;3,711;3,684;3,937
2011-08-08;3,674;3,646;3,897
2011-08-15;3,604;3,576;3,835
2011-08-22;3,581;3,552;3,81
2011-08-29;3,627;3,601;3,82
2011-09-05;3,674;3,643;3,868
2011-09-12;3,661;3,629;3,862
2011-09-19;3,601;3,56;3,833
2011-09-26;3,509;3,461;3,786
2011-10-03;3,433;3,381;3,749
2011-10-10;3,417;3,368;3,721
2011-10-17;3,476;3,431;3,801
2011-10-24;3,462;3,415;3,825
2011-10-31;3,452;3,405;3,892
2011-11-07;3,424;3,37;3,887
2011-11-14;3,436;3,388;3,987
2011-11-21;3,368;3,312;4,01
2011-11-28;3,307;3,248;3,964
2011-12-05;3,29;3,24;3,931
2011-12-12;3,286;3,244;3,894
2011-12-19;3,229;3,183;3,828
2011-12-26;3,258;3,213;3,791
2012-01-02;3,299;3,254;3,783
2012-01-09;3,382;3,333;3,828
2012-01-16;3,391;3,342;3,854
2012-01-23;3,389;3,333;3,848
2012-01-30;3,439;3,386;3,85
2012-02-06;3,482;3,436;3,856
2012-02-13;3,523;3,466;3,943
2012-02-20;3,591;3,523;3,96
2012-02-27;3,721;3,641;4,051
2012-03-05;3,793;3,717;4,094
2012-03-12;3,829;3,747;4,123
2012-03-19;3,867;3,787;4,142
2012-03-26;3,918;3,843;4,147
2012-04-02;3,941;3,874;4,142
2012-04-09;3,939;3,877;4,148
2012-04-16;3,922;3,867;4,127
2012-04-23;3,87;3,805;4,085
2012-04-30;3,83;3,764;4,073
2012-05-07;3,79;3,718;4,057
2012-05-14;3,754;3,658;4,004
2012-05-21;3,715;3,622;3,956
2012-05-28;3,67;3,575;3,897
2012-06-04;3,613;3,518;3,846
2012-06-11;3,572;3,489;3,781
2012-06-18;3,533;3,473;3,729
2012-06-25;3,437;3,378;3,678
2012-07-02;3,356;3,291;3,648
2012-07-09;3,411;3,357;3,683
2012-07-16;3,427;3,364;3,695
2012-07-23;3,494;3,435;3,783
2012-07-30;3,508;3,45;3,796
2012-08-06;3,645;3,606;3,85
2012-08-13;3,721;3,662;3,965
2012-08-20;3,744;3,682;4,026
2012-08-27;3,776;3,722;4,089
2012-09-03;3,843;3,797;4,127
2012-09-10;3,847;3,799;4,132
2012-09-17;3,878;3,832;4,135
2012-09-24;3,826;3,775;4,086
2012-10-01;3,804;3,75;4,079
2012-10-08;3,85;3,742;4,094
2012-10-15;3,819;3,713;4,15
2012-10-22;3,687;3,582;4,116
2012-10-29;3,568;3,48;4,03
2012-11-05;3,492;3,406;4,01
2012-11-12;3,449;3,372;3,98
2012-11-19;3,429;3,36;3,976
2012-11-26;3,437;3,382;4,034
2012-12-03;3,394;3,337;4,027
2012-12-10;3,349;3,297;3,991
2012-12-17;3,254;3,198;3,945
2012-12-24;3,257;3,205;3,923
2012-12-31;3,298;3,245;3,918
2013-01-07;3,299;3,233;3,911
2013-01-14;3,303;3,236;3,894
2013-01-21;3,315;3,254;3,902
2013-01-28;3,357;3,296;3,927
2013-02-04;3,538;3,471;4,022
2013-02-11;3,611;3,537;4,104
2013-02-18;3,747;3,69;4,157
2013-02-25;3,784;3,722;4,159
2013-03-04;3,759;3,698;4,13
2013-03-11;3,71;3,644;4,088
2013-03-18;3,696;3,633;4,047
2013-03-25;3,68;3,616;4,006
2013-04-01;3,645;3,572;3,993
2013-04-08;3,608;3,539;3,977
2013-04-15;3,542;3,469;3,942
2013-04-22;3,536;3,472;3,887
2013-04-29;3,52;3,455;3,851
2013-05-06;3,538;3,478;3,845
2013-05-13;3,603;3,543;3,866
2013-05-20;3,673;3,636;3,89
2013-05-27;3,645;3,601;3,88
2013-06-03;3,646;3,61;3,869
2013-06-10;3,655;3,619;3,849
2013-06-17;3,626;3,577;3,841
2013-06-24;3,577;3,498;3,838
2013-07-01;3,496;3,41;3,817
2013-07-08;3,492;3,413;3,828
2013-07-15;3,639;3,57;3,867
2013-07-22;3,682;3,612;3,903
2013-07-29;3,646;3,57;3,915
2013-08-05;3,632;3,566;3,909
2013-08-12;3,561;3,493;3,896
2013-08-19;3,55;3,496;3,9
2013-08-26;3,552;3,504;3,913
2013-09-02;3,608;3,575;3,981
2013-09-09;3,587;3,54;3,981
2013-09-16;3,547;3,475;3,974
2013-09-23;3,495;3,425;3,949
2013-09-30;3,425;3,354;3,919
2013-10-07;3,367;3,298;3,897
2013-10-14;3,354;3,296;3,886
2013-10-21;3,36;3,31;3,886
2013-10-28;3,294;3,235;3,87
2013-11-04;3,265;3,209;3,857
2013-11-11;3,194;3,133;3,832
2013-11-18;3,219;3,161;3,822
2013-11-25;3,293;3,241;3,844
2013-12-02;3,272;3,209;3,883
2013-12-09;3,269;3,208;3,879
2013-12-16;3,239;3,165;3,871
2013-12-23;3,271;3,198;3,873
2013-12-30;3,331;3,264;3,903
2014-01-06;3,332;3,261;3,91
2014-01-13;3,327;3,267;3,886
2014-01-20;3,296;3,24;3,873
2014-01-27;3,295;3,241;3,904
2014-02-03;3,292;3,243;3,951
2014-02-10;3,309;3,257;3,977
2014-02-17;3,38;3,326;3,989
2014-02-24;3,444;3,394;4,017
2014-03-03;3,479;3,421;4,016
2014-03-10;3,512;3,452;4,021
2014-03-17;3,547;3,489;4,003
2014-03-24;3,549;3,487;3,988
2014-03-31;3,579;3,521;3,975
2014-04-07;3,596;3,533;3,959
2014-04-14;3,651;3,581;3,952
2014-04-21;3,683;3,612;3,971
2014-04-28;3,713;3,635;3,975
2014-05-05;3,684;3,606;3,964
2014-05-12;3,668;3,597;3,948
2014-05-19;3,665;3,593;3,934
2014-05-26;3,674;3,607;3,925
2014-06-02;3,69;3,624;3,918
2014-06-09;3,674;3,61;3,892
2014-06-16;3,686;3,621;3,882
2014-06-23;3,704;3,639;3,919
2014-06-30;3,704;3,635;3,92
2014-07-07;3,678;3,605;3,913
2014-07-14;3,635;3,56;3,894
2014-07-21;3,593;3,523;3,869
2014-07-28;3,539;3,468;3,858
2014-08-04;3,515;3,449;3,853
2014-08-11;3,505;3,447;3,843
2014-08-18;3,472;3,408;3,835
2014-08-25;3,454;3,397;3,821
2014-09-01;3,459;3,41;3,814
2014-09-08;3,457;3,406;3,814
2014-09-15;3,408;3,352;3,801
2014-09-22;3,353;3,296;3,778
2014-09-29;3,354;3,304;3,755
2014-10-06;3,299;3,246;3,733
2014-10-13;3,207;3,147;3,698
2014-10-20;3,12;3,07;3,656
2014-10-27;3,056;3,016;3,635
2014-11-03;2,993;2,956;3,623
2014-11-10;2,941;2,907;3,677
2014-11-17;2,894;2,856;3,661
2014-11-24;2,821;2,781;3,628
2014-12-01;2,778;2,738;3,605
2014-12-08;2,679;2,634;3,535
2014-12-15;2,554;2,499;3,419
2014-12-22;2,403;2,341;3,281
2014-12-29;2,299;2,229;3,213
2015-01-05;2,214;2,136;3,137
2015-01-12;2,139;2,066;3,053
2015-01-19;2,066;1,999;2,933
2015-01-26;2,044;1,982;2,866
2015-02-02;2,068;2,013;2,831
2015-02-09;2,191;2,133;2,835
2015-02-16;2,274;2,206;2,865
2015-02-23;2,332;2,256;2,9
2015-03-02;2,473;2,36;2,936
2015-03-09;2,487;2,367;2,944
2015-03-16;2,453;2,339;2,917
2015-03-23;2,457;2,347;2,864
2015-03-30;2,448;2,348;2,824
2015-04-06;2,413;2,315;2,784
2015-04-13;2,408;2,317;2,754
2015-04-20;2,485;2,393;2,78
2015-04-27;2,57;2,451;2,811
2015-05-04;2,664;2,517;2,854
2015-05-11;2,691;2,547;2,878
2015-05-18;2,744;2,604;2,904
2015-05-25;2,774;2,642;2,914
2015-06-01;2,78;2,656;2,909
2015-06-08;2,78;2,668;2,884
2015-06-15;2,835;2,744;2,87
2015-06-22;2,812;2,72;2,859
2015-06-29;2,801;2,713;2,843
2015-07-06;2,793;2,702;2,832
2015-07-13;2,834;2,694;2,814
2015-07-20;2,802;2,661;2,782
2015-07-27;2,745;2,605;2,723
2015-08-03;2,689;2,555;2,668
2015-08-10;2,629;2,505;2,617
2015-08-17;2,716;2,608;2,615
2015-08-24;2,637;2,534;2,561
2015-08-31;2,51;2,406;2,514
2015-09-07;2,437;2,337;2,534
2015-09-14;2,375;2,28;2,517
2015-09-21;2,327;2,237;2,493
2015-09-28;2,322;2,246;2,476
2015-10-05;2,318;2,252;2,492
2015-10-12;2,337;2,283;2,556
2015-10-19;2,277;2,22;2,531
2015-10-26;2,228;2,166;2,498
2015-11-02;2,224;2,17;2,485
2015-11-09;2,235;2,172;2,502
2015-11-16;2,178;2,11;2,482
2015-11-23;2,094;2,015;2,445
2015-11-30;2,059;1,974;2,421
2015-12-07;2,053;1,969;2,379
2015-12-14;2,037;1,953;2,338
2015-12-21;2,026;1,929;2,284
2015-12-28;2,034;1,933;2,237
2016-01-04;2,028;1,922;2,211
2016-01-11;1,996;1,888;2,177
2016-01-18;1,914;1,81;2,112
2016-01-25;1,856;1,752;2,071
2016-02-01;1,822;1,729;2,031
2016-02-08;1,759;1,663;2,008
2016-02-15;1,724;1,638;1,98
2016-02-22;1,73;1,661;1,983
2016-02-29;1,783;1,715;1,989
2016-03-07;1,841;1,782;2,021
2016-03-14;1,961;1,888;2,099
2016-03-21;2,007;1,935;2,119
2016-03-28;2,066;1,976;2,121
2016-04-04;2,083;1,994;2,115
2016-04-11;2,069;1,981;2,128
2016-04-18;2,137;2,053;2,165
2016-04-25;2,162;2,08;2,198
2016-05-02;2,24;2,168;2,266
2016-05-09;2,22;2,143;2,271
2016-05-16;2,242;2,17;2,297
2016-05-23;2,3;2,235;2,357
2016-05-30;2,339;2,281;2,382
2016-06-06;2,381;2,328;2,407
2016-06-13;2,399;2,343;2,431
2016-06-20;2,353;2,29;2,426
2016-06-27;2,329;2,25;2,426
2016-07-04;2,291;2,205;2,423
2016-07-11;2,253;2,171;2,414
2016-07-18;2,23;2,148;2,402
2016-07-25;2,182;2,105;2,379
2016-08-01;2,159;2,091;2,348
2016-08-08;2,15;2,087;2,316
2016-08-15;2,149;2,096;2,31
2016-08-22;2,193;2,136;2,37
2016-08-29;2,237;2,187;2,409
2016-09-05;2,223;2,17;2,407
2016-09-12;2,202;2,138;2,399
2016-09-19;2,225;2,17;2,389
2016-09-26;2,224;2,166;2,382
2016-10-03;2,245;2,184;2,389
2016-10-10;2,272;2,216;2,445
2016-10-17;2,257;2,198;2,481
2016-10-24;2,243;2,175;2,478
2016-10-31;2,23;2,159;2,479
2016-11-07;2,233;2,157;2,47
2016-11-14;2,184;2,105;2,443
2016-11-21;2,155;2,078;2,421
2016-11-28;2,154;2,079;2,42
2016-12-05;2,208;2,137;2,48
2016-12-12;2,236;2,174;2,493
2016-12-19;2,264;2,203;2,527
2016-12-26;2,309;2,254;2,54
2017-01-02;2,377;2,319;2,586
2017-01-09;2,388;2,328;2,597
2017-01-16;2,358;2,298;2,585
2017-01-23;2,326;2,258;2,569
2017-01-30;2,296;2,224;2,562
2017-02-06;2,293;2,221;2,558
2017-02-13;2,307;2,228;2,565
2017-02-20;2,302;2,224;2,572
2017-02-27;2,314;2,233;2,577
2017-03-06;2,341;2,264;2,579
2017-03-13;2,323;2,242;2,564
2017-03-20;2,321;2,238;2,539
2017-03-27;2,315;2,228;2,532
2017-04-03;2,36;2,281;2,556
2017-04-10;2,424;2,351;2,582
2017-04-17;2,436;2,356;2,597
2017-04-24;2,449;2,372;2,595
2017-05-01;2,411;2,331;2,583
2017-05-08;2,372;2,288;2,565
2017-05-15;2,369;2,283;2,544
2017-05-22;2,399;2,306;2,539
2017-05-29;2,406;2,308;2,571
2017-06-05;2,414;2,325;2,564
2017-06-12;2,366;2,276;2,524
2017-06-19;2,318;2,224;2,489
2017-06-26;2,288;2,201;2,465
2017-07-03;2,26;2,163;2,472
2017-07-10;2,297;2,21;2,481
2017-07-17;2,278;2,188;2,491
2017-07-24;2,312;2,224;2,507
2017-07-31;2,352;2,269;2,531
2017-08-07;2,378;2,29;2,581
2017-08-14;2,384;2,301;2,598
2017-08-21;2,36;2,273;2,596
2017-08-28;2,399;2,322;2,605
2017-09-04;2,679;2,604;2,758
2017-09-11;2,685;2,61;2,802
2017-09-18;2,634;2,559;2,791
2017-09-25;2,583;2,508;2,788
2017-10-02;2,565;2,493;2,792
2017-10-09;2,504;2,426;2,776
2017-10-16;2,489;2,413;2,787
2017-10-23;2,479;2,406;2,797
2017-10-30;2,488;2,41;2,819
2017-11-06;2,561;2,468;2,882
2017-11-13;2,592;2,504;2,915
2017-11-20;2,568;2,48;2,912
2017-11-27;2,533;2,444;2,926
2017-12-04;2,5;2,41;2,922
2017-12-11;2,485;2,401;2,91
2017-12-18;2,45;2,358;2,901
2017-12-25;2,472;2,384;2,903
2018-01-01;2,52;2,436;2,973
2018-01-08;2,522;2,429;2,996
2018-01-15;2,557;2,473;3,028
2018-01-22;2,567;2,482;3,025
2018-01-29;2,607;2,516;3,07
2018-02-05;2,637;2,544;3,086
2018-02-12;2,607;2,511;3,063
2018-02-19;2,557;2,455;3,027
2018-02-26;2,548;2,442;3,007
2018-03-05;2,56;2,462;2,992
2018-03-12;2,559;2,455;2,976
2018-03-19;2,598;2,494;2,972
2018-03-26;2,648;2,541;3,01
2018-04-02;2,7;2,592;3,042
2018-04-09;2,694;2,587;3,043
2018-04-16;2,747;2,644;3,104
2018-04-23;2,798;2,696;3,133
2018-04-30;2,846;2,741;3,157
2018-05-07;2,845;2,733;3,171
2018-05-14;2,873;2,786;3,239
2018-05-21;2,923;2,834;3,277
2018-05-28;2,962;2,877;3,288
2018-06-04;2,94;2,849;3,285
2018-06-11;2,911;2,822;3,266
2018-06-18;2,879;2,79;3,244
2018-06-25;2,833;2,745;3,216
2018-07-02;2,844;2,762;3,236
2018-07-09;2,857;2,774;3,243
2018-07-16;2,865;2,79;3,239
2018-07-23;2,831;2,754;3,22
2018-07-30;2,846;2,772;3,226
2018-08-06;2,852;2,781;3,223
2018-08-13;2,843;2,774;3,217
2018-08-20;2,821;2,755;3,207
2018-08-27;2,827;2,761;3,226
2018-09-03;2,824;2,759;3,252
2018-09-10;2,833;2,765;3,258
2018-09-17;2,841;2,771;3,268
2018-09-24;2,844;2,779;3,271
2018-10-01;2,866;2,796;3,313
2018-10-08;2,903;2,829;3,385
2018-10-15;2,879;2,806;3,394
2018-10-22;2,841;2,763;3,38
2018-10-29;2,811;2,732;3,355
2018-11-05;2,753;2,67;3,338
2018-11-12;2,686;2,604;3,317
2018-11-19;2,611;2,525;3,282
2018-11-26;2,539;2,445;3,261
2018-12-03;2,451;2,35;3,207
2018-12-10;2,421;2,325;3,161
2018-12-17;2,369;2,268;3,121
2018-12-24;2,321;2,216;3,077
2018-12-31;2,266;2,156;3,048
2019-01-07;2,237;2,128;3,013
2019-01-14;2,247;2,143;2,976
2019-01-21;2,251;2,147;2,965
2019-01-28;2,256;2,162;2,965
2019-02-04;2,254;2,162;2,966
2019-02-11;2,276;2,187;2,966
2019-02-18;2,317;2,23;3,006
2019-02-25;2,39;2,311;3,048
2019-03-04;2,422;2,352;3,076
2019-03-11;2,471;2,399;3,079
2019-03-18;2,548;2,477;3,07
2019-03-25;2,623;2,544;3,08
2019-04-01;2,691;2,611;3,078
2019-04-08;2,745;2,65;3,093
2019-04-15;2,828;2,725;3,118
2019-04-22;2,841;2,723;3,147
2019-04-29;2,887;2,761;3,169
2019-05-06;2,897;2,771;3,171
2019-05-13;2,866;2,735;3,16
2019-05-20;2,852;2,723;3,163
2019-05-27;2,822;2,696;3,151
2019-06-03;2,807;2,691;3,136
2019-06-10;2,732;2,62;3,105
2019-06-17;2,67;2,553;3,07
2019-06-24;2,654;2,541;3,043
2019-07-01;2,713;2,608;3,042
2019-07-08;2,743;2,644;3,055
2019-07-15;2,779;2,682;3,051
2019-07-22;2,75;2,653;3,044
2019-07-29;2,715;2,615;3,034
2019-08-05;2,688;2,588;3,032
2019-08-12;2,624;2,524;3,011
2019-08-19;2,598;2,501;2,994
2019-08-26;2,574;2,471;2,983
2019-09-02;2,563;2,461;2,976
2019-09-09;2,55;2,45;2,971
2019-09-16;2,552;2,454;2,987
2019-09-23;2,654;2,561;3,081
2019-09-30;2,642;2,518;3,066
2019-10-07;2,645;2,513;3,047
2019-10-14;2,629;2,495;3,051
2019-10-21;2,638;2,512;3,05
2019-10-28;2,596;2,469;3,064
2019-11-04;2,605;2,485;3,062
2019-11-11;2,615;2,493;3,073
2019-11-18;2,592;2,473;3,074
2019-11-25;2,579;2,469;3,066
2019-12-02;2,575;2,485;3,07
2019-12-09;2,561;2,478;3,049
2019-12-16;2,536;2,448;3,046
2019-12-23;2,532;2,447;3,041
2019-12-30;2,571;2,488;3,069
2020-01-06;2,578;2,494;3,079
2020-01-13;2,57;2,482;3,064
2020-01-20;2,537;2,448;3,037
2020-01-27;2,506;2,412;3,01
2020-02-03;2,455;2,358;2,956
2020-02-10;2,419;2,324;2,91
2020-02-17;2,428;2,337;2,89
2020-02-24;2,466;2,373;2,882
2020-03-02;2,423;2,324;2,851
2020-03-09;2,375;2,272;2,814
2020-03-16;2,248;2,139;2,733
2020-03-23;2,12;2,007;2,659
2020-03-30;2,005;1,886;2,586
2020-04-06;1,924;1,8;2,548
2020-04-13;1,853;1,735;2,507
2020-04-20;1,812;1,694;2,48
2020-04-27;1,773;1,655;2,437
2020-05-04;1,789;1,68;2,399
2020-05-11;1,851;1,75;2,394
2020-05-18;1,878;1,776;2,386
2020-05-25;1,96;1,87;2,39
2020-06-01;1,974;1,883;2,386
2020-06-08;2,036;1,947;2,396
2020-06-15;2,098;2,017;2,403
2020-06-22;2,129;2,048;2,425
2020-06-29;2,174;2,094;2,43
2020-07-06;2,177;2,1;2,437
2020-07-13;2,195;2,113;2,438
2020-07-20;2,186;2,099;2,433
2020-07-27;2,175;2,085;2,427
2020-08-03;2,176;2,085;2,424
2020-08-10;2,166;2,078;2,428
2020-08-17;2,166;2,077;2,427
2020-08-24;2,182;2,09;2,426
2020-08-31;2,222;2,135;2,441
2020-09-07;2,211;2,122;2,435
2020-09-14;2,183;2,091;2,422
2020-09-21;2,168;2,078;2,404
2020-09-28;2,169;2,088;2,394
2020-10-05;2,172;2,091;2,387
2020-10-12;2,167;2,084;2,395
2020-10-19;2,15;2,064;2,388
2020-10-26;2,143;2,053;2,385
2020-11-02;2,112;2,021;2,372
2020-11-09;2,096;2,004;2,383
2020-11-16;2,111;2,018;2,441
2020-11-23;2,102;2,009;2,462
2020-11-30;2,12;2,022;2,502
2020-12-07;2,156;2,063;2,526
2020-12-14;2,158;2,063;2,559
2020-12-21;2,224;2,137;2,619
2020-12-28;2,243;2,158;2,635
2021-01-04;2,249;2,16;2,64
2021-01-11;2,317;2,232;2,67
2021-01-18;2,379;2,285;2,696
2021-01-25;2,392;2,298;2,716
2021-02-01;2,409;2,316;2,738
2021-02-08;2,461;2,372;2,801
2021-02-15;2,501;2,409;2,876
2021-02-22;2,633;2,549;2,973
2021-03-01;2,711;2,625;3,072
2021-03-08;2,771;2,684;3,143
2021-03-15;2,853;2,766;3,191
2021-03-22;2,865;2,78;3,194
2021-03-29;2,852;2,771;3,161
2021-04-05;2,857;2,777;3,144
2021-04-12;2,849;2,763;3,129
2021-04-19;2,855;2,767;3,124
2021-04-26;2,872;2,776;3,124
2021-05-03;2,89;2,79;3,142
2021-05-10;2,961;2,86;3,186
2021-05-17;3,028;2,928;3,249
2021-05-24;3,02;2,92;3,253
2021-05-31;3,027;2,927;3,255
2021-06-07;3,035;2,935;3,274
2021-06-14;3,069;2,97;3,286
2021-06-21;3,06;2,961;3,287
2021-06-28;3,091;2,99;3,3
2021-07-05;3,122;3,032;3,331
2021-07-12;3,133;3,039;3,338
2021-07-19;3,153;3,061;3,344
2021-07-26;3,136;3,044;3,342
2021-08-02;3,159;3,059;3,367
2021-08-09;3,172;3,081;3,364
2021-08-16;3,174;3,079;3,356
2021-08-23;3,145;3,048;3,324
2021-08-30;3,139;3,041;3,339
2021-09-06;3,176;3,08;3,373
2021-09-13;3,165;3,068;3,372
2021-09-20;3,184;3,094;3,385
2021-09-27;3,175;3,08;3,406
2021-10-04;3,19;3,093;3,477
2021-10-11;3,267;3,173;3,586
2021-10-18;3,322;3,225;3,671
2021-10-25;3,383;3,279;3,713
2021-11-01;3,39;3,28;3,727
2021-11-08;3,41;3,294;3,73
2021-11-15;3,399;3,277;3,734
2021-11-22;3,395;3,271;3,724
2021-11-29;3,38;3,253;3,72
2021-12-06;3,341;3,204;3,674
2021-12-13;3,315;3,178;3,649
2021-12-20;3,295;3,154;3,626
2021-12-27;3,275;3,136;3,615
2022-01-03;3,281;3,141;3,613
2022-01-10;3,295;3,164;3,657
2022-01-17;3,306;3,182;3,725
2022-01-24;3,323;3,199;3,78
2022-01-31;3,368;3,249;3,846
2022-02-07;3,444;3,33;3,951
2022-02-14;3,487;3,372;4,019
2022-02-21;3,53;3,41;4,055
2022-02-28;3,608;3,486;4,104
2022-03-07;4,102;3,963;4,849
2022-03-14;4,315;4,18;5,25
2022-03-21;4,239;4,091;5,134
2022-03-28;4,231;4,078;5,185
2022-04-04;4,17;4,021;5,144
2022-04-11;4,091;3,943;5,073
2022-04-18;4,066;3,915;5,101
2022-04-25;4,107;3,959;5,16
2022-05-02;4,182;4,031;5,509
2022-05-09;4,328;4,161;5,623
2022-05-16;4,491;4,32;5,613
2022-05-23;4,593;4,41;5,571
2022-05-30;4,624;4,439;5,539
2022-06-06;4,876;4,702;5,703
2022-06-13;5,006;4,844;5,718
2022-06-20;4,962;4,798;5,81
2022-06-27;4,872;4,71;5,783
2022-07-04;4,771;4,619;5,675
2022-07-11;4,646;4,501;5,568
2022-07-18;4,49;4,35;5,432
2022-07-25;4,33;4,183;5,268
2022-08-01;4,192;4,034;5,138
2022-08-08;4,038;3,879;4,993
2022-08-15;3,938;3,78;4,911
2022-08-22;3,88;3,724;4,909
2022-08-29;3,827;3,691;5,115
2022-09-05;3,746;3,617;5,084
2022-09-12;3,69;3,551;5,033
2022-09-19;3,654;3,513;4,964
2022-09-26;3,711;3,569;4,889
2022-10-03;3,782;3,592;4,836
2022-10-10;3,912;3,723;5,224
2022-10-17;3,871;3,692;5,339
2022-10-24;3,769;3,609;5,341
2022-10-31;3,742;3,57;5,317
2022-11-07;3,796;3,628;5,333
2022-11-14;3,762;3,606;5,313
2022-11-21;3,648;3,498;5,233
2022-11-28;3,534;3,389;5,141
2022-12-05;3,39;3,26;4,967
2022-12-12;3,239;3,109;4,754
2022-12-19;3,12;2,994;4,596
2022-12-26;3,091;2,971;4,537
2023-01-02;3,223;3,123;4,583
2023-01-09;3,259;3,167;4,549
2023-01-16;3,31;3,225;4,524
2023-01-23;3,415;3,34;4,604
2023-01-30;3,489;3,417;4,622
2023-02-06;3,444;3,362;4,539
2023-02-13;3,39;3,311;4,444
2023-02-20;3,379;3,293;4,376
2023-02-27;3,342;3,25;4,294
2023-03-06;3,389;3,288;4,282
2023-03-13;3,456;3,35;4,247
2023-03-20;3,422;3,321;4,185
2023-03-27;3,421;3,304;4,128
2023-04-03;3,497;3,384;4,105
2023-04-10;3,596;3,493;4,098
2023-04-17;3,663;3,553;4,116
2023-04-24;3,656;3,542;4,077
2023-05-01;3,6;3,48;4,018
2023-05-08;3,533;3,407;3,922
2023-05-15;3,536;3,415;3,897
2023-05-22;3,534;3,416;3,883
2023-05-29;3,571;3,443;3,855
2023-06-05;3,541;3,414;3,797
2023-06-12;3,595;3,475;3,794
2023-06-19;3,577;3,449;3,815
2023-06-26;3,571;3,445;3,801
2023-07-03;3,527;3,397;3,767
2023-07-10;3,546;3,42;3,806
2023-07-17;3,559;3,438;3,806
2023-07-24;3,596;3,479;3,905
2023-07-31;3,757;3,65;4,127
2023-08-07;3,828;3,731;4,239
2023-08-14;3,85;3,746;4,378
2023-08-21;3,868;3,746;4,389
2023-08-28;3,813;3,684;4,475
2023-09-04;3,807;3,68;4,492
2023-09-11;3,822;3,692;4,54
2023-09-18;3,878;3,724;4,633
2023-09-25;3,837;3,663;4,586
2023-10-02;3,798;3,598;4,593
2023-10-09;3,684;3,506;4,498
2023-10-16;3,576;3,404;4,444
2023-10-23;3,533;3,369;4,545
2023-10-30;3,473;3,32;4,454
2023-11-06;3,396;3,245;4,366
2023-11-13;3,349;3,212;4,294
2023-11-20;3,289;3,144;4,209
2023-11-27;3,238;3,088;4,146
2023-12-04;3,231;3,104;4,092
2023-12-11;3,136;3,014;3,987
2023-12-18;3,053;2,931;3,894
2023-12-25;3,116;3,005;3,914
2024-01-01;3,089;2,966;3,876
2024-01-08;3,073;2,945;3,828
2024-01-15;3,058;2,944;3,863
2024-01-22;3,062;2,95;3,838
2024-01-29;3,095;2,979;3,867
2024-02-05;3,136;3,021;3,899
2024-02-12;3,192;3,083;4,109
2024-02-19;3,269;3,159;4,109
2024-02-26;3,249;3,145;4,058
2024-03-04;3,35;3,243;4,022
2024-03-11;3,376;3,27;4,004
2024-03-18;3,453;3,348;4,028
2024-03-25;3,523;3,409;4,034
2024-04-01;3,517;3,401;3,996
2024-04-08;3,591;3,448;4,061
2024-04-15;3,628;3,479;4,015
2024-04-22;3,668;3,506;3,992
2024-04-29;3,653;3,498;3,947
2024-05-06;3,643;3,487;3,894
2024-05-13;3,608;3,463;3,848
2024-05-20;3,584;3,451;3,789
2024-05-27;3,577;3,434;3,758
2024-06-03;3,516;3,376;3,726
2024-06-10;3,429;3,297;3,658
2024-06-17;3,435;3,31;3,735
2024-06-24;3,438;3,322;3,769
