date;Real gross domestic product per capita;Gross Domestic Product;Personal Consumption Expenditures;Personal consumption expenditures: Goods;Personal Consumption Expenditures: Services;Gross Private Domestic Investment;Fixed Private Investment;Change in Private Inventories;Net Exports of Goods and Services;Exports of Goods and Services;Imports of Goods and Services;Government Consumption Expenditures and Gross Investment;Real Gross Domestic Product;Real Personal Consumption Expenditures;Real personal consumption expenditures: Goods;Real Personal Consumption Expenditures: Services;Real Gross Private Domestic Investment;Real Private Fixed Investment;Change in Real Private Inventories;Real Net Exports of Goods and Services;Real Exports of Goods and Services;Real imports of goods and services;Real Government Consumption Expenditures and Gross Investment;Nominal Growth Quarterly;Nominal Growth Quarterly Annualized;Real Growth Quarterly;Real Growth Quarterly Annualized;Nominal Growth Annual;Real Growth Annual
1970-01-01;25973.0;1051.2;631.685;314.095;317.59;168.113;166.289;1.823;3.514;57.031;53.517;247.889;5300.652;3248.853;;;600.116;;4.328;-58.811;186.842;245.653;1693.165;;;;;;
1970-04-01;25929.0;1067.375;641.57;317.554;324.016;171.455;166.374;5.081;5.207;60.411;55.204;249.143;5308.164;3263.571;;;601.421;;20.148;-56.426;194.082;250.508;1673.464;0.015387176560121674;6.298392610509818;0.0014171841501762206;0.5680798455384162;;
1970-07-01;26079.0;1086.059;653.482;321.727;331.755;173.904;168.821;5.083;4.088;60.519;56.431;254.584;5357.077;3292.183;;;611.208;;20.25;-55.074;194.859;249.933;1680.531;0.017504625834406706;7.187852328394584;0.009214673849564647;3.737129357264579;;
1970-10-01;25710.0;1088.608;660.161;321.8;338.361;166.754;170.738;-3.984;2.985;60.873;57.888;258.708;5299.672;3283.245;;;578.757;;-16.829;-58.546;195.263;253.809;1681.319;0.0023470179796860613;0.9421174623601702;-0.010715731732062195;-4.217887412101417;;
1971-01-01;26328.0;1135.156;679.186;333.88;345.307;189.495;177.241;12.254;4.57;63.221;58.651;261.905;5443.619;3346.268;;;646.232;;47.696;-53.771;197.046;250.817;1656.742;0.04275919339192802;18.23229229923975;0.02716149225838893;11.315314647486963;7.98668188736682;2.697158764619889
1971-04-01;26394.0;1156.271;693.225;339.82;353.404;197.329;186.455;10.875;-0.401;62.894;63.296;266.118;5473.059;3377.022;;;664.569;;40.589;-74.149;195.588;269.738;1652.914;0.018600967620309383;7.650570961424186;0.005408166883097643;2.18087907201443;8.328469375805136;3.1064413232145816
1971-07-01;26529.0;1177.675;705.599;343.866;361.732;202.058;191.87;10.188;0.236;65.717;65.482;269.783;5518.072;3403.947;;;672.632;;38.579;-70.335;205.365;275.701;1652.012;0.018511231363581793;7.612640964889605;0.008224468254407702;3.3305954135376403;8.435637474575497;3.005276944871249
1971-10-01;26510.0;1190.297;721.739;350.896;370.843;198.411;198.706;-0.295;-1.92;60.019;61.939;272.067;5531.032;3460.427;;;654.519;;-2.228;-70.606;186.407;257.013;1640.336;0.010717727726240245;4.356506679383232;0.00234864641128274;0.9427734337199567;9.34119536141569;4.365553188952087
1972-01-01;26932.0;1230.609;738.948;357.744;381.204;212.968;209.741;3.227;-3.534;68.639;72.173;282.228;5632.649;3506.098;;;697.648;;13.935;-86.979;207.596;294.575;1649.269;0.033867177687585404;14.25073213510788;0.018372159119672382;7.55387728710657;8.408800200148692;3.4725060662768703
1972-04-01;27478.0;1266.369;757.364;368.368;388.996;226.798;214.8;11.998;-4.258;67.152;71.409;286.464;5760.47;3572.842;;;737.276;;45.638;-82.571;201.538;284.109;1655.872;0.029058783090323503;12.140047308479707;0.022692875057543915;9.3908309179904;9.521816252418326;5.251377703035898
1972-07-01;27666.0;1290.566;775.799;377.675;398.123;233.09;219.375;13.715;-2.638;71.453;74.09;284.316;5814.854;3627.904;;;747.745;;48.838;-76.334;213.689;290.022;1624.317;0.01910738497231068;7.86481299702515;0.009440896315751957;3.830174223484084;9.58592141295349;5.378364037294192
1972-10-01;28055.0;1328.904;800.502;391.473;409.029;239.715;232.224;7.491;-3.061;76.129;79.19;291.749;5912.22;3713.038;;;752.434;;19.615;-80.362;222.725;303.087;1637.754;0.029706345897846376;12.422582373717272;0.016744358499800605;6.8678532558319905;11.644740766380156;6.891806086097496
1973-01-01;28687.0;1377.49;825.007;407.267;417.739;254.313;243.763;10.55;-1.4;83.959;85.36;299.571;6058.544;3780.829;;;796.53;;32.168;-78.075;239.018;317.093;1651.865;0.036560955494151504;15.446131417644725;0.024749417308557398;10.273388577877117;11.935635120497267;7.561184799549903
1973-04-01;28935.0;1413.887;840.527;412.681;427.847;268.196;249.99;18.206;2.454;91.923;89.468;302.709;6124.506;3779.125;;;830.483;;62.868;-57.42;250.533;307.953;1640.23;0.026422696353512576;10.995401509605983;0.010887434340660196;4.426613099414389;11.648895385152347;6.319553786409782
1973-07-01;28711.0;1433.838;858.877;420.716;438.16;264.335;254.574;9.761;6.437;97.576;91.139;304.189;6092.301;3792.426;;;800.37;;29.975;-48.068;251.377;299.446;1620.936;0.014110745766811705;5.764894012979882;-0.005258383288382795;-2.086821040983311;11.101485704721803;4.7713493752379765
1973-10-01;28913.0;1476.289;873.887;425.877;448.011;280.858;255.865;24.993;8.952;107.62;98.669;312.593;6150.131;3781.115;;;828.879;;69.558;-37.936;263.743;301.679;1633.097;0.02960655248361399;12.37900722220946;0.009492308406954919;3.8513286436639538;11.09071836641322;4.024055261813664
1974-01-01;28606.0;1491.209;891.868;435.505;456.362;268.361;255.842;12.519;6.394;116.709;110.315;324.586;6097.258;3747.286;;;781.544;;33.922;-24.282;267.163;291.445;1662.599;0.010106422252011749;4.104266713560256;-0.008597052648146919;-3.3947290853653556;8.255522726117803;0.6389984128199799
1974-04-01;28613.0;1530.056;920.422;448.6;471.822;277.391;259.975;17.416;-2.714;126.668;129.382;334.957;6111.751;3760.779;;;778.425;;44.484;-26.695;280.191;306.886;1670.929;0.02605067431862329;10.834569949003292;0.0023769701068907523;0.954183410021936;8.216286025686648;-0.20826169490241186
1974-07-01;28270.0;1560.026;949.276;463.992;485.284;271.013;265.434;5.578;-6.972;126.638;133.61;346.71;6053.978;3776.934;;;738.08;;14.232;-36.429;265.095;301.525;1674.253;0.019587518365340895;8.068230656027687;-0.009452773845007756;-3.727833640344591;8.800715283037563;-0.6290398324048763
1974-10-01;28088.0;1599.679;959.079;458.056;501.022;281.339;260.893;20.446;0.033;136.585;136.552;359.228;6030.464;3721.726;;;742.56;;52.492;-26.516;272.02;298.537;1682.266;0.025418166107487927;10.561526986018022;-0.0038840577220465855;-1.544594961236645;8.358119582276924;-1.9457634317057715
1975-01-01;27690.0;1616.116;985.19;467.993;517.197;244.306;254.335;-10.028;16.481;141.369;124.888;370.138;5957.035;3752.942;;;622.949;;-21.151;5.33;273.917;268.587;1700.574;0.01027518645928338;4.173857311921192;-0.012176343312886084;-4.782299247183031;8.376223587706356;-2.2997714710448536
1975-04-01;27821.0;1651.853;1013.582;481.541;532.041;243.281;257.235;-13.954;21.582;136.827;115.245;373.408;5999.61;3814.672;;;604.403;;-37.094;18.839;265.932;247.093;1686.211;0.022112892886401836;9.142894189017925;0.007147011894339972;2.88959891317635;7.960296878022777;-1.8348424207727088
1975-07-01;28214.0;1709.82;1047.192;502.752;544.44;265.192;266.579;-1.388;12.043;134.098;122.055;385.394;6102.326;3868.889;;;651.26;;-5.93;-6.181;261.446;267.626;1717.716;0.035092105653468986;14.793153189190477;0.01712044616233399;7.026060129716782;9.602019453521926;0.7986153897486803
1975-10-01;28520.0;1761.831;1076.223;513.051;563.172;276.236;275.888;0.348;13.801;142.531;128.73;395.571;6184.53;3910.492;;;669.438;;0.387;-5.667;276.228;281.895;1732.769;0.030418991472786594;12.734130095391837;0.013470928953975836;5.498232236551881;10.136533642061929;2.5547951202428143
1976-01-01;29099.0;1820.487;1109.908;530.733;579.174;304.638;289.945;14.693;4.65;143.588;138.938;401.291;6323.649;3988.677;;;734.031;;39.195;-25.208;274.321;299.528;1735.49;0.033292637034993744;13.996978096733304;0.02249467623247048;9.306055389505241;12.645812553059322;6.154303273356643
1976-04-01;29250.0;1852.332;1129.54;538.969;590.571;322.303;299.855;22.448;-0.496;146.621;147.116;400.985;6370.025;4025.375;;;763.083;;58.961;-35.42;277.087;312.507;1716.171;0.017492572042535848;7.182773247389163;0.007333740376798126;2.9659244631544457;12.136612640471034;6.173984642335095
1976-07-01;29335.0;1886.558;1158.806;550.453;608.353;328.307;307.501;20.807;-4.073;151.775;155.848;403.517;6404.895;4067.757;;;765.742;;53.269;-40.162;285.137;325.3;1711.14;0.018477249218822545;7.598279904478522;0.005474075847426096;2.207675345975524;10.336643623305374;4.95825690072933
1976-10-01;29469.0;1934.273;1192.408;565.063;627.345;337.65;327.132;10.518;-6.603;156.076;162.68;410.818;6451.177;4120.536;;;771.471;;19.461;-48.12;288.03;336.15;1710.087;0.02529209279545075;10.507163652399697;0.007226035711748402;2.921894837303962;9.787658407645239;4.311515992322779
1977-01-01;29749.0;1988.648;1228.212;580.398;647.814;360.313;345.491;14.822;-21.079;155.354;176.433;421.202;6527.703;4169.104;;;807.213;;33.147;-68.484;283.395;351.879;1724.629;0.028111336920900065;11.72763153835179;0.011862331478426524;4.83003119905514;9.237143687375958;3.2268394403294653
1977-04-01;30254.0;2055.909;1255.98;592.927;663.054;389.703;370.233;19.469;-21.136;161.906;183.042;431.362;6654.466;4191.711;;;865.083;;49.461;-64.183;291.032;355.215;1740.413;0.03382247637590985;14.230973982498508;0.019419235219494402;7.996901576106796;10.990308432829533;4.465304296293993
1977-07-01;30713.0;2118.473;1286.905;603.902;683.003;414.134;383.251;30.884;-20.579;162.325;182.904;438.014;6774.457;4231.345;;;908.859;;86.816;-57.024;293.29;350.314;1747.409;0.030431308000499868;12.739520205411491;0.01803164972215643;7.410099822573013;12.293022530979702;5.769993106834703
1977-10-01;30626.0;2164.27;1324.804;624.31;700.494;422.299;398.179;24.121;-29.582;157.809;187.391;446.749;6774.592;4294.965;;;886.06;;45.665;-71.408;283.887;355.295;1743.244;0.02161792951810093;8.931635698388707;1.992779642701059e-05;0.007971356844205246;11.890617301694228;5.013271221670101
1978-01-01;30653.0;2202.76;1354.053;629.241;724.811;434.799;409.346;25.453;-38.681;164.601;203.282;452.589;6796.26;4319.094;;;903.329;;54.392;-88.511;290.59;379.1;1743.682;0.01778428754268191;7.305743482542826;0.00319842139570925;1.28551959621519;10.76671185649749;4.1141118093148465
1978-04-01;31757.0;2331.633;1411.385;660.999;750.386;470.584;446.328;24.257;-22.624;186.215;208.84;472.288;7058.92;4411.431;;;962.001;;53.511;-59.396;320.884;380.28;1787.41;0.05850523888212944;25.537087104384494;0.03864772683799611;16.378592328367315;13.41129398236982;6.077933225596155
1978-07-01;31982.0;2395.053;1442.217;672.36;769.856;492.368;467.401;24.966;-23.76;191.302;215.062;484.229;7129.915;4429.955;;;990.029;;54.536;-60.832;324.405;385.238;1803.917;0.02719982089805728;11.33193054842856;0.010057487547670219;4.084094813964612;13.055630163801935;5.247033083241948
1978-10-01;32318.0;2476.949;1481.354;691.665;789.689;515.755;487.269;28.487;-16.4;205.415;221.815;496.241;7225.75;4465.702;;;1012.924;;64.839;-53.244;337.281;390.525;1820.148;0.034193815335193056;14.395185041396651;0.013441254208500286;5.485876694408098;14.447319419480941;6.659559719611163
1979-01-01;32294.0;2526.61;1517.141;707.868;809.273;525.809;501.957;23.852;-18.159;211.669;229.828;501.818;7238.727;4488.83;;;1014.607;;49.046;-51.926;337.545;389.471;1802.151;0.02004926221734893;8.264128498592594;0.0017959381379095696;0.7203128095243594;14.702010205378691;6.510448393675339
1979-04-01;32244.0;2591.247;1557.635;722.167;835.468;539.293;511.892;27.401;-22.189;220.908;243.097;516.508;7246.454;4485.916;;;1013.693;;55.49;-53.155;338.425;391.58;1819.707;0.025582499871368958;10.632418493845531;0.0010674528822540719;0.42766531295106436;11.134428102535864;2.6566953584967523
1979-07-01;32386.0;2667.565;1611.867;753.278;858.589;545.621;533.49;12.131;-23.029;234.277;257.306;533.106;7300.281;4529.568;;;996.622;;20.445;-34.999;350.604;385.603;1825.02;0.0294522289847321;12.3116462568031;0.007428046876444716;3.0044885228652785;11.378119816137676;2.389453450707335
1979-10-01;32366.0;2723.883;1655.035;768.437;886.599;547.875;539.323;8.553;-26.802;253.664;280.466;547.775;7318.535;4540.839;;;978.943;;14.701;-21.349;372.664;394.013;1837.039;0.02111213784856214;8.716072485790406;0.002500451694941619;1.0039382904812877;9.969280756285247;1.284088156938723
1980-01-01;32377.0;2789.842;1702.302;792.001;910.301;554.562;544.663;9.899;-35.803;268.508;304.311;568.781;7341.557;4534.348;;;972.248;;16.25;-11.215;383.064;394.279;1864.003;0.02421506356917691;10.043560980747612;0.0031457115392630186;1.2642343775070453;10.418386692049818;1.420553641544986
1980-04-01;31621.0;2797.352;1704.723;777.831;926.892;519.294;511.544;7.75;-15.211;277.389;292.6;588.547;7190.289;4432.231;;;889.579;;13.872;24.639;390.286;365.647;1867.666;0.0026919087174110956;1.0811191183705215;-0.020604348641575676;-7.990496864847274;7.953892469533019;-0.775068743967744
1980-07-01;31489.0;2856.483;1763.771;801.862;961.909;495.071;528.927;-33.855;5.471;284.673;279.202;592.169;7181.743;4480.849;;;830.866;;-59.914;50.121;389.455;339.334;1842.245;0.021138204988146114;8.727174206944998;-0.0011885474978821087;-0.47457208345880186;7.082039238031701;-1.623745716089553
1980-10-01;31990.0;2985.557;1831.874;827.48;1004.394;551.472;560.59;-9.118;-6.682;292.517;299.2;608.893;7315.677;4541.39;;;908.306;;-16.997;29.566;387.096;357.53;1841.838;0.04518633578424924;19.336938848884767;0.018649233201466497;7.6709761518592545;9.606653442897507;-0.039051531488198954
1981-01-01;32550.0;3124.206;1885.734;860.091;1025.643;619.381;580.626;38.755;-14.259;305.467;319.726;633.35;7459.022;4556.603;;;992.376;;69.238;21.585;394.376;372.79;1866.472;0.04643991054265606;19.910490649583878;0.019594222106853687;8.071072858844008;11.98505148320228;1.6000011986558205
1981-04-01;32236.0;3162.532;1917.524;863.784;1053.74;609.843;598.129;11.713;-13.508;308.455;321.963;648.673;7403.745;4556.934;;;951.246;;17.351;23.167;396.508;373.341;1870.062;0.012267436910370133;4.998009484555488;-0.007410757067079277;-2.9315137305306105;13.054488673574172;2.9686706612209957
1981-07-01;32533.0;3260.609;1958.099;881.052;1077.047;652.297;608.337;43.96;-7.561;302.339;309.9;657.774;7492.405;4578.013;;;1004.861;;71.443;18.994;388.061;369.067;1863.621;0.03101217631948061;12.993946520365697;0.01197502074963408;4.876737921978669;14.147677406096925;4.325718700878034
1981-10-01;32095.0;3280.818;1974.447;872.546;1101.901;643.395;618.589;24.807;-14.75;304.695;319.445;677.727;7410.768;4546.699;;;969.475;;36.32;10.209;389.842;379.634;1887.304;0.006197921921947902;2.502312693409392;-0.010895967316235544;-4.287669691611439;9.889645382754386;1.2998250196119887
1982-01-01;31529.0;3274.302;2014.155;886.293;1127.862;588.318;609.784;-21.466;-16.276;293.202;309.478;688.104;7295.631;4580.19;;;877.772;;-34.131;4.131;372.923;368.793;1885.192;-0.0019860900543705595;-0.7920724216653796;-0.015536446424985861;-6.071244125228514;4.804292674682786;-2.190515056799669
1982-04-01;31603.0;3331.972;2039.645;887.947;1151.697;593.621;597.786;-4.166;-4.386;294.729;299.115;703.093;7328.912;4594.142;;;877.104;;-6.705;12.394;375.148;362.754;1892.356;0.017612914141700964;7.2334896410015;0.0045617712847594305;1.8372323833022897;5.357732348637101;-1.0107452377141501
1982-07-01;31402.0;3366.322;2085.671;901.826;1183.846;592.954;587.157;5.798;-29.647;279.634;309.282;717.344;7300.896;4624.939;;;869.067;;7.453;-21.068;358.512;379.579;1907.531;0.01030921028147902;4.18789139649951;-0.003822668357868153;-1.5203219897144793;3.2421244006871186;-2.5560417516138023
1982-10-01;31337.0;3402.561;2145.554;921.096;1224.459;549.242;589.062;-39.82;-29.587;265.274;294.861;737.351;7303.817;4705.953;;;801.889;;-65.093;-22.598;342.083;364.681;1936.943;0.010765161502672704;4.376098189633493;0.0004000878796246443;0.16013121965614552;3.710751404070578;-1.4431837563933958
1983-01-01;31686.0;3473.413;2184.589;925.911;1258.678;565.52;600.58;-35.06;-24.548;270.703;295.251;747.852;7400.066;4752.481;;;829.672;;-60.654;-25.438;347.601;373.039;1955.554;0.020823138806328467;8.593047780642094;0.013177904101375981;5.3762743250762135;6.081021237503448;1.4314731652409485
1983-04-01;32340.0;3578.848;2249.438;962.632;1286.806;613.783;621.454;-7.672;-45.434;272.514;317.949;761.061;7568.456;4849.254;;;903.148;;-9.54;-53.082;348.641;401.723;1971.659;0.03035486997946979;12.70607158283854;0.022755202453599743;9.417500386870458;7.409305960554291;3.268479687025838
1983-07-01;32906.0;3689.179;2319.895;990.798;1329.097;652.269;656.472;-4.204;-65.2;278.181;343.381;782.216;7719.746;4936.211;;;959.692;;-3.299;-79.135;353.882;433.017;2005.68;0.030828635359758216;12.913507198403895;0.019989546084432597;8.238778556686622;9.590793750568128;5.736967079109201
1983-10-01;33513.0;3794.706;2372.496;1015.792;1356.704;718.496;694.564;23.932;-71.385;286.587;357.972;775.099;7880.794;5014.874;;;1053.054;;34.462;-93.255;361.003;454.259;1973.58;0.028604467281202695;11.94214503716804;0.020861826282885465;8.609510690478949;11.524995437260355;7.899663970222681
1984-01-01;34103.0;3908.054;2418.165;1037.895;1380.27;790.872;717.89;72.982;-95.004;292.975;387.978;794.021;8034.847;5056.492;;;1154.826;;109.746;-122.238;368.538;490.776;1994.498;0.029870034727327965;12.494085125870535;0.019547903421914148;8.051436149363212;12.513369415039332;8.578045114732769
1984-04-01;34622.0;4009.601;2475.876;1063.643;1412.233;818.894;749.573;69.321;-104.301;302.2;406.501;819.132;8173.67;5127.332;;;1192.381;;103.174;-133.637;377.698;511.335;2037.823;0.025984031950428532;10.805777770125435;0.0172776158649941;7.092227921145411;12.03607976644998;7.996531921438144
1984-07-01;34871.0;4084.25;2513.523;1066.641;1446.882;838.852;767.514;71.338;-103.847;305.744;409.591;835.72;8252.465;5165.357;;;1218.184;;107.716;-138.53;386.042;524.572;2054.317;0.01861756319394381;7.6575867279309096;0.009640100468944812;3.9121583211773503;10.708913826084343;6.900732226163919
1984-10-01;35072.0;4148.551;2561.797;1086.621;1475.175;831.741;783.762;47.979;-107.756;308.603;416.359;862.769;8320.199;5232.266;;;1202.383;;67.827;-146.051;393.897;539.948;2097.444;0.01574364938483197;6.447744299178759;0.008207729448110435;3.3237334981508493;9.324701307558492;5.575643773964911
1985-01-01;35346.0;4230.168;2636.008;1110.392;1525.616;809.865;793.636;16.23;-91.298;306.01;397.308;875.592;8400.82;5321.159;;;1169.416;;20.964;-133.099;394.941;528.04;2120.284;0.01967361616140173;8.104738027625347;0.0096897922754009;3.932616954215429;8.242311902547916;4.5548222635726665
1985-04-01;35582.0;4294.887;2681.764;1126.011;1555.754;827.04;805.394;21.646;-114.445;304.126;418.571;900.527;8474.787;5370.011;;;1189.334;;30.728;-159.891;394.094;553.985;2167.338;0.015299392364558573;6.261637728917724;0.00880473572817908;3.5686819441234086;7.115072048316029;3.683987731337335
1985-07-01;36033.0;4386.773;2754.148;1156.936;1597.213;822.157;805.854;16.303;-116.895;297.273;414.168;927.363;8604.22;5472.014;;;1181.226;;25.833;-160.28;388.346;548.626;2216.743;0.02139427649668102;8.836277582148977;0.015272714228687922;6.250469591918373;7.407063720389306;4.262423409248006
1985-10-01;36210.0;4444.094;2779.4;1157.097;1622.303;859.545;826.426;33.119;-133.434;305.433;438.867;938.584;8668.188;5483.866;;;1224.763;;47.518;-170.164;399.932;570.096;2225.878;0.013066780524089161;5.330051989614737;0.007434491447220193;3.0071242489136063;7.124005466004868;4.182460058948112
1986-01-01;36476.0;4507.894;2823.648;1170.877;1652.771;863.457;833.06;30.397;-126.014;313.404;439.418;946.803;8749.127;5531.807;;;1224.404;;42.151;-157.069;412.459;569.527;2243.464;0.014356131981006826;5.867299666389614;0.009337476298391323;3.7876300057981815;6.565365725427474;4.146107165729074
1986-04-01;36563.0;4545.34;2851.456;1174.742;1676.713;855.237;839.574;15.663;-128.872;315.119;443.99;967.519;8788.524;5592.08;;;1203.028;;20.508;-176.86;416.899;593.759;2290.227;0.008306761427841813;3.3643356927288925;0.004502963552820649;1.81338799275923;5.831422340098835;3.702004545954951
1986-07-01;36822.0;4607.669;2917.201;1216.749;1700.452;835.832;842.851;-7.019;-138.961;320.471;459.432;993.597;8872.601;5690.971;;;1170.667;;-11.777;-183.776;426.441;610.217;2340.115;0.013712725560684147;5.598948475531573;0.009566680366350555;3.8819360303853134;5.035501039146539;3.1191787285773875
1986-10-01;36931.0;4657.627;2952.807;1220.14;1732.668;842.063;854.822;-12.759;-133.629;334.999;468.628;996.385;8920.193;5725.812;;;1174.171;;-9.977;-172.58;442.373;614.953;2330.449;0.010842358685053233;4.407988738037671;0.005363928796076722;2.1628963722985617;4.804871364107077;2.9072396676214085
1987-01-01;37132.0;4722.156;2983.513;1215.879;1767.634;871.196;843.222;27.973;-141.234;336.451;477.685;1008.681;8986.367;5731.226;;;1205.858;;45.442;-168.581;442.767;611.348;2344.118;0.0138544799744591;5.658027371567043;0.007418449354178902;3.000563384000321;4.753039889580357;2.7115848244058993
1987-04-01;37454.0;4806.16;3053.33;1251.382;1801.948;874.588;858.064;16.524;-146.977;355.36;502.337;1025.219;9083.256;5809.376;;;1206.486;;25.481;-165.635;461.008;626.643;2362.291;0.017789331822159138;7.307870786688753;0.010781776439800383;4.382961287554754;5.738184602251972;3.353600672877488
1987-07-01;37685.0;4884.555;3117.358;1281.197;1836.16;876.466;875.449;1.017;-145.464;371.854;517.318;1036.195;9162.024;5875.641;;;1206.662;;-2.196;-157.839;481.019;638.858;2364.769;0.016311358756262884;6.685922758819185;0.00867178025148685;3.5140933760950066;6.009242417369842;3.2619859723208355
1987-10-01;38238.0;5007.994;3150.916;1276.73;1874.186;946.459;883.376;63.082;-145.405;392.107;537.511;1056.024;9319.332;5888.065;;;1288.881;;95.725;-154.584;498.964;653.548;2400.223;0.025271288786798296;10.498194805245742;0.017169568645530875;7.046737195980368;7.522435781139181;4.474555651430423
1988-01-01;38359.0;5073.372;3231.896;1308.826;1923.07;908.569;891.613;16.956;-123.987;418.727;542.714;1056.893;9367.502;5992.101;;;1227.008;;21.045;-123.797;526.673;650.47;2380.198;0.013054728100712731;5.325039645903806;0.005168825405082789;2.0836155247515586;7.437619595794809;4.241257896544837
1988-04-01;38782.0;5190.036;3291.716;1326.763;1964.954;934.525;914.877;19.648;-106.627;439.471;546.098;1070.421;9490.594;6036.355;;;1256.243;;29.197;-101.546;541.432;642.978;2387.303;0.022995356934204736;9.520306452687555;0.013140322788294911;5.360640512271253;7.9871664696972156;4.484493225777175
1988-07-01;38908.0;5282.835;3361.899;1341.166;2020.733;942.009;923.828;18.181;-99.263;453.586;552.849;1078.19;9546.206;6090.001;;;1263.222;;24.293;-106.047;552.101;658.148;2387.578;0.017880222796142542;7.346207299583085;0.0058596964531409945;2.3645608041811927;8.153864579270786;4.193200105129624
1988-10-01;39328.0;5399.509;3434.539;1372.483;2062.056;962.748;943.605;19.144;-107.694;466.619;574.314;1109.916;9673.405;6159.246;;;1282.499;;33.371;-109.244;568.953;678.197;2433.9;0.022085490082503156;9.13119019399482;0.01332456056364184;5.437300004024448;7.817800899921212;3.799338836732069
1989-01-01;39648.0;5511.253;3490.172;1388.977;2101.195;1005.487;957.35;48.137;-100.965;485.189;586.154;1116.559;9771.725;6187.816;;;1326.029;;65.96;-95.405;585.946;681.351;2423.185;0.020695215064925332;8.538624962730168;0.01016394950898869;4.127984390835637;8.630965756108555;4.3151632099998505
1989-04-01;39861.0;5612.463;3553.767;1421.093;2132.674;1001.047;964.79;36.257;-88.16;507.229;595.389;1145.809;9846.293;6216.695;;;1313.202;;50.515;-72.98;611.6;684.581;2460.441;0.018364244936677654;7.550533946908078;0.007630996574299775;3.0875159816567965;8.139192098089488;3.7479108262349126
1989-07-01;40046.0;5695.365;3609.399;1441.926;2167.474;996.46;986.635;9.826;-75.075;509.352;584.427;1164.58;9919.228;6276.877;;;1301.412;;13.959;-65.802;617.848;683.65;2482.562;0.014771055060853078;6.040626348886846;0.007407356250722863;2.996026730798773;7.808875348179534;3.9075419072247097
1989-10-01;40015.0;5747.237;3653.692;1443.223;2210.469;995.809;979.257;16.553;-82.765;515.387;598.152;1180.5;9938.767;6304.157;;;1291.758;;20.258;-68.819;627.2;696.019;2495.007;0.009107756921637122;3.6931763983098387;0.0019698105538052957;0.7902553724654204;6.439992969731145;2.743211930028755
1990-01-01;40361.0;5872.701;3737.948;1489.567;2248.382;1010.838;996.884;13.954;-88.536;538.232;626.767;1212.45;10047.386;6357.213;;;1304.586;;18.585;-63.652;654.439;718.091;2534.913;0.021830316028380148;9.022248147012913;0.010928820446238552;4.443715206336063;6.558363406651813;2.821006526483294
1990-04-01;40382.0;5960.028;3783.421;1479.26;2304.16;1014.72;981.02;33.7;-68.833;545.925;614.759;1230.721;10083.855;6376.579;;;1304.993;;46.55;-54.309;662.577;716.887;2538.916;0.014869989124254746;6.0819856853246534;0.0036297003021481533;1.4598041009069362;6.192735702667451;2.412704964193124
1990-07-01;40266.0;6015.116;3846.7;1496.676;2350.024;1000.785;978.919;21.866;-74.953;555.149;630.102;1242.584;10090.569;6401.841;;;1279.695;;30.476;-46.4;667.592;713.992;2542.963;0.009242909597068971;3.7487392491721394;0.0006658167932800385;0.2665928225988212;5.614231923678292;1.7273622503686914
1990-10-01;39759.0;6004.733;3867.909;1499.702;2368.207;947.453;958.787;-11.335;-79.096;568.186;647.282;1268.467;9998.704;6353.139;;;1208.107;;-14.323;-21.374;673.47;694.844;2559.964;-0.0017261512496183906;-0.688674797372435;-0.00910404556967992;-3.5921891840563047;4.480344207138143;0.6030627340393391
1991-01-01;39451.0;6035.178;3873.562;1485.841;2387.721;924.569;940.088;-15.52;-47.14;573.177;620.317;1284.187;9951.916;6329.249;;;1167.908;;-22.629;-9.341;677.584;686.926;2575.22;0.005070167149813232;2.0435430176576785;-0.004679406451076118;-1.8586654113372458;2.766648600022381;-0.9501973946258402
1991-04-01;39632.0;6126.862;3926.932;1497.013;2429.918;926.541;944.575;-18.033;-23.188;590.733;613.921;1296.577;10029.51;6381.703;;;1167.904;;-26.846;3.153;702.289;699.135;2585.693;0.015191598325683175;6.216517847382419;0.007796890568610104;3.155421092405164;2.7992150372447844;-0.5389307958117096
1991-07-01;39691.0;6205.937;3973.269;1508.728;2464.541;947.476;946.633;0.843;-21.074;600.595;621.669;1306.265;10080.195;6413.521;;;1191.028;;1.133;0.104;718.914;718.81;2578.454;0.012906280572338558;5.263318180879062;0.005053586865160886;2.0368096803061286;3.1723577733164143;-0.10280887034219699
1991-10-01;39694.0;6264.54;4000.032;1498.155;2501.877;978.788;947.655;31.133;-23.053;615.217;638.27;1308.774;10115.329;6410.312;;;1233.261;;39.445;0.413;735.102;734.689;2559.584;0.009443054288176045;3.831062094669324;0.0034854484461859236;1.4014853407354977;4.3267036186288355;1.1664011655910578
1992-01-01;40051.0;6363.102;4100.401;1533.848;2566.552;956.817;956.571;0.246;-20.536;625.287;645.823;1326.421;10236.435;6530.335;;;1210.478;;2.985;8.366;748.392;740.026;2582.28;0.01573331800898381;6.443413541604004;0.011972522099874316;4.875702128564385;5.433543136590169;2.858936912248855
1992-04-01;40350.0;6470.763;4155.66;1548.207;2607.453;1013.084;989.875;23.209;-32.788;626.163;658.951;1334.807;10347.429;6574.665;;;1278.935;;28.683;-3.444;748.748;752.192;2577.285;0.016919577903984573;6.941540067986085;0.010843032755055937;4.40826723196126;5.613003850910947;3.169835814511379
1992-07-01;40599.0;6566.641;4226.971;1573.141;2653.829;1024.162;1003.65;20.512;-38.488;639.365;677.853;1353.997;10449.673;6645.14;;;1289.101;;26.307;0.566;764.615;764.049;2593.701;0.014817108894267905;6.059877626413224;0.009881101865980568;4.0114093053187805;5.812240762353849;3.6653854414522735
1992-10-01;40881.0;6680.803;4307.205;1597.874;2709.331;1057.962;1036.618;21.344;-47.14;641.396;688.536;1362.775;10558.648;6724.342;;;1328.433;;30.178;-13.892;768.448;782.339;2593.4;0.017385144094218097;7.137514530768607;0.010428555994048683;4.237130110577936;6.644749654404003;4.382645388993267
1993-01-01;40829.0;6729.459;4349.515;1606.981;2742.534;1083.829;1047.889;35.94;-55.704;643.606;699.31;1351.818;10576.275;6750.123;;;1359.751;;52.093;-29.115;770.163;799.278;2561.222;0.0072829568541386;2.9451624187860848;0.0016694372234020705;0.6694489636257073;5.757522038779195;3.3199058070509935
1993-04-01;40942.0;6808.939;4418.581;1634.169;2784.412;1094.479;1070.375;24.104;-63.187;653.094;716.281;1359.066;10637.847;6811.522;;;1367.575;;35.149;-36.424;779.368;815.792;2561.456;0.011810756258415545;4.808659838940699;0.0058217094392873925;2.349098195512034;5.2262152083146995;2.806668207145946
1993-07-01;40997.0;6882.098;4487.189;1649.166;2838.023;1095.852;1089.254;6.598;-68.354;650.897;719.251;1367.411;10688.606;6887.329;;;1358.287;;2.328;-49.262;777.273;826.535;2565.1;0.010744552124787754;4.3675855865452196;0.00477154822775705;1.922323401252335;4.803932482375695;2.2865117406066116
1993-10-01;41423.0;7013.738;4552.651;1679.072;2873.579;1153.142;1136.53;16.612;-73.449;671.6;745.049;1381.394;10833.987;6947.788;;;1429.661;;19.545;-57.415;802.325;859.74;2574.165;0.019127888036468033;7.873493636396756;0.01360149302911906;5.552607515560171;4.9834578268510565;2.6077107599381977
1994-01-01;41713.0;7115.652;4621.223;1705.669;2915.554;1201.675;1156.312;45.362;-80.595;681.232;761.827;1373.35;10939.116;7027.255;;;1484.116;;61.934;-69.568;810.201;879.77;2542.324;0.014530625466762537;5.940165283685728;0.00970362988251705;3.9383145785598206;5.7388417107526735;3.430706936043171
1994-04-01;42154.0;7246.931;4683.163;1726.814;2956.348;1264.948;1183.538;81.411;-90.572;706.988;797.56;1389.392;11087.361;7081.931;;;1557.107;;111.808;-74.995;837.555;912.55;2554.916;0.018449328325780945;7.586481441507287;0.013551826308451309;5.531920621944741;6.432602788775155;4.225610689832271
1994-07-01;42264.0;7331.075;4752.761;1758.891;2993.87;1251.749;1198.526;53.223;-96.868;736.883;833.751;1423.432;11152.176;7135.93;;;1531.67;;69.811;-69.308;868.903;938.211;2597.991;0.011610984015164583;4.725910527143995;0.005845845553328566;2.358922594417545;6.523839096740547;4.337048254936149
1994-10-01;42618.0;7455.288;4826.713;1794.84;3031.873;1307.566;1232.424;75.142;-101.913;758.646;860.559;1422.923;11279.932;7213.079;;;1594.684;;98.103;-75.647;888.962;964.609;2575.394;0.016943354146561118;6.951541870404521;0.011455701559946796;4.661623552012917;6.295501770952949;4.116167021429895
1995-01-01;42654.0;7522.289;4862.436;1788.106;3074.329;1327.586;1266.407;61.179;-105.329;781.57;886.899;1437.596;11319.951;7231.032;;;1611.428;;82.042;-79.688;906.086;985.774;2584.415;0.008987043827146657;3.6435686997114747;0.003547805075420518;1.426692060899848;5.714683629834627;3.481405627292
1995-04-01;42660.0;7580.997;4933.609;1803.898;3129.711;1303.988;1270.229;33.759;-109.492;798.851;908.343;1452.892;11353.721;7294.424;;;1577.96;;46.814;-76.345;918.791;995.136;2593.101;0.007804539283188916;3.1585527367391286;0.00298322846097121;1.1986418034171997;4.609758254908192;2.4023751008017014
1995-07-01;42885.0;7683.125;4998.662;1826.234;3172.427;1303.248;1291.922;11.326;-74.444;831.399;905.843;1455.659;11450.31;7360.529;;;1568.555;;10.647;-40.004;958.551;998.555;2586.304;0.01347157900207585;5.4985029063439494;0.008507255022384363;3.446572845101481;4.802160665386723;2.6733258155179795
1995-10-01;43044.0;7772.586;5055.655;1843.893;3211.762;1335.135;1316.705;18.431;-69.78;839.421;909.201;1451.575;11528.067;7411.873;;;1607.513;;17.123;-39.085;972.233;1011.318;2559.248;0.011643829821849971;4.739512493116216;0.006790820510536255;2.7441228269356355;4.256012644984342;2.1997916299495213
1996-01-01;43259.0;7868.468;5130.615;1870.998;3259.617;1355.353;1348.472;6.881;-88.795;847.94;936.735;1471.295;11614.418;7480.231;;;1633.332;;2.307;-60.259;983.934;1044.193;2576.137;0.012335920117191312;5.026426204768075;0.007490501226268043;3.0300334801304896;4.602043340796924;2.6013098466592277
1996-04-01;43856.0;8032.84;5220.499;1915.873;3304.626;1418.388;1387.867;30.521;-93.709;859.042;952.751;1487.662;11808.14;7560.702;;;1711.813;;33.592;-67.634;999.928;1067.562;2608.232;0.02088996231540885;8.621484757809462;0.016679441018912833;6.840562512153747;5.96020549803673;4.002379484223728
1996-07-01;44105.0;8131.408;5274.505;1925.887;3348.618;1474.35;1423.28;51.07;-114.18;859.577;973.757;1496.733;11914.063;7606.475;;;1789.565;;74.191;-94.159;1008.015;1102.174;2608.223;0.012270629067677286;4.999333924071836;0.008970337411311258;3.6367045102697393;5.8346441064020205;4.0501348871777365
1996-10-01;44421.0;8259.771;5352.763;1957.926;3394.838;1480.128;1445.403;34.725;-88.822;903.798;992.62;1515.702;12037.775;7667.062;;;1787.19;;43.244;-53.047;1070.864;1123.911;2626.227;0.0157860729654693;6.4655290124419285;0.010383695301930063;4.218619792882206;6.267991116470117;4.421452442981133
1997-01-01;44590.0;8362.655;5433.105;1986.608;3446.497;1522.404;1472.659;49.745;-108.839;918.374;1027.213;1515.985;12115.472;7747.88;;;1823.255;;35.64;-80.692;1091.223;1171.915;2612.572;0.012456035403402899;5.076281294980789;0.0064544319859773935;2.606876339161013;6.2805999846475835;4.314068944306992
1997-04-01;45203.0;8518.825;5471.267;1974.308;3496.96;1590.218;1501.843;88.374;-85.201;954.45;1039.651;1542.541;12317.221;7782.76;;;1935.157;;140.404;-76.407;1134.842;1211.249;2646.418;0.01867469123143306;7.681740185670205;0.01665217830555843;6.82910306346467;6.0499773430069625;4.31127171595187
1997-07-01;45616.0;8662.823;5579.179;2020.124;3559.055;1625.251;1557.316;67.935;-96.831;974.057;1070.888;1555.224;12471.01;7915.359;;;1962.053;;93.072;-94.785;1161.1;1255.884;2658.663;0.016903504884769882;6.934779129503199;0.012485689750959317;5.088592369662481;6.535338037397698;4.674702492340366
1997-10-01;45862.0;8765.907;5663.61;2044.983;3618.627;1644.529;1566.877;77.652;-117.014;968.33;1085.344;1574.782;12577.495;8009.964;;;1990.86;;99.287;-123.556;1159.431;1282.987;2672.005;0.011899585158325232;4.845470137661412;0.008538602727445443;3.4594352765334735;6.127724364271092;4.483552816031211
1998-01-01;46204.0;8866.48;5721.342;2044.382;3676.961;1712.324;1607.224;105.1;-135.215;963.021;1098.236;1568.029;12703.742;8090.987;;;2078.205;;151.744;-166.32;1164.787;1331.107;2662.448;0.011473199521738087;4.6688662324821495;0.010037531320823412;4.075869285119382;6.024701485353612;4.855526883310857
1998-04-01;46504.0;8969.699;5832.566;2089.162;3743.404;1695.773;1658.434;37.34;-162.331;947.295;1109.626;1603.691;12821.339;8233.463;;;2065.336;;55.301;-209.664;1151.95;1361.614;2709.053;0.011641485685413011;4.738541705386323;0.009256878799962953;3.7544834253859127;5.292678274292517;4.09279008633523
1998-07-01;46943.0;9121.097;5926.846;2119.865;3806.982;1741.623;1689.202;52.42;-174.634;935.263;1109.897;1627.262;12982.752;8340.831;;;2118.989;;69.982;-233.279;1146.707;1379.986;2729.468;0.016878827260535578;6.924399382646174;0.01258940271371034;5.131657567089287;5.290123092668519;4.103452727565782
1998-10-01;47555.0;9293.991;6028.238;2180.349;3847.889;1796.964;1736.947;60.017;-178.663;966.337;1145.0;1647.452;13191.67;8461.33;;;2183.382;;81.947;-235.302;1189.349;1424.651;2745.584;0.018955395387199703;7.80047959621244;0.01609196570958149;6.5938306202171;6.024293892235;4.883126568525764
1999-01-01;47880.0;9411.682;6102.04;2204.892;3897.147;1853.063;1769.668;83.394;-212.559;960.764;1173.324;1669.139;13315.597;8548.235;;;2243.548;;113.307;-279.537;1185.37;1464.906;2765.048;0.012663128251361622;5.16227899962356;0.009394337487217186;3.811019553404549;6.1490241899829545;4.816336792733988
1999-04-01;48148.0;9526.21;6230.641;2273.073;3957.569;1848.341;1813.23;35.111;-247.53;974.597;1222.126;1694.757;13426.748;8679.143;;;2244.682;;48.463;-306.885;1200.094;1506.978;2775.035;0.012168706932512041;4.957052187074762;0.008347428958686454;3.3810124692359445;6.204344203746404;4.721885912228041
1999-07-01;48632.0;9686.626;6335.31;2311.262;4024.047;1893.735;1853.219;40.516;-276.403;1005.309;1281.712;1733.984;13604.771;8776.715;;;2306.47;;60.068;-325.157;1236.298;1561.455;2808.44;0.01683943562025192;6.907832284855209;0.013258832295057754;5.409946332000226;6.200230081973701;4.791118246732284
1999-10-01;49281.0;9900.169;6467.039;2359.019;4108.02;1953.097;1868.855;84.241;-301.708;1030.971;1332.679;1781.74;13827.98;8905.093;;;2367.988;;114.34;-338.67;1262.725;1601.395;2852.137;0.02204513728516;9.113956848816818;0.016406670865683814;6.725949432846856;6.5222572305051685;4.8235742707329665
2000-01-01;49335.0;10002.179;6618.217;2413.086;4205.131;1950.65;1934.493;16.157;-356.583;1052.904;1409.487;1789.895;13878.147;9039.743;;;2351.223;;20.031;-380.953;1280.897;1661.851;2831.903;0.010303864509787708;4.18568628838325;0.0036279340872638066;1.4590898958846132;6.274085758528591;4.224744861233032
2000-04-01;50109.0;10247.72;6711.911;2437.05;4274.861;2075.786;1985.342;90.444;-362.501;1093.36;1455.86;1822.524;14130.908;9124.152;;;2490.501;;117.982;-394.856;1319.937;1714.792;2859.814;0.024548750827194654;10.187038983961404;0.01821287813135264;7.486604163244581;7.57394598691401;5.2444568111355006
2000-07-01;50024.0;10318.165;6819.984;2469.15;4350.834;2059.969;2002.736;57.233;-393.867;1125.002;1518.869;1832.078;14145.312;9211.569;;;2466.375;;84.692;-424.867;1351.623;1776.491;2847.75;0.006874212019844617;2.778167841556267;0.0010193258635609048;0.40835418430409387;6.519700461233868;3.9731723525519014
2000-10-01;50190.0;10435.744;6918.606;2493.402;4425.204;2067.227;2012.884;54.344;-411.343;1113.177;1524.52;1861.253;14229.765;9292.05;;;2471.534;;77.396;-440.985;1338.104;1779.089;2865.194;0.011395340159805478;4.636641907722749;0.005970387927816567;2.4096277444537906;5.409756136486155;2.9055943095086967
2001-01-01;49911.0;10470.231;6995.298;2499.246;4496.052;1971.333;2001.963;-30.631;-402.653;1096.812;1499.464;1906.253;14183.12;9325.751;;;2358.969;;-41.56;-434.882;1321.256;1756.138;2909.984;0.0033046996936680895;1.3284469497364393;-0.0032779880764016722;-1.304762184579944;4.679500336876585;2.1975051856706784
2001-04-01;50105.0;10599.0;7042.25;2510.106;4532.144;1973.033;1984.593;-11.56;-364.015;1058.013;1422.028;1947.731;14271.694;9344.486;;;2362.652;;0.135;-417.386;1282.544;1699.93;2960.454;0.012298582524110424;5.01093246620683;0.00624502930243831;2.5215095311051705;3.4278844464915137;0.9962983270431103
2001-07-01;49774.0;10598.02;7070.337;2515.247;4555.089;1944.909;1975.026;-30.116;-370.634;998.902;1369.536;1953.408;14214.516;9377.003;;;2311.409;;-43.518;-444.5;1216.869;1661.369;2957.571;-9.24615529767081e-05;-0.036979492023592186;-0.004006391953190747;-1.5929517725444375;2.712255522178597;0.48923629256110157
2001-10-01;49783.0;10660.465;7187.32;2577.774;4609.546;1850.091;1930.92;-80.829;-369.688;953.52;1323.208;1992.742;14253.574;9528.302;;;2196.554;;-111.609;-469.594;1174.568;1644.162;3006.637;0.005892138342822539;2.377767657848895;0.0027477544785907693;1.1036401883300906;2.1533778521205527;0.16731829373148877
2002-01-01;50091.0;10783.5;7217.715;2561.883;4655.831;1912.659;1912.366;0.293;-386.884;969.157;1356.041;2040.01;14372.785;9549.516;;;2262.071;;-6.151;-490.652;1200.226;1690.878;3059.334;0.011541241399882551;4.697033404523965;0.008363586564324121;3.3876388749031205;2.991997024707471;1.3372586567694578
2002-04-01;50286.0;10887.46;7307.955;2586.933;4721.022;1933.282;1912.113;21.169;-428.259;1004.154;1432.413;2074.482;14460.848;9597.82;;;2298.939;;32.416;-511.591;1235.95;1747.541;3082.755;0.009640654703945817;3.9123864888286564;0.006127065840058066;2.4734430447546085;2.721577507312012;1.3253787532159889
2002-07-01;50362.0;10984.04;7397.135;2618.442;4778.693;1933.197;1907.764;25.433;-447.548;1015.56;1463.107;2101.256;14519.633;9664.988;;;2295.983;;26.563;-529.887;1239.872;1769.759;3098.595;0.008870755897151472;3.595796381202443;0.004065114300350947;1.635987710669795;3.642378482018338;2.1465169830615416
2002-10-01;50302.0;11061.433;7472.958;2627.961;4844.998;1942.531;1909.528;33.004;-496.289;1003.046;1499.335;2142.232;14537.58;9718.745;;;2293.746;;39.749;-579.938;1221.597;1801.535;3121.374;0.007045950306080462;2.8483075379811984;0.0012360505255195608;0.495337658367756;3.7612618211307014;1.9925248221954739
2003-01-01;50462.0;11174.129;7567.16;2657.334;4909.826;1960.221;1934.14;26.081;-525.262;1004.201;1529.463;2172.01;14614.141;9766.616;;;2312.465;;41.275;-575.852;1217.842;1793.694;3124.051;0.010188191710784666;4.137980322608459;0.005266419858050542;2.12326755305412;3.6224695136087615;1.6792570124718242
2003-04-01;50796.0;11312.766;7661.458;2677.898;4983.56;1972.386;1978.873;-6.488;-519.87;1007.465;1527.336;2198.793;14743.567;9878.442;;;2327.492;;-9.38;-599.854;1219.986;1819.841;3152.71;0.012406962547147904;5.055910955170151;0.00885621672871495;3.5898246978526505;3.9063840418242624;1.9550651524723905
2003-07-01;51512.0;11566.669;7820.927;2766.247;5054.68;2044.304;2043.866;0.438;-518.994;1037.31;1556.304;2220.432;14988.782;10018.122;;;2411.638;;3.437;-595.026;1253.316;1848.341;3159.86;0.02244393634589459;9.28436035612059;0.01663199956971062;6.820621845919783;5.304323363716801;3.2311353875128956
2003-10-01;51986.0;11772.234;7913.453;2788.911;5124.541;2131.311;2094.966;36.345;-523.694;1091.682;1615.376;2251.164;15162.76;10087.092;;;2493.928;;45.183;-597.382;1309.666;1907.048;3178.923;0.01777218661656188;7.300640335510589;0.01160721398176312;4.724349381684623;6.425939568589345;4.300440651057458
2004-01-01;52179.0;11923.447;8048.777;2843.234;5205.543;2154.052;2108.027;46.025;-565.975;1133.669;1699.644;2286.594;15248.68;10181.141;;;2498.14;;55.562;-621.175;1339.286;1960.461;3193.302;0.012844885686098317;5.237799366285922;0.005666514539569345;2.28594433046867;6.705829152321385;4.341952085996703
2004-04-01;52469.0;12112.815;8147.108;2868.978;5278.129;2262.607;2188.618;73.989;-617.581;1170.152;1787.734;2320.682;15366.85;10236.694;;;2597.507;;92.005;-670.333;1367.358;2037.69;3201.827;0.015881984463050003;6.5057450182636645;0.007749523237421174;3.1360288812639414;7.072090061793923;4.227491217016888
2004-07-01;52835.0;12305.307;8283.335;2911.339;5371.996;2318.272;2254.106;64.166;-652.672;1180.185;1832.856;2356.371;15512.619;10356.936;;;2638.672;;80.645;-694.004;1371.93;2065.934;3207.809;0.015891599103924348;6.509777096960079;0.009485938887930923;3.8487076162528;6.38591802013182;3.494860356231766
2004-10-01;53242.0;12527.214;8448.621;2984.533;5464.088;2390.082;2317.993;72.089;-700.336;1221.444;1921.78;2388.847;15670.88;10474.084;;;2693.575;;87.941;-709.543;1404.51;2114.053;3205.846;0.018033438743137342;7.410854845970283;0.010202081286209586;4.143707818439446;6.413226240660852;3.3511049439547858
2005-01-01;53719.0;12767.286;8551.735;3001.947;5549.788;2486.068;2383.59;102.477;-696.655;1258.408;1955.063;2426.138;15844.727;10540.638;;;2769.261;;121.598;-701.438;1430.827;2132.265;3221.699;0.01916403759048113;7.888800002629304;0.011093633541958248;4.5118422661180935;7.077139689554546;3.9088432572524257
2005-04-01;53868.0;12922.656;8701.145;3057.414;5643.732;2476.474;2447.639;28.835;-707.21;1294.853;2002.063;2452.246;15922.782;10657.449;;;2733.225;;30.068;-697.998;1462.813;2160.811;3219.797;0.012169383532255829;4.95733282798112;0.004926244548107306;1.9851064291597664;6.685819935332948;3.6177355801611855
2005-07-01;54153.0;13142.642;8868.089;3137.844;5730.245;2531.076;2518.722;12.353;-750.961;1302.315;2053.275;2494.438;16047.587;10745.873;;;2769.106;;15.581;-710.398;1462.546;2172.945;3230.377;0.01702328066304637;6.985169198679064;0.007838140345072908;3.172311000902628;6.804665661734388;3.448598847170792
2005-10-01;54317.0;13324.204;8955.295;3134.486;5820.809;2645.263;2558.875;86.388;-804.786;1350.743;2155.529;2528.432;16136.734;10765.68;;;2857.35;;101.02;-735.145;1507.833;2242.978;3232.898;0.013814726141060607;5.641456691408475;0.0055551653965173475;2.2406507440459578;6.362069012311911;2.9727366937913002
2006-01-01;54927.0;13599.16;9100.153;3196.843;5903.311;2709.74;2631.526;78.214;-790.818;1413.966;2204.784;2580.086;16353.835;10883.075;;;2899.229;;94.172;-720.154;1568.985;2289.138;3273.905;0.020635829352357637;8.513367350137745;0.013453837684874737;5.491115888112441;6.515668247738793;3.2131067957182013
2006-04-01;54945.0;13753.424;9227.649;3226.093;6001.556;2709.252;2633.739;75.513;-794.042;1459.767;2253.809;2610.565;16396.151;10939.498;;;2882.564;;95.203;-713.842;1598.092;2311.934;3272.721;0.011343641813170935;4.615249178635317;0.0025875276349554;1.0390351677306064;6.428771299027081;2.9729038556202125
2006-07-01;54886.0;13870.188;9353.772;3273.437;6080.335;2709.42;2630.666;78.754;-823.284;1475.417;2298.702;2630.28;16420.738;11009.748;;;2871.589;;95.318;-738.996;1596.037;2335.034;3267.713;0.00848981315489139;3.4394167057664626;0.001499559256315619;0.6011742586201629;5.5357667050506265;2.325277937424497
2006-10-01;55216.0;14039.56;9427.368;3262.249;6165.119;2675.406;2631.93;43.476;-737.668;1531.531;2269.198;2674.454;16561.866;11114.771;;;2818.228;;54.763;-675.46;1656.573;2332.033;3294.635;0.012211225976172635;4.974689383968123;0.008594498006118778;3.4823729200428755;5.368846048889675;2.6345603763438197
2007-01-01;55260.0;14215.651;9572.138;3308.125;6264.013;2664.295;2642.923;21.372;-739.273;1577.991;2317.264;2718.491;16611.69;11183.323;3397.288;7785.646;2800.037;2786.977;29.668;-676.588;1689.392;2365.98;3299.115;0.012542487086489862;5.112174942190384;0.0030083566670564554;1.2087836914185912;4.533302056891753;1.5767249700146868
2007-04-01;55474.0;14402.082;9678.713;3351.8;6326.913;2699.217;2656.992;42.225;-745.806;1622.764;2368.569;2769.958;16713.314;11212.669;3405.241;7807.26;2827.01;2800.103;54.925;-663.578;1714.981;2378.558;3329.139;0.013114489093746018;5.3498947135318;0.006117619579946387;2.4695947150627617;4.716338273291076;1.9343747200181172
2007-07-01;55649.0;14564.117;9798.383;3380.01;6418.373;2685.969;2641.047;44.922;-728.954;1685.71;2414.664;2808.718;16809.587;11287.468;3426.664;7860.926;2794.526;2784.117;36.338;-623.292;1768.587;2391.879;3344.222;0.011250803876828419;4.576841159068312;0.005760257959612325;2.3240880884577653;5.003025193313881;2.3680360773066234
2007-10-01;55857.0;14715.058;9937.14;3428.187;6508.952;2642.56;2615.279;27.281;-729.699;1750.714;2480.413;2865.057;16915.191;11331.949;3433.425;7900.087;2762.518;2757.412;31.249;-560.106;1809.181;2369.287;3370.95;0.010363896417475926;4.21045120595227;0.0062823673181262585;2.5367271478347497;4.811390100544477;2.133364682457861
2008-01-01;55497.0;14706.538;10004.445;3406.368;6598.077;2563.701;2580.374;-16.673;-771.248;1813.321;2584.568;2909.64;16843.003;11316.411;3377.016;7952.04;2686.998;2714.675;-6.799;-540.148;1838.024;2378.171;3378.654;-0.0005789987372118999;-0.23139842879221773;-0.004267643208994754;-1.6961606735480972;3.453144706492872;1.3924712055185307
2008-04-01;55705.0;14865.701;10129.869;3443.532;6686.336;2540.595;2562.847;-22.252;-776.404;1905.282;2681.686;2971.642;16943.291;11347.595;3371.949;7991.302;2641.85;2692.443;-29.623;-463.669;1892.001;2355.67;3407.753;0.010822601485135364;4.399826242620697;0.0059542826181293584;2.403069701864058;3.2191109590960387;1.3760107660276244
2008-07-01;55278.0;14898.999;10159.078;3427.907;6731.171;2498.242;2514.067;-15.825;-787.354;1922.215;2709.569;3029.032;16854.295;11260.136;3301.278;7984.146;2589.254;2624.372;-14.799;-442.378;1883.563;2325.941;3435.1;0.0022399212791917034;0.8989833578917805;-0.005252580505168858;-2.0845363314131338;2.299363565947732;0.26596727212868654
2008-10-01;53941.0;14608.209;9906.942;3175.077;6731.865;2307.915;2370.13;-62.215;-628.474;1700.304;2328.779;3021.826;16485.35;11158.801;3200.645;7997.195;2338.938;2451.093;-78.104;-469.031;1772.8;2241.832;3458.839;-0.019517418586308954;-7.581369052024267;-0.02189026595298116;-8.472768957225274;-0.7261201416943086;-2.5411536884212604
2009-01-01;53221.0;14430.902;9814.969;3120.027;6694.942;2014.878;2165.874;-150.996;-420.992;1511.768;1932.761;3022.047;16298.262;11130.464;3201.452;7965.723;2073.135;2256.202;-167.736;-397.483;1631.257;2028.74;3498.103;-0.012137490639680837;-4.767318109811114;-0.011348742974823023;-4.462803810727223;-1.8742412388286112;-3.234227293078318
2009-04-01;53017.0;14381.236;9805.502;3134.475;6671.028;1863.65;2059.651;-196.001;-358.368;1521.093;1879.461;3070.452;16269.145;11075.748;3180.867;7931.732;1952.641;2174.421;-219.104;-304.361;1641.991;1946.352;3549.027;-0.003441642109412113;-1.369566195852323;-0.0017865095063510639;-0.7126911125331037;-3.2589448691319634;-3.9788374053187248
2009-07-01;53081.0;14448.882;9939.406;3228.477;6710.929;1841.416;2045.422;-204.006;-423.998;1594.725;2018.722;3092.058;16326.281;11150.23;3236.319;7944.744;1946.867;2182.489;-236.813;-323.978;1702.68;2026.658;3558.54;0.004703768160121857;1.8948242031112228;0.003511923951750484;1.4121870876976361;-3.021122425741485;-3.1328157006863644
2009-10-01;53531.0;14651.249;10004.996;3237.111;6767.885;1998.71;2050.795;-52.084;-473.254;1703.508;2176.763;3120.796;16502.754;11137.946;3218.993;7952.219;2128.516;2193.484;-57.472;-328.833;1796.464;2125.297;3565.188;0.01400572030417302;5.721087036260242;0.010809136508185713;4.394263592305325;0.2946288624430249;0.10557252348297741
2010-01-01;53683.0;14764.61;10101.822;3266.153;6835.669;2038.161;2039.398;-1.237;-509.192;1759.877;2269.069;3133.819;16582.71;11202.495;3243.208;7991.95;2174.335;2192.686;-6.872;-341.829;1836.914;2178.743;3549.775;0.007737292568026133;3.1310220827333257;0.004845009505686004;1.952133820572155;2.3124542041793372;1.7452658449103264
2010-04-01;54100.0;14980.193;10208.145;3291.234;6916.911;2148.795;2112.087;36.708;-542.514;1819.741;2362.255;3165.768;16743.162;11302.955;3287.422;8046.002;2288.469;2272.707;35.277;-400.796;1877.331;2278.127;3560.566;0.014601333865235766;5.969702657483245;0.009675861183124024;3.926881074055233;4.16485064287937;2.91359502911801
2010-07-01;54401.0;15141.607;10300.754;3315.119;6985.635;2236.495;2123.598;112.897;-553.943;1877.253;2431.195;3158.301;16872.266;11383.596;3312.149;8101.925;2390.072;2285.204;120.261;-426.795;1930.963;2357.757;3535.371;0.01077516157502112;4.38022885841034;0.007710849360473171;3.1201978026194954;4.794315574035424;3.344209253779229
2010-10-01;54569.0;15309.474;10430.304;3398.792;7031.511;2238.44;2171.138;67.301;-523.586;1972.116;2495.702;3164.317;16960.864;11453.368;3358.182;8121.5;2383.297;2328.831;68.909;-382.601;1983.824;2366.425;3512.905;0.01108647186523859;4.508881226504924;0.005251102608268665;2.117043484228409;4.492620390247959;2.7759609093124693
2011-01-01;54341.0;15351.448;10558.195;3469.035;7089.16;2205.962;2173.885;32.078;-568.476;2040.407;2608.884;3155.768;16920.632;11497.12;3374.931;8147.71;2338.901;2325.257;29.124;-377.139;2000.839;2377.978;3469.798;0.00274170098855131;1.101198799320846;-0.0023720489710901127;-0.9454489541211974;3.9746258113150246;2.037797199613345
2011-04-01;54610.0;15557.539;10673.018;3514.457;7158.561;2297.352;2236.305;61.047;-581.092;2116.132;2697.224;3168.261;17035.114;11508.95;3362.487;8174.852;2434.538;2380.022;65.52;-352.145;2034.722;2386.867;3446.079;0.013424857381531652;5.4790500858226565;0.0067658229314366825;2.7339190839842376;3.854062494388444;1.7437088645501975
2011-07-01;54482.0;15647.68;10755.029;3527.775;7227.254;2322.84;2334.873;-12.033;-567.111;2156.793;2723.903;3136.922;17031.313;11543.975;3363.688;8210.425;2445.296;2480.401;-14.852;-350.615;2062.73;2413.346;3396.917;0.005794039789969396;2.337836371386315;-0.00022312735917140447;-0.08922107662069356;3.3422674356823556;0.9426534645672335
2011-10-01;54979.0;15842.259;10809.186;3561.217;7247.97;2504.095;2400.138;103.956;-601.788;2150.123;2751.911;3130.765;17222.583;11563.89;3388.012;8202.53;2633.829;2544.234;97.693;-366.665;2078.364;2445.03;3394.613;0.012435006339597932;5.067551683404781;0.011230490567579965;4.568438742179692;3.480099969469874;1.543075871606514
2012-01-01;55342.0;16068.805;10959.301;3628.717;7330.585;2567.75;2487.473;80.278;-602.271;2189.981;2792.253;3144.024;17367.01;11647.297;3430.948;8239.75;2692.179;2624.008;77.751;-353.33;2103.747;2457.077;3380.162;0.014300107074376234;5.843912557969877;0.00838590819971663;3.396793738645587;4.6728947002263155;2.6380693108862374
2012-04-01;55490.0;16207.115;11005.055;3616.376;7388.679;2636.863;2545.458;91.406;-565.241;2215.586;2780.827;3130.438;17444.525;11667.753;3430.339;8262.135;2752.614;2677.22;89.453;-341.752;2124.46;2466.212;3362.33;0.008607360659364405;3.487651883373788;0.004463347461653111;1.7973274732638433;4.17531333201222;2.403335839137921
2012-07-01;55454.0;16319.541;11059.393;3631.806;7427.587;2644.119;2559.69;84.429;-523.083;2227.734;2750.817;3139.112;17469.65;11691.414;3445.437;8269.377;2759.86;2681.288;85.498;-341.978;2137.473;2479.452;3357.201;0.0069368299046437265;2.80373747790017;0.0014402799732293747;0.5773578286532466;4.29367804045071;2.5737123144880414
2012-10-01;55403.0;16420.419;11165.703;3674.058;7491.645;2638.282;2609.548;28.734;-515.874;2237.498;2753.373;3132.308;17489.852;11738.007;3469.943;8289.761;2736.423;2729.394;24.013;-316.566;2139.526;2456.092;3324.137;0.006181423852545942;2.4955901644099443;0.0011564055376036553;0.4633651980530562;3.6494795344527597;1.551852007332477
2013-01-01;55859.0;16648.189;11277.664;3736.715;7540.949;2746.42;2661.196;85.223;-499.348;2255.929;2755.277;3123.454;17662.4;11814.326;3533.344;8296.043;2845.38;2782.635;75.942;-303.352;2150.631;2453.983;3293.099;0.013871144213798425;5.664974143915269;0.009865606638638447;4.005025807945661;3.605644601449809;1.700868485709428
2013-04-01;55914.0;16728.687;11315.681;3710.508;7605.173;2780.242;2697.549;82.693;-498.38;2261.403;2759.783;3131.143;17709.671;11848.089;3540.979;8322.63;2882.489;2811.721;79.526;-319.485;2170.131;2489.615;3288.858;0.004835240637885763;1.9481692593344313;0.0026763633481292626;1.0748507650766292;3.2181668359853255;1.5199382041070075
2013-07-01;56272.0;16953.838;11408.359;3745.276;7663.083;2892.354;2755.705;136.649;-482.067;2285.116;2767.183;3135.192;17860.45;11896.258;3569.859;8339.892;2998.991;2863.364;137.289;-318.791;2188.712;2507.502;3272.825;0.013458976188627236;5.493255386123508;0.00851393569084391;3.4493139225505898;3.886733088877925;2.237022493295515
2013-10-01;56642.0;17192.019;11551.229;3776.235;7774.995;2934.291;2816.948;117.343;-434.019;2349.24;2783.259;3140.517;18016.147;12001.027;3605.158;8408.917;3027.805;2910.211;121.413;-275.552;2251.769;2527.321;3247.579;0.014048795322923358;5.739052331329919;0.008717417534272576;3.532828598657445;4.6990274730504655;3.0091449601746367
2014-01-01;56345.0;17197.738;11646.001;3810.321;7835.68;2922.765;2870.77;51.995;-510.088;2343.602;2853.69;3139.06;17953.974;12044.203;3632.226;8423.166;2998.148;2946.011;58.313;-329.736;2230.209;2559.945;3233.646;0.0003326543554891259;0.1331281522734873;-0.0034509598528477126;-1.3732548917761767;3.3009536352572866;1.6508175559380112
2014-04-01;56968.0;17518.508;11810.451;3885.854;7924.597;3059.096;2961.343;97.753;-505.404;2395.168;2900.572;3154.366;18185.911;12159.899;3700.464;8466.519;3121.321;3032.651;92.815;-339.861;2278.387;2618.248;3238.033;0.018651871542641363;7.672091644274492;0.012918421292132942;5.268365026582655;4.721356792675957;2.6891521587272926
2014-07-01;57536.0;17804.228;11959.79;3921.912;8037.877;3142.047;3038.113;103.934;-489.357;2399.191;2888.549;3191.749;18406.941;12280.086;3742.319;8544.267;3193.152;3094.489;106.049;-335.386;2287.79;2623.176;3259.9;0.016309608101328976;6.685187670097159;0.012153914093167906;4.950916534930627;5.015914390594034;3.059782928201682
2014-10-01;57702.0;17912.079;12081.561;3928.222;8153.339;3172.016;3086.53;85.485;-530.751;2376.218;2906.969;3189.253;18500.031;12421.595;3795.881;8631.179;3203.351;3137.275;83.22;-385.286;2306.749;2692.035;3257.472;0.00605760609221595;2.4451482390293267;0.0050573313621204985;2.0383303103057804;4.188338786735879;2.6858351011456394
2015-01-01;58121.0;18063.529;12119.763;3896.791;8222.973;3282.283;3107.041;175.242;-526.432;2299.045;2825.476;3187.915;18666.621;12516.902;3844.98;8675.782;3314.895;3150.326;169.373;-443.637;2288.491;2732.128;3277.17;0.008455188255924728;3.42521172378909;0.009004849775657187;3.650885031119766;5.034330677673982;3.9692994988184793
2015-04-01;58376.0;18279.784;12264.14;3958.93;8305.21;3291.104;3139.856;151.248;-509.527;2300.441;2809.968;3234.067;18782.243;12603.053;3886.121;8719.803;3328.049;3184.46;145.308;-458.897;2294.628;2753.525;3309.301;0.011971913129488865;4.875449686377653;0.0061940508675886186;2.5007353109643082;4.34555271487731;3.2790878609270546
2015-07-01;58486.0;18401.626;12382.494;3993.596;8388.898;3303.66;3176.809;126.851;-538.082;2260.724;2798.806;3253.554;18857.418;12691.79;3930.185;8763.402;3335.27;3220.257;120.301;-496.2;2276.101;2772.301;3326.769;0.0066653960462552675;2.6929335693195;0.004002450612528241;1.6106176842981101;3.355371544332053;2.4473213664345517
2015-10-01;58470.0;18435.137;12423.353;3971.202;8452.151;3276.879;3169.729;107.15;-523.238;2222.279;2745.517;3258.142;18892.206;12743.411;3948.564;8796.523;3315.334;3219.485;99.571;-507.13;2273.012;2780.142;3341.055;0.0018210890711505279;0.730427864561789;0.0018447912646364362;0.7399609712167354;2.920141207505833;2.119861312664817
2016-01-01;58704.0;18525.933;12523.156;3971.529;8551.628;3244.317;3181.999;62.318;-511.682;2181.957;2693.639;3270.141;19001.69;12839.618;3990.747;8850.083;3301.09;3243.156;62.384;-510.318;2266.512;2776.83;3371.646;0.0049251600354258684;1.9846661820757783;0.005795194060450148;2.3383061524439253;2.5598763120982637;1.7950168913805964
2016-04-01;58787.0;18711.702;12665.124;4023.824;8641.3;3246.381;3215.897;30.484;-489.37;2221.936;2711.306;3289.566;19062.709;12903.306;4025.454;8878.617;3287.033;3267.121;19.192;-496.323;2284.053;2780.375;3369.042;0.01002751116502476;4.071739375589178;0.003211240684381167;1.2906967702374539;2.362817853865229;1.493250832714721
2016-07-01;59084.0;18892.639;12797.126;4050.769;8746.357;3261.571;3256.247;5.324;-481.229;2270.0;2751.229;3315.171;19197.938;12993.064;4068.452;8925.001;3301.079;3303.627;-3.687;-479.531;2321.136;2800.667;3383.696;0.009669724325451323;3.924354407082853;0.007093902550786346;2.8678981414693494;2.6683131153736106;1.8057615310855146
2016-10-01;59296.0;19089.379;12921.989;4086.023;8835.966;3360.952;3302.805;58.147;-530.806;2268.339;2799.145;3337.245;19304.352;13060.061;4094.341;8965.956;3391.749;3333.741;55.55;-537.183;2303.823;2841.006;3389.649;0.010413579595735856;4.230950308698267;0.005542991127484687;2.235699518586598;3.5488860212972817;2.1815663030564147
2017-01-01;59494.0;19280.084;13097.306;4144.873;8952.433;3363.101;3356.791;6.311;-533.42;2339.728;2873.148;3353.096;19398.343;13160.475;4131.213;9029.319;3382.703;3376.9;7.021;-525.099;2359.904;2885.003;3380.244;0.009990110207356517;4.056325274563832;0.004868902100417571;1.9618307902452337;4.070785530747623;2.0874616941966906
2017-04-01;59736.0;19438.643;13188.73;4163.018;9025.712;3432.968;3407.44;25.528;-553.499;2349.681;2903.18;3370.444;19506.949;13225.743;4175.053;9050.547;3435.929;3410.548;26.048;-544.566;2367.862;2912.428;3389.811;0.008223978692209144;3.330394717291041;0.005598725623111145;2.258367983115228;3.884953918141698;2.3304137937582903
2017-07-01;60099.0;19692.595;13325.065;4216.028;9109.036;3500.142;3445.283;54.859;-531.498;2384.524;2916.022;3398.886;19660.766;13315.382;4226.844;9088.439;3493.166;3436.561;55.486;-541.784;2381.788;2923.573;3394.009;0.013064286431928362;5.329014735637472;0.00788524130554702;3.1915992394406345;4.234220534251465;2.410821412174591
2017-10-01;60674.0;20037.088;13551.401;4324.937;9226.464;3574.446;3530.448;43.998;-554.897;2479.107;3034.004;3466.137;19882.352;13460.902;4315.747;9145.34;3558.859;3515.953;42.14;-561.864;2443.487;3005.351;3424.498;0.0174935299283816;7.183176863137142;0.011270466267692791;4.584974811729059;4.964587899899731;2.9941434967617697
2018-01-01;61093.0;20328.553;13745.074;4387.923;9357.152;3645.635;3610.589;35.045;-576.031;2517.268;3093.299;3513.876;20044.077;13558.373;4355.349;9203.368;3612.936;3576.791;34.055;-558.487;2459.308;3017.795;3431.709;0.014546275386922547;5.9467022711361395;0.008134098018182323;3.293553047698339;5.438093526978416;3.328810094759116
2018-04-01;61336.0;20580.912;13891.294;4409.89;9481.404;3662.727;3666.129;-3.402;-543.823;2562.172;3105.995;3570.715;20150.476;13630.967;4365.689;9265.572;3612.389;3613.793;0.466;-549.033;2472.656;3021.689;3456.309;0.01241401687567234;5.058839052990871;0.005308251410129694;2.1402669926408935;5.876279532475603;3.2989628465220244
2018-07-01;61622.0;20798.73;14002.199;4422.452;9579.748;3788.692;3690.028;98.664;-618.246;2535.501;3153.747;3626.086;20276.154;13693.79;4385.616;9308.554;3722.248;3623.466;92.854;-622.384;2441.791;3064.175;3483.628;0.010583496008340187;4.301080075220587;0.0062369742531143135;2.5182268082057035;5.617009845579002;3.130030640718684
2018-10-01;61619.0;20917.867;14099.199;4436.568;9662.631;3802.028;3706.704;95.324;-634.207;2537.415;3171.622;3650.847;20304.874;13736.572;4408.15;9329.102;3724.752;3632.827;89.813;-644.254;2451.936;3096.191;3488.352;0.005728090128579888;2.310997946784843;0.001416442191157108;0.5677817986818878;4.395743533192031;2.125110751484538
2019-01-01;61889.0;21104.133;14148.003;4428.547;9719.455;3850.171;3734.438;115.733;-598.587;2544.106;3142.693;3704.546;20415.15;13752.592;4417.94;9335.566;3751.76;3639.847;114.445;-625.36;2478.236;3103.596;3535.387;0.00890463640484973;3.609713148901461;0.0054310112931506005;2.190166211451672;3.8152248219536444;1.8512850454525775
2019-04-01;62331.0;21384.775;14336.764;4520.717;9816.047;3894.868;3818.646;76.222;-615.022;2545.358;3160.379;3768.165;20584.528;13862.802;4490.965;9373.995;3778.211;3706.258;74.871;-646.534;2460.8;3107.334;3588.929;0.013297963958055048;5.4262308402510895;0.008296681631043468;3.3602025224809706;3.905866756536347;2.1540533335291823
2019-07-01;62945.0;21694.282;14517.726;4570.233;9947.492;3939.338;3869.538;69.799;-584.258;2532.395;3116.653;3821.476;20817.581;14003.783;4554.812;9451.465;3818.108;3748.823;67.076;-633.11;2464.221;3097.331;3629.001;0.014473240892176609;5.916198277118201;0.01132175583525652;4.6061937691104005;4.305801363833273;2.6702647849291328
2019-10-01;63257.0;21902.39;14667.964;4597.157;10070.807;3885.228;3858.318;26.91;-516.146;2531.943;3048.089;3865.345;20951.088;14093.877;4575.872;9519.376;3773.236;3738.974;28.838;-564.977;2472.679;3037.656;3652.085;0.009592758128616596;3.892669797452686;0.006413185086201922;2.5900570764191055;4.706612772707652;3.182556070035214
2020-01-01;62333.0;21706.513;14473.122;4559.481;9913.641;3807.759;3840.709;-32.95;-518.021;2416.101;2934.121;3943.653;20665.553;13862.295;4551.816;9313.629;3676.574;3708.193;-36.77;-562.049;2371.421;2933.47;3691.924;-0.008943179260345602;-3.529568903100877;-0.013628647829649676;-5.341024211171074;2.854322421110589;1.2265547889679818
2020-04-01;57383.0;19913.143;13168.944;4391.852;8777.092;3254.272;3549.232;-294.961;-531.137;1811.351;2342.488;4021.065;19034.83;12668.716;4450.22;8240.039;3145.228;3413.976;-274.09;-552.969;1868.166;2421.134;3768.904;-0.08261898168535864;-29.1729751426003;-0.07891020385469472;-28.020655912198055;-6.8816810090356455;-7.528460210503718
2020-07-01;61803.0;21647.64;14456.175;4923.332;9532.843;3891.227;3796.371;94.856;-695.747;2106.577;2802.324;3995.986;20511.785;13793.919;4939.234;8884.373;3735.091;3633.585;105.711;-729.623;2107.58;2837.203;3709.691;0.08710312580992352;39.66351820921481;0.07759223486629496;34.8397109258789;-0.21499674430340843;-1.4689314767167172
2020-10-01;62411.0;22024.502;14726.685;4977.837;9748.847;4040.153;3957.371;82.781;-760.659;2266.421;3027.081;4018.324;20724.128;13982.93;4978.286;9032.209;3853.093;3764.741;85.692;-809.08;2232.112;3041.192;3691.493;0.017408918477949564;7.147529293343391;0.01035224384420963;4.205643833420258;0.5575281966945234;-1.0832850303525987
2021-01-01;63224.0;22600.185;15217.685;5241.462;9976.223;4031.066;4075.43;-44.364;-792.417;2382.789;3175.205;4143.85;20990.541;14282.575;5171.734;9144.903;3820.417;3849.069;-25.842;-863.057;2236.974;3100.031;3743.069;0.026138298155390816;10.872435503373712;0.012855209155241631;5.242089996766475;4.117068457748152;1.5726073238882199
2021-04-01;64153.0;23292.362;15950.863;5536.377;10414.486;4013.283;4174.509;-161.226;-831.972;2498.27;3330.241;4160.188;21309.544;14745.583;5351.755;9429.576;3767.341;3904.337;-138.435;-909.979;2248.092;3158.072;3701.847;0.030627050176801562;12.825209247400293;0.01519746441980696;6.218972877517559;16.969792262326443;11.950272211519607
2021-07-01;64611.0;23828.973;16285.113;5515.884;10769.23;4226.608;4229.884;-3.276;-884.277;2565.968;3450.245;4201.529;21483.083;14848.83;5234.325;9641.146;3910.829;3888.751;7.346;-966.537;2256.431;3222.968;3688.204;0.02303806715695056;9.538597560651496;0.00814372189287571;3.2974973580746525;10.076539521167206;4.735316794710931
2021-10-01;65648.0;24654.603;16718.195;5732.79;10985.406;4594.048;4338.504;255.544;-924.289;2753.126;3677.415;4266.648;21847.602;14995.638;5305.623;9717.932;4159.127;3907.093;207.107;-995.629;2381.992;3377.62;3685.796;0.03464815709850355;14.596341805205547;0.016967722928780793;6.961793660745719;11.941704743199178;5.421091782486576
2022-01-01;65284.0;25029.116;17030.634;5879.255;11151.379;4766.754;4517.778;248.977;-1089.677;2837.615;3927.291;4321.404;21738.871;14995.228;5289.705;9733.034;4222.449;3976.016;197.014;-1141.052;2354.11;3495.162;3658.819;0.015190388585855752;6.21601156217475;-0.004976793334115048;-1.9759054961903222;10.747394324426995;3.5650820052708365
2022-04-01;65127.0;25544.273;17415.115;6014.444;11400.671;4739.049;4618.872;120.177;-1025.567;3044.272;4069.839;4415.676;21708.16;15069.169;5285.346;9810.837;4105.54;3974.003;92.676;-1116.196;2414.091;3530.287;3641.161;0.020582309019623324;8.490608146278067;-0.001412722859434612;-0.5638927996459153;9.66802336319519;1.8705984510977824
2022-07-01;65469.0;25994.639;17684.189;6046.813;11637.377;4724.621;4642.293;82.328;-892.026;3084.498;3976.524;4477.855;21851.134;15127.399;5275.685;9878.196;4024.75;3930.897;70.681;-981.23;2506.197;3487.427;3666.982;0.01763080123673899;7.241029428153989;0.006586186945369832;2.6606159592734935;9.088373216923774;1.713213136122027
2022-10-01;65799.0;26408.405;17917.039;6047.645;11869.394;4796.162;4618.419;177.743;-877.204;3013.8;3891.004;4572.408;21989.981;15171.391;5275.189;9922.253;4058.491;3876.456;151.902;-965.569;2484.052;3449.621;3714.8;0.015917358960053196;6.520580536599474;0.006354223995880481;2.5660180826020174;7.113487083933179;0.6516916593409139
2023-01-01;66096.0;26813.601;18269.569;6133.839;12135.73;4725.828;4702.132;23.696;-825.687;3064.804;3890.491;4643.89;22112.329;15312.85;5341.009;9998.921;3963.689;3905.933;27.165;-935.079;2525.402;3460.481;3758.768;0.0153434484210615;6.280082626919703;0.005563806535349158;2.2441651690159325;7.129636540099926;1.7179273017444263
2023-04-01;66357.0;27063.012;18419.007;6144.657;12274.35;4780.29;4761.733;18.557;-806.093;2961.759;3767.851;4669.808;22225.35;15343.553;5347.331;10023.101;4014.121;3955.908;14.928;-928.193;2464.668;3392.861;3789.786;0.009301660004562562;3.7728991928348776;0.005111220984456155;2.060216621403499;5.945516633023762;2.3824681594386554
2023-07-01;67050.0;27610.128;18679.496;6231.764;12447.732;4915.033;4813.0;102.033;-779.231;3030.751;3809.982;4794.83;22490.692;15461.382;5411.271;10078.672;4111.053;3981.301;77.764;-930.672;2497.279;3427.952;3843.355;0.020216375028766276;8.335092794508059;0.011938709626620136;4.861686217761996;6.214700654238747;2.926886998175937
2023-10-01;67513.0;27956.998;18914.478;6255.65;12658.828;4954.426;4884.285;70.141;-783.734;3051.66;3835.394;4871.828;22679.255;15586.672;5451.141;10164.033;4118.672;4016.036;54.905;-918.525;2528.247;3446.772;3886.999;0.012563143495749163;5.120752583421373;0.008384046164520154;3.396030031281927;5.8640156419897504;3.1344911121114816
2024-01-01;67646.0;28255.928;19164.218;6218.132;12946.086;5004.419;4969.532;34.886;-850.094;3080.858;3930.952;4937.385;22749.846;15663.831;5425.618;10262.389;4151.712;4074.51;27.792;-975.342;2535.553;3510.895;3899.938;0.01069249280627349;4.346085057603077;0.0031125801971889633;1.250857043616338;5.37908727738583;2.883083912146933
