date;Government Current Receipts;Government current tax receipts;Personal current taxes;Gross Domestic Income: Taxes on Production and Imports;Government current tax receipts: Taxes on corporate income;Federal government current tax receipts: Taxes from the rest of the world;Government current receipts: Contributions for government social insurance;Government income receipts on assets;Government current transfer receipts;Current surplus of government enterprises;Government consumption expenditures;Government current transfer payments;Government current transfer payments: Government social benefits;Federal government current transfer payments: Other current transfer payments to the rest of the world;Government current expenditures: Interest payments;Government current expenditures: Interest payments: to persons and business;Government current expenditures: Interest payments: to the rest of the world;Gross Domestic Income: Subsidies;Government saving: Social insurance funds;Government saving: Other (excluding social insurance funds)
1970-01-01;283,97;224,131;104,573;88,466;30,708;0,384;46,216;11,424;2,715;-0,516;188,878;67,86;63,616;4,244;41,78;41,032;0,748;4,736;6,727;-26,011
1970-04-01;287,137;227,187;105,512;90,535;30,76;0,38;46,488;11,836;2,754;-1,128;190,308;78,78;73,848;4,932;43,647;42,747;0,9;4,82;-1,234;-29,183
1970-07-01;285,828;225,273;100,657;92,512;31,736;0,368;46,948;12,041;2,676;-1,11;194,343;79,348;74,256;5,092;45,583;44,575;1,008;4,74;0,618;-38,804
1970-10-01;286,454;226,285;101,538;94,139;30,244;0,364;46,72;12,129;2,703;-1,382;197,612;83,116;78,112;5,004;46,523;45,383;1,14;4,812;-1,575;-44,034
1971-01-01;294,365;230,299;98,331;97,652;33,96;0,356;50,764;12,248;2,826;-1,772;203,856;85,804;80,108;5,696;47,304;46,1;1,204;4,764;1,486;-48,849
1971-04-01;300,294;234,921;100,714;98,947;34,896;0,364;51,376;12,372;2,87;-1,246;207,792;93,62;87,76;5,86;47,847;46,367;1,48;4,812;-4,844;-48,934
1971-07-01;303,971;238,469;102,307;101,674;34,124;0,364;51,648;12,482;2,936;-1,564;210,611;93,256;87,692;5,564;49,058;47,11;1,948;4,512;-3,82;-49,647
1971-10-01;310,612;244,103;105,468;103,699;34,552;0,384;52,228;12,729;3,032;-1,48;213,579;96,26;89,332;6,928;50,274;47,898;2,376;4,612;-3,966;-50,148
1972-01-01;334,461;261,493;119,785;104,56;36,752;0,396;58,52;12,539;3,297;-1,388;222,233;100,14;92,348;7,792;51,373;49,037;2,336;6,103;0,389;-45,777
1972-04-01;341,825;267,616;123,37;106,786;37,052;0,408;59,172;12,652;3,424;-1,04;225,543;99,452;92,808;6,644;52,665;50,277;2,388;6,203;1,063;-43,1
1972-07-01;347,355;271,891;124,277;108,862;38,344;0,408;59,864;12,98;3,517;-0,897;225,102;101,728;93,752;7,976;54,043;51,439;2,604;7,175;2,204;-42,897
1972-10-01;358,794;281,396;127,128;111,504;42,364;0,4;60,756;13,488;3,574;-0,42;229,115;110,48;104,184;6,296;55,774;52,898;2,876;7,063;-5,212;-38,426
1973-01-01;377,901;286,711;126,399;114,6;45,324;0,388;74,144;14,623;3,779;-1,356;233,395;111,52;106,56;4,96;58,577;55,409;3,168;5,944;6,479;-38,014
1973-04-01;384,185;291,178;129,181;116,185;45,428;0,384;75,268;15,65;3,845;-1,757;237,173;115,332;108,732;6,6;60,994;57,346;3,648;5,704;6,115;-41,133
1973-07-01;390,755;296,298;134,089;118,397;43,444;0,368;76,62;16,601;3,411;-2,175;239,548;116,18;110,4;5,78;63,243;59,391;3,852;4,717;6,127;-39,06
1973-10-01;402,315;305,621;139,959;119,698;45,592;0,372;78,12;17,613;3,505;-2,544;246,385;117,676;113,452;4,224;65,106;61,17;3,936;4,555;5,987;-37,394
1974-01-01;411,654;307,658;142,792;120,806;43,7;0,36;83,676;18,873;3,906;-2,46;253,627;123,148;118,496;4,652;66,569;62,873;3,696;3,556;9,508;-44,754
1974-04-01;426,713;319,262;148,902;124,068;45,928;0,364;85,26;20,011;4,073;-1,892;258,921;135,22;126,696;8,524;68,488;64,484;4,004;2,892;4,439;-43,247
1974-07-01;442,641;333,109;154,911;127,054;50,776;0,368;86,92;20,873;4,2;-2,461;268,513;139,064;133,704;5,36;70,766;66,63;4,136;3,172;2,15;-41,024
1974-10-01;439,946;330,215;157,587;127,68;44,572;0,376;87,144;21,265;4,293;-2,971;279,758;146,06;140,616;5,444;72,281;67,929;4,352;3,608;-1,801;-59,96
1975-01-01;435,397;324,801;157,988;128,821;37,592;0,4;88,22;21,558;4,512;-3,694;287,098;158,664;151,564;7,1;73,983;69,475;4,508;4,22;-8,715;-79,853
1975-04-01;406,492;295,331;121,068;133,011;40,82;0,432;88,612;21,812;4,621;-3,884;294,242;175,656;166,592;9,064;76,028;71,832;4,196;4,264;-14,529;-129,169
1975-07-01;455,557;342,878;152,831;138,199;51,36;0,488;90,348;21,867;4,736;-4,272;299,868;173,328;169,768;3,56;78,406;74,046;4,36;4,564;-20,806;-79,803
1975-10-01;467,468;352,566;158,541;141,137;52,324;0,564;92,408;22,046;4,871;-4,423;305,691;177,376;172,56;4,816;81,196;76,928;4,268;4,928;-19,262;-82,461
1976-01-01;489,181;364,397;162,503;141,674;59,564;0,656;99,576;22,301;5,329;-2,422;308,389;180,523;177,087;3,436;83,691;79,651;4,04;5,136;-14,677;-73,88
1976-04-01;499,874;373,497;169,337;144,856;58,584;0,72;101,056;22,368;5,373;-2,42;312,013;179,451;175,511;3,94;85,592;81,52;4,072;4,836;-12,264;-69,753
1976-07-01;511,443;382,713;176,128;147,693;58,148;0,744;102,836;22,728;5,476;-2,31;314,804;189,931;182,635;7,296;87,61;83,19;4,42;5,068;-17,149;-68,821
1976-10-01;522,244;391,857;182,716;151,329;57,076;0,736;104,424;22,69;5,662;-2,389;322,825;188,763;185,299;3,464;90,004;85,456;4,548;5,46;-17,658;-67,15
1977-01-01;542,869;405,858;188,798;154,836;61,516;0,708;110,0;23,625;5,999;-2,613;329,794;191,82;188,004;3,816;91,504;87,0;4,504;5,82;-13,91;-62,159
1977-04-01;562,245;421,515;195,691;158,028;67,1;0,696;112,84;24,372;6,24;-2,722;337,145;193,588;188,924;4,664;93,906;89,102;4,804;5,856;-11,347;-56,902
1977-07-01;574,153;430,531;198,551;161,532;69,724;0,724;115,104;25,049;6,685;-3,216;344,386;198,892;194,352;4,54;96,604;91,348;5,256;6,416;-13,916;-58,229
1977-10-01;590,322;443,604;208,476;164,26;70,088;0,78;117,468;25,625;6,904;-3,28;353,352;200,932;196,964;3,968;100,996;94,612;6,384;10,308;-13,191;-62,076
1978-01-01;601,245;444,736;211,996;166,912;64,96;0,868;124,743;27,556;7,413;-3,203;359,085;205,228;200,356;4,872;106,142;98,762;7,38;8,68;-6,69;-71,2
1978-04-01;639,975;475,659;223,084;173,059;78,576;0,94;129,889;29,485;7,66;-2,718;367,337;206,712;201,648;5,064;110,234;102,322;7,912;8,368;-1,228;-51,447
1978-07-01;658,314;486,145;236,298;169,711;79,148;0,988;134,235;31,424;7,891;-1,381;374,547;214,872;209,908;4,964;114,636;106,532;8,104;8,288;-4,26;-49,769
1978-10-01;684,965;505,464;247,218;173,91;83,316;1,02;139,632;33,973;8,104;-2,208;382,109;217,832;212,764;5,068;118,773;109,237;9,536;10,408;-0,747;-43,41
1979-01-01;701,397;511,422;253,625;176,441;80,328;1,028;146,89;36,806;8,569;-2,29;392,092;223,019;217,719;5,3;123,097;112,565;10,532;8,352;3,628;-48,79
1979-04-01;718,492;521,895;261,998;178,493;80,324;1,08;151,23;39,04;8,766;-2,439;399,582;227,835;222,187;5,648;126,419;116,095;10,324;8,776;5,44;-49,559
1979-07-01;740,294;535,793;274,827;180,902;78,888;1,176;156,289;41,861;8,948;-2,597;407,726;243,483;237,735;5,748;129,766;119,342;10,424;8,132;-1,501;-47,311
1979-10-01;757,184;546,406;285,202;184,568;75,328;1,308;160,304;44,806;9,137;-3,469;419,421;250,579;243,891;6,688;134,556;123,608;10,948;8,864;-0,758;-55,478
1980-01-01;776,667;558,89;284,825;189,513;83,072;1,48;162,917;48,789;9,625;-3,554;433,07;262,349;254,489;7,86;141,745;130,201;11,544;9,2;-2,317;-67,379
1980-04-01;774,446;553,258;292,174;196,896;62,588;1,6;163,902;51,577;9,894;-4,186;453,855;265,377;259,637;5,74;147,855;136,811;11,044;9,624;-7,587;-94,678
1980-07-01;804,39;578,049;302,195;204,294;69,904;1,656;167,972;52,844;10,044;-4,518;457,798;298,061;291,517;6,544;149,844;138,468;11,376;10,072;-26,123;-85,262
1980-10-01;844,075;607,875;318,854;210,617;76,752;1,652;174,021;56,133;11,713;-5,668;469,876;303,697;294,521;9,176;155,579;142,079;13,5;10,304;-21,901;-73,481
1981-01-01;895,481;638,676;330,898;230,842;75,352;1,584;191,018;60,232;11,697;-6,143;486,948;306,331;300,175;6,156;170,445;155,245;15,2;10,556;-8,096;-70,703
1981-04-01;910,968;645,576;342,672;235,496;65,872;1,536;194,755;63,331;11,443;-4,136;503,408;309,423;303,151;6,272;175,393;158,953;16,44;10,704;-5,873;-82,086
1981-07-01;937,783;664,201;356,887;237,466;68,356;1,492;199,536;66,988;11,696;-4,638;512,068;328,747;321,431;7,316;183,132;166,46;16,672;11,12;-18,381;-78,902
1981-10-01;932,275;651,787;352,663;238,772;58,896;1,456;202,167;70,353;11,92;-3,952;525,741;330,535;323,631;6,904;191,402;174,61;16,792;13,512;-19,67;-109,244
1982-01-01;929,2;638,876;352,515;237,401;47,624;1,336;207,206;73,257;13,299;-3,438;537,87;336,473;328,285;8,188;197,49;179,818;17,672;13,996;-19,221;-137,408
1982-04-01;943,32;648,329;359,735;238,262;49,004;1,328;209,231;75,33;13,779;-3,349;546,706;344,369;337,473;6,896;203,396;186,256;17,14;13,604;-25,252;-139,502
1982-07-01;941,558;643,05;350,149;241,777;49,804;1,32;211,507;76,271;14,227;-3,497;559,943;361,305;353,801;7,504;210,314;191,798;18,516;13,04;-37,811;-165,232
1982-10-01;949,604;649,441;356,573;246,292;45,072;1,504;212,4;76,469;14,679;-3,385;573,599;379,145;369,169;9,976;213,46;194,824;18,636;19,428;-50,448;-185,579
1983-01-01;960,131;649,745;350,873;250,664;47,056;1,152;220,176;77,558;15,24;-2,587;583,138;378,142;371,662;6,48;217,363;199,451;17,912;19,9;-42,632;-195,78
1983-04-01;1000,523;683,956;359,553;261,239;61,92;1,244;224,208;78,714;15,721;-2,075;594,009;384,898;377,374;7,524;223,458;205,614;17,844;21,584;-44,259;-179,166
1983-07-01;1009,379;684,85;345,432;267,494;70,704;1,22;228,911;81,143;16,18;-1,704;607,725;380,994;372,082;8,912;231,968;213,96;18,008;22,196;-32,42;-201,083
1983-10-01;1038,377;702,981;355,658;273,727;72,368;1,228;235,538;84,109;16,919;-1,17;596,7;388,186;375,378;12,808;239,07;220,594;18,476;21,536;-27,452;-179,662
1984-01-01;1082,857;729,026;361,174;281,644;84,884;1,324;250,78;86,835;17,855;-1,639;609,911;388,32;379,816;8,504;247,151;228,319;18,832;21,224;-13,746;-170,003
1984-04-01;1107,764;743,18;370,444;287,748;83,66;1,328;256,785;90,455;18,454;-1,11;629,661;391,444;382,696;8,748;253,956;234,596;19,36;20,996;-9,005;-179,288
1984-07-01;1121,54;748,83;384,11;292,172;71,32;1,228;261,833;92,771;18,878;-0,772;641,966;395,704;384,088;11,616;265,619;244,987;20,632;20,88;-3,948;-198,68
1984-10-01;1147,671;766,868;395,936;297,528;72,068;1,336;265,827;95,713;19,209;0,054;657,373;407,724;391,728;15,996;273,53;251,686;21,844;21,16;-5,204;-206,912
1985-01-01;1209,364;812,448;432,285;301,047;77,7;1,416;275,738;100,282;20,118;0,778;667,317;413,51;402,07;11,44;277,866;255,834;22,032;21,119;-2,56;-167,889
1985-04-01;1182,625;772,033;388,524;305,701;75,96;1,848;279,751;102,515;26,218;2,107;682,132;417,31;404,446;12,864;284,336;262,384;21,952;20,994;0,901;-223,048
1985-07-01;1230,418;817,302;421,527;311,851;81,748;2,176;284,618;105,027;21,062;2,409;701,107;424,542;409,67;14,872;287,355;265,059;22,296;21,333;2,363;-206,282
1985-10-01;1245,736;824,621;428,916;313,933;79,456;2,316;291,073;106,35;21,502;2,189;712,004;428,266;412,374;15,892;293,56;271,224;22,336;21,994;7,888;-217,975
1986-01-01;1270,114;829,659;426,304;317,495;84,392;1,468;298,158;109,782;30,055;2,46;717,806;434,969;424,221;10,748;298,957;275,493;23,464;23,105;6,37;-211,093
1986-04-01;1272,02;835,956;429,417;319,475;85,48;1,584;301,868;108,898;22,78;2,518;733,076;445,337;429,909;15,428;302,191;279,091;23,1;24,187;6,775;-239,545
1986-07-01;1296,026;854,306;439,467;326,155;86,936;1,748;306,927;109,963;22,296;2,534;747,923;453,465;437,217;16,248;303,957;280,465;23,492;25,451;6,321;-241,09
1986-10-01;1333,265;886,379;456,036;330,367;97,924;2,052;312,607;106,87;24,757;2,652;753,151;455,041;440,673;14,368;305,627;282,307;23,32;26,837;10,414;-217,805
1987-01-01;1338,512;887,341;450,732;336,035;98,714;1,86;317,388;105,315;25,401;3,067;761,027;456,953;446,093;10,86;308,216;284,152;24,064;28,281;12,017;-227,982
1987-04-01;1426,089;969,826;511,671;344,369;111,786;2,0;321,525;105,191;26,703;2,845;771,763;463,277;451,749;11,528;311,162;287,006;24,156;30,443;12,737;-163,292
1987-07-01;1419,21;959,45;488,976;352,378;116,172;1,924;326,326;104,603;26,26;2,571;777,85;465,157;453,773;11,384;315,89;292,398;23,492;31,306;17,415;-188,408
1987-10-01;1442,754;977,471;506,969;357,398;110,728;2,376;333,313;102,783;26,676;2,511;796,931;474,245;457,157;17,088;323,369;298,665;24,704;31,098;24,263;-207,151
1988-01-01;1468,34;977,372;502,07;365,22;107,959;2,124;352,708;110,376;25,669;2,215;803,368;486,625;474,805;11,82;328,028;301,872;26,156;30,364;31,999;-212,044
1988-04-01;1486,296;988,324;497,805;372,5;115,27;2,748;359,98;105,514;26,323;6,155;812,228;488,541;477,965;10,576;329,475;301,319;28,156;29,842;39,442;-213,231
1988-07-01;1519,391;1011,654;506,668;377,526;125,068;2,392;366,2;107,479;27,474;6,585;820,091;495,701;483,457;12,244;335,147;305,259;29,888;29,237;44,109;-204,894
1988-10-01;1554,237;1032,935;517,213;382,612;130,879;2,232;373,736;111,738;28,554;7,273;846,13;507,685;489,549;18,136;342,259;311,439;30,82;28,565;50,506;-220,908
1989-01-01;1611,211;1079,586;552,879;391,008;132,699;3,0;379,697;114,931;29,882;7,115;852,752;525,371;513,031;12,34;353,961;320,357;33,604;27,952;41,951;-190,777
1989-04-01;1624,353;1085,327;566,694;397,485;118,684;2,464;384,289;116,864;30,826;7,048;878,573;531,195;520,555;10,64;361,618;327,374;34,244;27,389;44,279;-218,7
1989-07-01;1640,578;1092,634;571,581;403,939;114,378;2,736;388,869;119,203;32,613;7,259;889,537;544,003;529,991;14,012;364,646;329,418;35,228;27,096;45,412;-230,114
1989-10-01;1651,85;1099,046;579,785;403,033;113,467;2,76;394,894;117,266;33,031;7,614;904,853;558,427;541,231;17,196;368,164;333,076;35,088;27,275;48,003;-254,87
1990-01-01;1677,617;1117,228;582,523;419,548;112,469;2,688;403,512;118,329;33,369;5,179;925,608;575,472;562,164;13,308;372,969;337,517;35,452;27,125;42,712;-266,267
1990-04-01;1698,384;1133,719;594,611;419,45;116,771;2,888;408,815;118,432;33,902;3,515;942,405;591,328;573,74;17,588;378,083;342,335;35,748;26,95;43,284;-283,665
1990-07-01;1727,597;1150,452;600,726;426,751;119,935;3,04;416,584;121,526;35,658;3,377;951,01;599,992;584,444;15,548;387,698;351,542;36,156;26,93;47,533;-285,566
1990-10-01;1749,686;1157,344;600,814;434,21;118,817;3,504;419,388;131,688;38,423;2,842;973,721;610,676;603,004;7,672;394,541;357,633;36,908;26,967;43,634;-299,854
1991-01-01;1735,008;1142,726;580,772;444,009;115,281;2,664;423,019;121,867;41,525;5,871;993,07;554,288;628,596;-74,308;401,352;364,3;37,052;27,137;27,41;-268,249
1991-04-01;1750,01;1151,052;585,925;451,552;110,888;2,688;429,703;118,376;42,79;8,088;1000,567;619,852;649,452;-29,6;407,506;371,31;36,196;27,213;26,137;-331,264
1991-07-01;1772,637;1165,972;590,237;461,27;111,9;2,564;435,558;117,878;44,567;8,663;1010,226;656,368;659,684;-3,316;410,168;373,94;36,228;27,504;29,295;-360,924
1991-10-01;1796,918;1185,826;598,671;471,532;113,131;2,492;440,648;113,781;46,414;10,249;1015,565;694,108;689,384;4,724;415,738;380,938;34,8;28,098;24,97;-381,56
1992-01-01;1812,591;1192,965;588,897;476,405;125,009;2,652;452,493;109,996;47,358;9,779;1026,911;732,531;716,187;16,344;415,512;381,136;34,376;28,575;12,029;-402,966
1992-04-01;1841,43;1217,761;607,169;481,22;126,767;2,604;458,105;107,302;47,807;10,454;1037,683;754,443;736,087;18,356;418,034;383,662;34,372;29,224;8,598;-406,551
1992-07-01;1852,994;1226,867;616,201;485,976;122,098;2,592;461,215;104,474;49,055;11,383;1059,862;764,535;747,643;16,892;418,523;384,215;34,308;30,392;9,845;-430,162
1992-10-01;1887,541;1263,167;638,942;489,897;131,623;2,704;456,539;103,704;53,972;10,159;1069,076;782,595;751,983;30,612;416,795;382,763;34,032;32,161;3,26;-416,345
1993-01-01;1889,957;1245,964;617,005;489,749;136,367;2,844;475,941;105,253;53,191;9,608;1063,331;788,75;772,154;16,596;422,046;388,074;33,972;35,468;8,441;-428,078
1993-04-01;1938,341;1292,366;643,507;497,551;148,669;2,64;476,416;104,337;53,477;11,745;1065,873;796,518;778,018;18,5;423,147;389,315;33,832;37,558;5,343;-390,096
1993-07-01;1958,126;1307,459;659,21;504,893;140,65;2,708;481,029;103,681;54,088;11,867;1076,738;813,77;792,662;21,108;423,813;389,157;34,656;37,688;6,353;-400,236
1993-10-01;2026,129;1370,242;675,296;520,314;171,866;2,768;485,197;102,113;56,076;12,501;1086,217;828,266;797,702;30,564;421,965;387,769;34,196;36,01;7,65;-353,979
1994-01-01;2034,424;1357,552;673,667;531,463;149,467;2,956;500,407;104,822;58,811;12,832;1089,658;826,232;811,976;14,256;420,578;386,518;34,06;33,567;14,663;-350,273
1994-04-01;2088,223;1403,43;697,839;544,395;158,008;3,188;507,581;106,087;58,377;12,748;1099,099;832,964;816,792;16,172;428,726;393,954;34,772;32,376;18,235;-323,176
1994-07-01;2117,154;1422,887;695,382;550,51;173,818;3,176;513,57;108,33;59,629;12,739;1121,368;840,428;820,44;19,988;437,619;401,375;36,244;31,945;21,973;-336,177
1994-10-01;2149,496;1446,872;705,402;554,622;183,6;3,248;521,111;110,846;58,363;12,304;1122,279;870,3;840,928;29,372;449,398;409,054;40,344;32,204;24,79;-349,474
1995-01-01;2186,448;1471,327;724,613;555,321;187,793;3,6;528,188;112,752;57,758;16,423;1130,628;880,336;864,056;16,28;463,265;422,633;40,632;33,964;20,494;-342,239
1995-04-01;2210,738;1488,532;746,808;553,593;184,424;3,708;532,703;115,891;57,453;16,159;1142,497;887,052;872,6;14,452;472,866;426,898;45,968;34,614;18,207;-344,498
1995-07-01;2235,238;1506,336;752,216;558,946;191,007;4,168;538,068;116,789;57,452;16,592;1148,542;893,02;877,744;15,276;477,271;427,323;49,948;35,147;19,47;-338,212
1995-10-01;2261,63;1525,053;769,99;563,75;187,125;4,188;543,052;119,314;57,357;16,853;1145,305;887,188;871,68;15,508;478,622;426,822;51,8;35,523;20,148;-305,156
1996-01-01;2311,174;1571,044;801,731;570,417;194,291;4,604;545,944;118,234;58,745;17,206;1154,479;923,915;900,871;23,044;479,068;425,668;53,4;35,502;9,132;-290,923
1996-04-01;2378,821;1627,539;839,564;577,683;205,452;4,84;554,381;119,079;60,438;17,385;1169,909;935,635;920,351;15,284;476,378;421,346;55,032;35,434;13,187;-251,721
1996-07-01;2400,315;1636,54;843,542;581,754;205,86;5,384;561,768;121,776;62,08;18,15;1175,713;932,207;916,143;16,064;480,154;423,67;56,484;35,193;18,407;-241,359
1996-10-01;2462,291;1671,092;863,498;593,156;208,645;5,792;569,371;122,19;81,365;18,273;1191,454;945,351;918,231;27,12;481,854;419,714;62,14;34,807;21,818;-212,994
1997-01-01;2495,859;1712,677;902,112;595,715;210,014;4,836;577,3;122,951;65,033;17,897;1196,67;951,848;938,292;13,556;482,644;416,628;66,016;34,375;19,202;-188,881
1997-04-01;2540,004;1745,571;916,234;610,396;214,03;4,912;584,877;124,43;66,544;18,582;1218,569;952,84;939,232;13,608;485,34;416,38;68,96;33,647;24,545;-174,937
1997-07-01;2597,064;1788,746;941,108;616,58;226,002;5,056;593,572;124,765;71,968;18,013;1223,761;959,408;944,996;14,412;486,849;415,821;71,028;33,432;32,645;-139,031
1997-10-01;2628,967;1813,053;967,83;623,765;215,878;5,58;605,27;124,247;68,575;17,822;1243,113;976,8;950,552;26,248;486,412;413,648;72,764;33,786;43,655;-154,799
1998-01-01;2672,72;1843,404;996,132;629,053;213,455;4,764;613,322;128,947;70,196;16,851;1236,791;974,153;960,029;14,124;483,715;411,355;72,36;33,81;44,825;-100,574
1998-04-01;2711,572;1872,908;1022,352;635,519;209,941;5,096;622,763;128,933;69,744;17,225;1262,624;977,737;964,269;13,468;481,296;408,5;72,796;35,006;54,885;-99,976
1998-07-01;2758,569;1907,614;1043,209;643,027;215,798;5,58;632,569;129,343;71,796;17,248;1273,083;981,873;965,525;16,348;479,051;407,255;71,796;36,784;63,747;-75,969
1998-10-01;2809,265;1936,827;1067,989;650,29;211,267;7,28;642,359;128,991;84,916;16,172;1297,932;1002,597;974,669;27,928;473,092;401,708;71,384;39,872;76,04;-80,268
1999-01-01;2838,833;1963,321;1077,946;657,528;222,28;5,566;653,338;126,428;77,936;17,811;1312,07;1005,641;991,89;13,751;466,637;396,56;70,077;42,447;82,421;-70,383
1999-04-01;2876,05;1988,294;1095,158;667,068;219,882;6,187;658,967;128,18;83,3;17,309;1332,245;1009,059;993,558;15,501;466,379;398,488;67,891;45,027;88,445;-65,105
1999-07-01;2925,945;2029,389;1120,596;679,003;223,266;6,524;666,393;131,428;81,906;16,829;1363,943;1019,637;1004,85;14,787;464,611;398,768;65,843;46,449;96,28;-64,975
1999-10-01;2994,852;2078,885;1153,957;690,739;227,984;6,205;679,614;137,433;83,552;15,367;1397,451;1034,434;1013,438;20,996;464,865;400,171;64,694;46,913;108,614;-57,425
2000-01-01;3097,926;2153,843;1208,755;698,55;239,394;7,144;699,456;140,044;89,734;14,849;1400,74;1040,039;1025,585;14,454;464,311;399,709;64,603;45,067;118,3;29,468
2000-04-01;3132,192;2182,981;1230,16;707,315;237,599;7,907;701,947;143,524;90,121;13,619;1436,707;1067,391;1051,017;16,375;463,248;396,913;66,336;45,472;108,264;11,11
2000-07-01;3148,496;2185,441;1247,708;711,26;219,048;7,425;715,187;145,573;92,203;10,093;1445,874;1080,941;1063,585;17,356;463,789;398,847;64,942;45,819;119,005;-6,931
2000-10-01;3174,005;2204,836;1258,695;717,097;221,267;7,777;720,982;146,917;94,016;7,253;1467,031;1098,447;1074,901;23,546;467,898;403,445;64,452;47,002;118,207;-24,58
2001-01-01;3207,534;2219,141;1301,904;724,18;185,054;8,002;736,102;150,808;95,237;6,247;1505,376;1132,753;1117,324;15,429;466,375;403,93;62,444;55,232;106,907;-59,108
2001-04-01;3203,515;2219,291;1308,869;724,146;179,041;7,236;736,889;146,022;96,77;4,542;1528,813;1164,245;1148,488;15,757;461,148;401,306;59,843;62,013;98,138;-110,843
2001-07-01;2991,067;2006,207;1113,622;725,338;159,256;7,99;736,117;141,63;97,956;9,156;1549,927;1171,823;1154,828;16,995;458,154;402,948;55,206;71,162;82,647;-342,644
2001-10-01;3095,565;2119,764;1231,793;737,095;142,385;8,491;738,705;133,941;100,469;2,686;1568,487;1221,14;1201,872;19,268;453,594;400,521;53,073;46,433;73,405;-267,492
2002-01-01;2954,3;1970,577;1075,158;744,026;143,824;7,568;746,861;130,339;101,948;4,575;1605,292;1254,012;1230,725;23,286;444,603;393,909;50,694;42,574;62,258;-454,438
2002-04-01;2950,054;1960,277;1050,988;751,293;150,029;7,968;755,264;126,631;102,368;5,513;1636,032;1274,453;1256,79;17,663;447,704;397,952;49,752;39,822;46,897;-494,855
2002-07-01;2974,211;1978,641;1044,121;768,491;157,96;8,069;758,096;123,849;103,201;10,424;1654,189;1286,916;1269,667;17,25;454,181;404,979;49,201;41,333;46,776;-509,184
2002-10-01;2994,806;1998,902;1038,444;776,312;175,496;8,65;760,783;120,255;105,087;9,78;1687,762;1305,929;1286,543;19,386;462,407;412,217;50,19;41,856;44,417;-547,566
2003-01-01;3012,716;2013,814;1021,348;788,612;196,05;7,803;767,146;118,508;106,168;7,08;1714,899;1326,883;1304,617;22,266;467,769;418,539;49,229;47,12;40,823;-584,778
2003-04-01;3034,934;2024,179;1020,795;799,992;192,632;10,76;777,813;119,317;107,954;5,672;1740,502;1346,299;1322,817;23,483;475,079;428,082;46,997;57,14;37,164;-621,251
2003-07-01;3005,928;1985,844;950,666;812,991;213,867;8,319;787,734;118,115;110,021;4,214;1751,361;1366,561;1345,847;20,714;479,413;431,347;48,066;45,922;40,243;-677,573
2003-10-01;3124,925;2088,872;1021,343;820,869;236,571;10,088;800,139;118,381;114,016;3,517;1778,75;1372,316;1352,135;20,182;480,079;431,625;48,454;46,047;44,786;-597,053
2004-01-01;3162,83;2116,19;1012,259;847,322;246,99;9,618;813,421;114,547;116,672;2,001;1812,273;1416,591;1390,329;26,262;477,283;426,97;50,313;44,242;48,806;-636,364
2004-04-01;3227,87;2162,466;1026,759;859,898;266,759;9,049;827,997;116,857;119,405;1,145;1837,411;1433,383;1411,252;22,131;474,535;418,63;55,904;43,662;57,795;-618,914
2004-07-01;3317,097;2232,555;1064,383;871,333;288,345;8,496;843,653;120,159;121,24;-0,511;1866,277;1442,446;1420,692;21,754;480,529;421,974;58,555;45,378;65,363;-582,896
2004-10-01;3388,795;2292,248;1091,579;893,838;293,556;13,276;849,461;126,391;121,91;-1,215;1891,719;1461,494;1439,732;21,763;490,283;428,413;61,87;52,263;60,417;-567,382
2005-01-01;3579,16;2468,8;1172,277;915,059;370,593;10,873;862,745;127,26;122,442;-2,086;1924,577;1504,386;1475,454;28,932;502,884;435,801;67,084;56,729;52,845;-462,263
2005-04-01;3628,818;2502,606;1196,293;937,317;359,036;9,96;870,962;133,369;124,824;-2,943;1942,015;1521,185;1497,402;23,784;519,147;448,43;70,717;60,694;50,657;-464,881
2005-07-01;3699,425;2555,925;1225,48;952,103;365,223;13,118;884,222;138,745;124,976;-4,442;1977,107;1541,478;1512,872;28,605;527,418;454,758;72,66;61,986;57,668;-466,231
2005-10-01;3803,891;2636,797;1255,774;965,272;402,882;12,867;894,12;146,835;130,465;-4,326;2004,41;1556,188;1524,264;31,924;536,619;459,779;76,84;64,234;59,726;-417,283
2006-01-01;3930,959;2729,825;1320,481;981,844;416,854;10,646;917,854;154,839;130,763;-2,322;2040,401;1603,784;1578,873;24,912;543,204;462,782;80,422;55,729;19,485;-331,645
2006-04-01;3995,314;2781,517;1351,258;991,688;427,581;10,991;922,677;163,313;132,574;-4,767;2058,753;1627,046;1595,491;31,556;555,342;469,156;86,187;51,546;16,366;-313,739
2006-07-01;4043,237;2821,099;1358,615;1004,102;446,571;11,809;927,19;168,488;133,635;-7,175;2080,203;1654,326;1620,895;33,431;566,442;477,952;88,49;49,886;13,205;-320,825
2006-10-01;4079,141;2839,261;1397,497;1010,524;409,794;21,446;940,82;173,427;134,989;-9,356;2112,456;1653,936;1626,478;27,457;578,486;484,857;93,629;48,708;18,67;-333,115
2007-01-01;4191,308;2918,189;1466,544;1025,852;413,646;12,144;960,377;187,181;137,437;-11,876;2144,207;1731,317;1693,218;38,099;588,312;489,12;99,193;49,499;11,37;-333,397
2007-04-01;4225,351;2949,88;1495,933;1033,08;407,173;13,694;961,96;187,697;138,076;-12,263;2180,314;1722,232;1693,67;28,562;600,403;495,818;104,585;58,181;0,401;-336,181
2007-07-01;4203,065;2918,559;1498,852;1035,796;370,913;12,997;965,292;188,705;142,758;-12,249;2212,744;1747,624;1713,618;34,006;606,277;503,28;102,997;55,913;-7,009;-412,485
2007-10-01;4218,639;2930,685;1508,627;1052,587;352,745;16,727;976,875;182,565;143,609;-15,096;2256,863;1784,759;1741,993;42,766;605,074;500,094;104,98;54,744;-6,329;-476,474
2008-01-01;4189,862;2887,505;1535,137;1045,748;291,925;14,696;988,755;184,384;145,32;-16,103;2297,995;1820,589;1781,852;38,737;593,305;486,15;107,155;51,941;-20,574;-553,394
2008-04-01;4204,28;2900,388;1552,464;1054,693;278,733;14,499;990,996;182,337;147,677;-17,118;2344,055;2169,484;2132,448;37,036;583,281;476,028;107,253;51,66;-33,747;-910,453
2008-07-01;4123,101;2835,71;1497,496;1058,494;264,368;15,353;996,387;160,024;148,069;-17,088;2391,292;1959,416;1919,435;39,981;588,561;485,735;102,826;52,0;-63,1;-805,067
2008-10-01;3982,652;2670,685;1444,906;1040,028;162,552;23,199;996,611;164,45;167,509;-16,602;2380,419;1945,195;1905,449;39,746;604,068;500,93;103,138;54,626;-90,238;-911,417
2009-01-01;3673,751;2398,301;1202,365;1015,911;166,475;13,549;964,737;158,295;168,028;-15,61;2381,999;2057,905;2017,151;40,754;610,855;511,703;99,152;55,357;-200,915;-1231,449
2009-04-01;3664,688;2350,726;1131,101;1017,312;188,567;13,746;971,24;177,174;179,788;-14,241;2423,922;2203,995;2156,773;47,223;618,114;527,253;90,861;55,465;-242,675;-1394,134
2009-07-01;3685,989;2376,074;1135,303;1028,752;200,681;11,338;968,794;194,365;160,318;-13,562;2447,113;2210,112;2152,81;57,302;625,859;538,693;87,166;67,069;-272,018;-1392,145
2009-10-01;3769,664;2432,636;1140,741;1045,298;234,162;12,437;972,153;216,282;163,404;-14,81;2480,682;2210,641;2168,159;42,481;631,386;543,764;87,621;55,499;-286,941;-1321,602
2010-01-01;3831,745;2498,442;1191,795;1044,645;249,772;12,231;978,597;207,252;163,736;-16,282;2500,641;2323,297;2278,336;44,962;632,348;541,798;90,55;54,794;-299,554;-1379,781
2010-04-01;3887,184;2544,579;1213,243;1062,14;255,593;13,604;989,472;207,362;164,226;-18,455;2517,742;2329,403;2285,084;44,319;644,787;551,101;93,686;55,491;-286,986;-1373,252
2010-07-01;3975,798;2610,563;1256,304;1069,075;272,561;12,622;992,298;224,666;167,827;-19,556;2508,885;2357,655;2308,724;48,93;654,109;554,447;99,662;56,001;-284,658;-1316,194
2010-10-01;4035,95;2666,562;1289,139;1076,434;283,996;16,991;994,314;227,843;167,121;-19,889;2516,921;2368,32;2319,455;48,865;662,591;558,741;103,851;56,948;-287,455;-1281,375
2011-01-01;4101,762;2808,912;1426,57;1091,504;277,285;13,553;916,21;227,33;168,792;-19,482;2516,417;2378,579;2329,924;48,656;673,281;567,798;105,484;58,877;-262,663;-1262,731
2011-04-01;4128,021;2841,765;1445,862;1105,484;276,915;13,505;918,875;214,949;170,74;-18,309;2531,982;2380,772;2329,126;51,646;688,556;581,295;107,26;59,902;-268,552;-1264,64
2011-07-01;4123,205;2839,86;1471,428;1103,878;248,153;16,399;927,295;203,547;170,047;-17,544;2501,81;2370,364;2320,288;50,077;698,915;589,937;108,978;60,169;-264,243;-1243,812
2011-10-01;4160,182;2888,737;1470,904;1114,028;286,997;16,807;921,863;197,285;168,327;-16,031;2495,035;2378,071;2329,412;48,659;704,079;596,552;107,527;61,083;-280,978;-1197,11
2012-01-01;4252,184;2925,309;1468,324;1130,876;310,714;15,394;944,865;232,574;164,083;-14,645;2517,184;2363,345;2314,451;48,894;705,183;600,678;104,506;58,394;-285,635;-1106,29
2012-04-01;4279,086;2962,714;1487,683;1133,897;325,041;16,094;949,354;222,076;158,911;-13,969;2503,34;2388,911;2339,714;49,197;705,332;603,046;102,286;58,058;-287,214;-1089,343
2012-07-01;4299,988;2990,654;1510,004;1131,325;332,877;16,449;952,3;216,595;153,584;-13,145;2519,684;2396,055;2343,676;52,379;704,178;598,964;105,214;56,306;-290,607;-1085,631
2012-10-01;4407,263;3072,102;1572,046;1148,362;332,829;18,866;974,121;210,439;163,424;-12,824;2521,55;2411,228;2364,307;46,921;700,294;593,025;107,268;59,391;-279,827;-1005,377
2013-01-01;4667,295;3193,997;1650,843;1175,409;350,617;17,129;1095,858;220,105;169,985;-12,65;2524,169;2430,349;2384,197;46,152;688,126;583,597;104,529;59,388;-291,942;-742,796
2013-04-01;4943,506;3227,579;1683,862;1179,354;347,249;17,114;1108,227;454,136;167,54;-13,977;2531,613;2444,27;2397,08;47,19;684,261;580,975;103,286;60,106;-279,424;-497,32
2013-07-01;4760,249;3238,907;1676,332;1190,191;353,854;18,53;1111,367;255,462;168,734;-14,221;2530,734;2467,444;2415,06;52,384;684,312;583,438;100,874;59,966;-286,424;-695,782
2013-10-01;4947,21;3273,826;1699,103;1198,34;356,649;19,734;1122,309;361,72;203,08;-13,725;2536,463;2467,961;2422,755;45,207;689,466;588,141;101,325;59,42;-288,44;-517,66
2014-01-01;4983,822;3376,181;1745,793;1215,936;392,621;21,831;1145,001;288,156;184,798;-10,315;2547,392;2496,445;2452,559;43,886;694,631;591,716;102,915;58,698;-276,301;-537,043
2014-04-01;5054,559;3428,553;1759,499;1234,846;414,281;19,927;1149,73;259,951;225,277;-8,953;2548,426;2549,822;2504,002;45,82;701,794;598,747;103,047;58,475;-285,533;-518,425
2014-07-01;5075,482;3452,187;1799,758;1245,624;386,704;20,101;1161,38;232,386;237,328;-7,799;2581,399;2591,506;2544,195;47,311;703,929;599,826;104,103;58,183;-287,354;-572,181
2014-10-01;5102,601;3502,187;1837,669;1254,442;390,389;19,686;1179,092;235,513;192,639;-6,831;2571,889;2618,101;2571,789;46,312;705,068;602,732;102,336;57,002;-287,914;-561,546
2015-01-01;5183,684;3589,396;1905,569;1259,103;402,746;21,978;1194,201;213,021;191,52;-4,454;2574,327;2664,181;2617,819;46,362;693,256;594,204;99,052;55,995;-299,815;-504,26
2015-04-01;5269,59;3644,905;1943,891;1270,87;408,312;21,831;1206,138;216,936;205,18;-3,569;2601,375;2696,555;2654,185;42,37;692,808;596,47;96,338;56,442;-303,859;-473,732
2015-07-01;5272,337;3627,625;1948,277;1275,845;380,225;23,278;1216,101;243,19;187,59;-2,169;2615,896;2715,55;2668,318;47,232;697,805;601,633;96,171;57,676;-308,003;-506,586
2015-10-01;5416,494;3624,755;1965,813;1287,997;349,316;21,63;1223,62;294,327;274,987;-1,195;2624,356;2725,018;2681,87;43,148;708,212;609,89;98,322;58,654;-316,83;-382,916
2016-01-01;5281,461;3606,524;1925,301;1292,489;364,104;24,63;1230,846;235,606;208,926;-0,44;2621,296;2759,508;2706,689;52,819;723,604;619,887;103,717;60,689;-318,923;-564,715
2016-04-01;5296,541;3632,226;1943,994;1297,521;367,137;23,575;1237,01;221,149;208,677;-2,521;2642,923;2772,776;2727,317;45,459;734,416;626,188;108,227;62,38;-326,563;-589,391
2016-07-01;5351,95;3691,676;1972,517;1320,127;375,515;23,517;1248,092;223,071;191,765;-2,655;2668,281;2797,835;2747,688;50,147;742,134;631,61;110,525;62,998;-328,503;-590,796
2016-10-01;5386,831;3697,476;1993,195;1326,366;353,426;24,489;1261,516;212,187;218,654;-3,001;2680,996;2815,731;2771,166;44,565;748,135;636,906;111,229;60,924;-328,689;-590,266
2017-01-01;5397,824;3632,08;2004,238;1336,928;266,907;24,007;1282,56;247,131;240,229;-4,176;2689,905;2845,665;2800,498;45,168;751,741;639,574;112,166;59,353;-322,646;-626,194
2017-04-01;5383,586;3670,155;2012,301;1353,479;279,588;24,787;1294,889;228,009;195,058;-4,525;2695,724;2852,943;2811,341;41,603;763,507;647,457;116,049;58,042;-323,559;-663,071
2017-07-01;5469,568;3747,784;2055,065;1371,965;295,695;25,059;1310,092;217,587;198,554;-4,449;2715,851;2889,608;2845,32;44,288;772,999;650,479;122,521;61,912;-324,929;-645,874
2017-10-01;5576,476;3840,0;2123,711;1393,513;296,923;25,853;1329,081;211,538;199,716;-3,86;2761,375;2912,861;2859,776;53,086;782,329;653,947;128,382;60,192;-323,507;-616,775
2018-01-01;5560,614;3790,129;2071,599;1423,291;270,358;24,881;1349,09;209,561;215,003;-3,17;2801,299;2959,158;2914,566;44,592;791,693;657,357;134,336;58,705;-338,323;-711,918
2018-04-01;5595,242;3814,199;2058,107;1440,928;289,506;25,658;1359,026;205,873;219,11;-2,965;2839,147;2993,335;2939,99;53,345;814,667;675,654;139,012;58,236;-345,843;-764,301
2018-07-01;5702,331;3861,463;2085,264;1463,593;287,142;25,465;1375,708;223,081;246,529;-4,45;2885,521;3013,464;2960,896;52,569;837,341;693,676;143,665;57,831;-349,975;-741,851
2018-10-01;5716,573;3902,486;2081,643;1500,564;293,331;26,949;1384,327;221,191;216,35;-7,781;2912,96;3035,004;2979,528;55,476;862,889;715,571;147,317;78,508;-366,622;-806,165
2019-01-01;5783,009;3963,256;2156,669;1507,48;273,329;25,777;1416,777;205,041;210,874;-12,939;2939,184;3123,794;3071,268;52,526;881,473;729,807;151,666;69,056;-391,106;-839,392
2019-04-01;5894,042;4053,01;2222,161;1519,178;285,12;26,551;1424,062;217,194;214,477;-14,701;2998,08;3152,131;3105,923;46,208;894,097;741,277;152,82;58,873;-403,308;-805,831
2019-07-01;5896,753;4049,174;2197,94;1551,998;272,479;26,757;1430,576;196,868;233,022;-12,887;3040,109;3179,931;3129,402;50,529;887,633;736,991;150,642;81,199;-412,283;-879,837
2019-10-01;5962,197;4105,798;2220,394;1553,813;304,753;26,838;1448,383;206,625;208,915;-7,524;3082,281;3195,619;3143,452;52,167;870,984;727,786;143,198;82,699;-410,729;-858,657
2020-01-01;5990,955;4102,378;2255,92;1562,598;255,408;28,453;1473,541;215,737;200,653;-1,354;3139,204;3254,072;3199,513;54,559;843,861;710,392;133,469;80,643;-428,768;-898,057
2020-04-01;5636,34;3822,6;2111,917;1420,893;263,508;26,281;1402,73;205,816;206,265;-1,071;3207,003;5558,255;5508,514;49,742;809,457;686,919;122,537;976,421;-1446,583;-3468,214
2020-07-01;6032,606;4152,492;2263,341;1535,828;326,383;26,94;1452,391;222,816;210,098;-5,191;3179,679;4452,834;4395,424;57,41;800,031;679,851;120,18;1108,995;-1266,04;-2242,892
2020-10-01;6237,984;4319,642;2394,744;1562,736;333,216;28,946;1489,658;209,065;219,309;0,311;3187,264;3816,147;3763,553;52,594;807,858;683,302;124,557;461,366;-765,507;-1269,144
2021-01-01;6457,782;4528,497;2577,641;1581,709;338,883;30,265;1505,914;201,911;228,747;-7,286;3320,033;6094,039;6034,971;59,068;825,864;693,268;132,597;388,027;-1048,996;-3121,186
2021-04-01;6770,833;4788,236;2703,921;1675,148;378,868;30,3;1541,753;227,433;222,264;-8,853;3337,106;4395,47;4344,459;51,011;849,314;708,019;141,295;701,31;-903,47;-1608,896
2021-07-01;6946,333;4898,081;2789,859;1685,376;391,523;31,324;1579,369;247,786;225,91;-4,813;3378,144;4159,01;4079,658;79,352;867,925;715,046;152,879;547,754;-663,801;-1342,699
2021-10-01;7250,233;5133,501;2901,62;1745,454;454,0;32,427;1626,308;257,646;231,625;1,153;3429,799;3945,009;3887,614;57,395;878,727;718,468;160,26;293,872;-449,303;-847,87
2022-01-01;7671,693;5494,805;3162,775;1783,973;513,938;34,119;1668,809;266,562;233,531;7,985;3473,203;3958,216;3891,853;66,364;885,207;718,792;166,415;152,026;-489,806;-307,153
2022-04-01;7743,021;5536,628;3157,77;1812,348;532,297;34,214;1690,403;246,079;262,317;7,593;3557,149;3996,279;3919,04;77,239;926,019;753,968;172,05;130,118;-477,884;-388,659
2022-07-01;7685,38;5524,227;3137,041;1824,004;529,786;33,396;1731,91;180,933;243,814;4,497;3595,511;4025,827;3912,132;113,695;997,968;810,488;187,48;118,408;-443,593;-608,741
2022-10-01;7659,194;5483,636;3095,669;1820,57;534,125;33,273;1738,635;156,02;283,237;-2,334;3654,444;4101,58;4003,88;97,7;1085,499;888,918;196,581;109,245;-456,483;-835,091
2023-01-01;7346,834;5190,36;2763,673;1831,057;561,1;34,53;1779,942;142,838;240,79;-7,097;3702,073;4128,421;4032,737;95,685;1152,031;951,13;200,901;101,4;-526,792;-1210,299
2023-04-01;7290,836;5114,369;2703,839;1821,591;554,079;34,86;1800,076;142,449;243,984;-10,042;3695,458;4143,817;4049,043;94,774;1202,12;997,447;204,673;99,869;-528,641;-1321,785
2023-07-01;7405,42;5197,184;2765,325;1830,716;566,743;34,399;1823,306;147,339;248,804;-11,214;3790,156;4109,567;4020,026;89,541;1279,938;1069,353;210,585;103,098;-518,66;-1358,679
2023-10-01;7536,86;5270,011;2792,473;1847,176;595,121;35,241;1831,698;164,101;281,336;-10,287;3822,65;4084,11;4011,502;72,608;1322,512;1115,796;206,716;99,951;-531,568;-1260,795
2024-01-01;7775,112;5443,196;2930,182;1855,199;621,877;35,938;1870,014;164,322;307,482;-9,903;3877,098;4237,618;4174,986;62,632;1345,877;1136,508;209,369;97,215;-561,259;-1221,438
