date;Advance Retail Sales: Retail Trade;Advance Retail Sales: Retail Trade and Food Services;Advance Retail Sales: Clothing and Clothing Accessory Stores;Advance Retail Sales: Furniture and Home Furnishings Stores;Advance Retail Sales: Food Services and Drinking Places;Advance Retail Sales: Electronics and Appliance Stores;Advance Retail Sales: Grocery Stores;Advance Retail Sales: Gasoline Stations;Advance Retail Sales: Retail Trade and Food Services, Excluding Motor Vehicle and Parts Dealers;Advance Retail Sales: Building Materials, Garden Equipment and Supplies Dealers;Advance Retail Sales: Motor Vehicle and Parts Dealers;Advance Retail Sales: Nonstore Retailers;Advance Retail Sales: Food and Beverage Stores;Advance Retail Sales: Department Stores;Advance Retail Sales: Sporting Goods, Hobby, Musical Instrument, and Book Stores;Advance Retail Sales: General Merchandise Stores;Advance Retail Sales: Health and Personal Care Stores;Advance Retail Sales: Retail Trade and Food Services, Excluding Motor Vehicle and Parts Dealers and Gasoline Stations;Advance Retail Sales: Auto and Other Motor Vehicle Dealers;Advance Retail Sales: Miscellaneous Store Retailers;Advance Retail Sales: Retail Trade and Food Services, Excluding Gasoline Stations
1992-01-01;146925,0;164095,0;9716,0;4254,0;17170,0;3874,0;27835,0;12803,0;130617,0;10845,0;33478,0;6515,0;30437,0;14134,0;3385,0;19879,0;7421,0;117814,0;30167,0;4318,0;151292,0
1992-02-01;147223,0;164213,0;9712,0;4342,0;16990,0;3904,0;27720,0;12601,0;130396,0;10904,0;33817,0;6110,0;30382,0;14472,0;3516,0;20202,0;7425,0;117795,0;30457,0;4308,0;151612,0
1992-03-01;146805,0;163721,0;9669,0;4330,0;16916,0;3916,0;27848,0;12639,0;130385,0;10986,0;33336,0;6018,0;30526,0;14543,0;3482,0;20168,0;7443,0;117746,0;29891,0;4292,0;151082,0
1992-04-01;148032,0;164709,0;9862,0;4359,0;16677,0;3958,0;27867,0;12710,0;130933,0;10738,0;33776,0;6327,0;30602,0;14529,0;3535,0;20258,0;7516,0;118223,0;30361,0;4391,0;151999,0
1992-05-01;149010,0;165612,0;9755,0;4331,0;16602,0;3981,0;27987,0;12870,0;131255,0;10777,0;34357,0;6550,0;30718,0;14634,0;3512,0;20345,0;7458,0;118385,0;30847,0;4356,0;152742,0
1992-06-01;149800,0;166077,0;9915,0;4401,0;16277,0;3992,0;28011,0;12886,0;131296,0;10790,0;34781,0;6653,0;30761,0;14597,0;3549,0;20298,0;7417,0;118410,0;31260,0;4357,0;153191,0
1992-07-01;150761,0;167257,0;9957,0;4368,0;16496,0;4081,0;28183,0;12966,0;132058,0;10785,0;35199,0;6891,0;30963,0;14469,0;3586,0;20205,0;7292,0;119092,0;31729,0;4468,0;154291,0
1992-08-01;151067,0;167800,0;10141,0;4372,0;16733,0;4048,0;28222,0;13092,0;133215,0;10915,0;34585,0;6766,0;31041,0;14729,0;3512,0;20593,0;7508,0;120123,0;31124,0;4494,0;154708,0
1992-09-01;152588,0;169400,0;10154,0;4345,0;16812,0;4098,0;28122,0;13246,0;133510,0;10980,0;35890,0;6714,0;30942,0;14816,0;3566,0;20684,0;7420,0;120264,0;32369,0;4549,0;156154,0
1992-10-01;153521,0;170625,0;10174,0;4299,0;17104,0;4186,0;28328,0;13304,0;134653,0;10971,0;35972,0;6665,0;31148,0;14870,0;3607,0;20851,0;7535,0;121349,0;32396,0;4809,0;157321,0
1992-11-01;153583,0;171003,0;10076,0;4368,0;17420,0;4118,0;28184,0;13358,0;135075,0;10873,0;35928,0;6610,0;30992,0;14994,0;3626,0;21078,0;7497,0;121717,0;32336,0;5059,0;157645,0
1992-12-01;155614,0;173105,0;10318,0;4428,0;17491,0;4248,0;28233,0;13475,0;136833,0;11082,0;36272,0;6597,0;31057,0;15310,0;3800,0;21752,0;7526,0;123358,0;32693,0;5059,0;159630,0
1993-01-01;157555,0;175108,0;10581,0;4637,0;17553,0;4395,0;28220,0;13398,0;137487,0;11333,0;37621,0;6644,0;31045,0;15334,0;3648,0;21383,0;7518,0;124089,0;34021,0;5352,0;161710,0
1993-02-01;156266,0;173744,0;10150,0;4507,0;17478,0;4343,0;28419,0;13596,0;137021,0;11410,0;36723,0;6780,0;31233,0;15119,0;3585,0;21392,0;7651,0;123425,0;33087,0;4896,0;160148,0
1993-03-01;154752,0;172306,0;9916,0;4463,0;17554,0;4383,0;28307,0;13487,0;136351,0;11184,0;35955,0;7009,0;31058,0;14985,0;3608,0;21273,0;7605,0;122864,0;32430,0;4811,0;158819,0
1993-04-01;158979,0;176749,0;10257,0;4564,0;17770,0;4460,0;28367,0;13539,0;138228,0;11417,0;38521,0;6868,0;31129,0;15406,0;3749,0;21759,0;7683,0;124689,0;34849,0;5033,0;163210,0
1993-05-01;160605,0;178426,0;10386,0;4642,0;17821,0;4485,0;28386,0;13521,0;139420,0;11720,0;39006,0;7309,0;31164,0;15523,0;3746,0;21993,0;7666,0;125899,0;35267,0;4967,0;164905,0
1993-06-01;160127,0;178157,0;10411,0;4609,0;18030,0;4567,0;28377,0;13461,0;139265,0;11669,0;38892,0;6858,0;31168,0;15517,0;3702,0;21957,0;7680,0;125804,0;35171,0;5153,0;164696,0
1993-07-01;162816,0;180743,0;10593,0;4640,0;17927,0;4642,0;28554,0;13502,0;140453,0;11781,0;40290,0;7046,0;31349,0;15757,0;3810,0;22343,0;7756,0;126951,0;36479,0;5064,0;167241,0
1993-08-01;162506,0;180707,0;10406,0;4645,0;18201,0;4667,0;28357,0;13372,0;140203,0;11875,0;40504,0;6999,0;31126,0;15775,0;3804,0;22315,0;7678,0;126831,0;36689,0;5115,0;167335,0
1993-09-01;163258,0;181773,0;10549,0;4640,0;18515,0;4729,0;28478,0;13416,0;141570,0;11786,0;40203,0;7486,0;31201,0;15785,0;3825,0;22429,0;7772,0;128154,0;36342,0;5222,0;168357,0
1993-10-01;164685,0;182884,0;10449,0;4663,0;18199,0;4710,0;28618,0;13755,0;142027,0;11908,0;40857,0;7343,0;31346,0;15985,0;3817,0;22647,0;7758,0;128272,0;37020,0;5432,0;169129,0
1993-11-01;166594,0;184747,0;10475,0;4693,0;18153,0;4741,0;28625,0;13754,0;142670,0;12297,0;42077,0;7561,0;31363,0;15987,0;3930,0;22760,0;7784,0;128916,0;38267,0;5159,0;170993,0
1993-12-01;168161,0;186399,0;10442,0;4693,0;18238,0;4794,0;28773,0;13627,0;143603,0;12583,0;42796,0;7438,0;31499,0;15988,0;4018,0;22905,0;7989,0;129976,0;39035,0;5377,0;172772,0
1994-01-01;167518,0;185142,0;10450,0;4571,0;17624,0;4837,0;28722,0;13656,0;142482,0;12316,0;42660,0;7720,0;31468,0;16036,0;3981,0;22706,0;7865,0;128826,0;38676,0;5288,0;171486,0
1994-02-01;169649,0;188074,0;10587,0;4775,0;18425,0;4949,0;28923,0;13875,0;144389,0;12233,0;43685,0;7681,0;31688,0;16203,0;4095,0;23070,0;7729,0;130514,0;39648,0;5282,0;174199,0
1994-03-01;172766,0;191579,0;10806,0;4910,0;18813,0;5052,0;28914,0;13911,0;147104,0;12767,0;44475,0;7853,0;31700,0;16663,0;4131,0;23657,0;7911,0;133193,0;40435,0;5593,0;177668,0
1994-04-01;173106,0;191639,0;10554,0;4916,0;18533,0;5090,0;29111,0;13867,0;146567,0;13076,0;45072,0;7941,0;31899,0;16337,0;4035,0;23354,0;7838,0;132700,0;40972,0;5464,0;177772,0
1994-05-01;172329,0;190929,0;10451,0;4971,0;18600,0;5185,0;29025,0;13773,0;146831,0;13033,0;44098,0;7859,0;31858,0;16301,0;4119,0;23271,0;7955,0;133058,0;40081,0;5756,0;177156,0
1994-06-01;174241,0;193130,0;10612,0;5018,0;18889,0;5313,0;29311,0;14059,0;148589,0;12987,0;44541,0;8074,0;32123,0;16478,0;4135,0;23626,0;8014,0;134530,0;40475,0;5739,0;179071,0
1994-07-01;174781,0;193743,0;10672,0;5046,0;18962,0;5330,0;29149,0;14322,0;149266,0;13130,0;44477,0;8077,0;31964,0;16543,0;4111,0;23635,0;8084,0;134944,0;40339,0;5933,0;179421,0
1994-08-01;177295,0;196163,0;10839,0;5165,0;18868,0;5411,0;29410,0;14685,0;150931,0;13224,0;45232,0;8241,0;32222,0;16635,0;4249,0;23889,0;8126,0;136246,0;41053,0;6012,0;181478,0
1994-09-01;178787,0;197765,0;10674,0;5177,0;18978,0;5508,0;29545,0;14649,0;151451,0;13375,0;46314,0;8106,0;32401,0;16676,0;4306,0;23995,0;8190,0;136802,0;42187,0;6092,0;183116,0
1994-10-01;180561,0;199571,0;11000,0;5260,0;19010,0;5635,0;29343,0;14709,0;152530,0;13550,0;47041,0;8306,0;32196,0;16796,0;4347,0;24255,0;8214,0;137821,0;42856,0;6048,0;184862,0
1994-11-01;180703,0;199731,0;10983,0;5199,0;19028,0;5753,0;29520,0;14878,0;152528,0;13384,0;47203,0;8092,0;32370,0;16866,0;4221,0;24356,0;8190,0;137650,0;43014,0;6074,0;184853,0
1994-12-01;181524,0;200702,0;10952,0;5254,0;19178,0;5834,0;29443,0;14885,0;153761,0;13981,0;46941,0;8237,0;32294,0;16949,0;4255,0;24583,0;8287,0;138876,0;42718,0;6021,0;185817,0
1995-01-01;182413,0;201573,0;10939,0;5265,0;19160,0;5892,0;29791,0;14915,0;154349,0;13738,0;47224,0;8182,0;32625,0;17205,0;4436,0;24936,0;8306,0;139434,0;42991,0;5955,0;186658,0
1995-02-01;179488,0;198399,0;10582,0;5081,0;18911,0;5827,0;29604,0;14963,0;152497,0;13613,0;45902,0;8307,0;32399,0;16680,0;4298,0;24115,0;8304,0;137534,0;41749,0;6097,0;183436,0
1995-03-01;181013,0;200247,0;10850,0;5130,0;19234,0;5849,0;29619,0;14921,0;153566,0;13587,0;46681,0;8216,0;32415,0;16904,0;4347,0;24579,0;8304,0;138645,0;42482,0;6134,0;185326,0
1995-04-01;181686,0;201032,0;10796,0;5181,0;19346,0;5733,0;29499,0;15021,0;153976,0;13415,0;47056,0;8365,0;32312,0;16985,0;4345,0;24747,0;8450,0;138955,0;42782,0;6265,0;186011,0
1995-05-01;183536,0;202986,0;10976,0;5216,0;19450,0;5956,0;29763,0;15215,0;155268,0;13370,0;47718,0;8518,0;32540,0;16997,0;4380,0;24851,0;8424,0;140053,0;43442,0;6372,0;187771,0
1995-06-01;186081,0;205500,0;10948,0;5217,0;19419,0;6000,0;29812,0;15333,0;155848,0;13548,0;49652,0;8429,0;32597,0;17269,0;4421,0;25166,0;8482,0;140515,0;45312,0;6288,0;190167,0
1995-07-01;185431,0;204920,0;10824,0;5318,0;19489,0;5965,0;29675,0;15249,0;156088,0;13645,0;48832,0;8499,0;32466,0;17487,0;4429,0;25375,0;8431,0;140839,0;44520,0;6398,0;189671,0
1995-08-01;186806,0;206521,0;10813,0;5304,0;19715,0;6159,0;29721,0;15227,0;156773,0;13683,0;49748,0;8699,0;32547,0;17231,0;4462,0;25174,0;8488,0;141546,0;45351,0;6502,0;191294,0
1995-09-01;187366,0;207006,0;11198,0;5407,0;19640,0;6141,0;29735,0;15194,0;157818,0;13837,0;49188,0;8842,0;32625,0;17440,0;4441,0;25469,0;8611,0;142624,0;44783,0;6413,0;191812,0
1995-10-01;186565,0;206176,0;10882,0;5429,0;19611,0;6212,0;29692,0;15007,0;156905,0;13932,0;49271,0;8702,0;32578,0;17188,0;4414,0;25135,0;8584,0;141898,0;44867,0;6419,0;191169,0
1995-11-01;189055,0;208664,0;11269,0;5516,0;19609,0;6263,0;29858,0;14981,0;158801,0;14092,0;49863,0;9170,0;32744,0;17283,0;4532,0;25414,0;8691,0;143820,0;45343,0;6520,0;193683,0
1995-12-01;190774,0;210399,0;11124,0;5445,0;19625,0;6281,0;29994,0;15246,0;160236,0;14683,0;50163,0;9543,0;32903,0;17332,0;4505,0;25554,0;8761,0;144990,0;45687,0;6566,0;195153,0
1996-01-01;189135,0;208699,0;11105,0;5302,0;19564,0;6191,0;30105,0;15479,0;158350,0;14023,0;50349,0;9038,0;33085,0;17082,0;4600,0;25215,0;8546,0;142871,0;45865,0;6202,0;193220,0
1996-02-01;192266,0;212008,0;11341,0;5346,0;19742,0;6248,0;29990,0;15457,0;159720,0;14036,0;52288,0;9400,0;32928,0;17336,0;4485,0;25616,0;8782,0;144263,0;47731,0;6339,0;196551,0
1996-03-01;194029,0;213891,0;11376,0;5566,0;19862,0;6365,0;30125,0;15951,0;161543,0;14153,0;52348,0;9606,0;33076,0;17248,0;4548,0;25576,0;8991,0;145592,0;47809,0;6473,0;197940,0
1996-04-01;194744,0;214676,0;11422,0;5595,0;19932,0;6373,0;30220,0;16252,0;163145,0;14340,0;51531,0;9632,0;33174,0;17675,0;4628,0;26103,0;8922,0;146893,0;46962,0;6772,0;198424,0
1996-05-01;196205,0;216299,0;11504,0;5586,0;20094,0;6428,0;30245,0;16488,0;164099,0;14450,0;52200,0;9519,0;33178,0;17624,0;4432,0;26216,0;9076,0;147611,0;47604,0;7128,0;199811,0
1996-06-01;196136,0;216068,0;11365,0;5678,0;19932,0;6334,0;30288,0;16352,0;164270,0;14902,0;51798,0;9610,0;33281,0;17544,0;4609,0;26085,0;9072,0;147918,0;47172,0;7050,0;199716,0
1996-07-01;196187,0;216332,0;11316,0;5696,0;20145,0;6234,0;30493,0;16075,0;164328,0;14826,0;52004,0;9550,0;33470,0;17581,0;4655,0;26209,0;9134,0;148253,0;47359,0;7018,0;200257,0
1996-08-01;196218,0;216358,0;11360,0;5655,0;20140,0;6340,0;30555,0;16066,0;164886,0;14981,0;51472,0;9468,0;33542,0;17737,0;4738,0;26441,0;9237,0;148820,0;46899,0;6918,0;200292,0
1996-09-01;198859,0;219256,0;11534,0;5762,0;20397,0;6438,0;30565,0;16088,0;166072,0;14989,0;53184,0;9889,0;33494,0;17866,0;4690,0;26590,0;9190,0;149984,0;48567,0;7011,0;203168,0
1996-10-01;200509,0;221060,0;11577,0;5779,0;20551,0;6428,0;30766,0;16360,0;167610,0;15040,0;53450,0;10025,0;33704,0;18017,0;4769,0;26904,0;9363,0;151250,0;48718,0;7110,0;204700,0
1996-11-01;200174,0;220963,0;11318,0;5768,0;20789,0;6356,0;30768,0;16602,0;168253,0;15264,0;52710,0;10390,0;33734,0;17970,0;4692,0;26772,0;9414,0;151651,0;48006,0;7154,0;204361,0
1996-12-01;201284,0;221991,0;11435,0;5746,0;20707,0;6305,0;30879,0;16759,0;169156,0;14980,0;52835,0;10765,0;33819,0;18117,0;4940,0;27051,0;9505,0;152397,0;48069,0;7144,0;205232,0
1997-01-01;202371,0;223481,0;11513,0;5823,0;21110,0;6128,0;31030,0;16938,0;169471,0;15197,0;54010,0;10006,0;34049,0;18138,0;4748,0;27216,0;9448,0;152533,0;49223,0;7295,0;206543,0
1997-02-01;204286,0;225422,0;11468,0;5847,0;21136,0;6370,0;30991,0;16984,0;170821,0;15561,0;54601,0;10350,0;33989,0;18185,0;4666,0;27262,0;9649,0;153837,0;49794,0;7539,0;208438,0
1997-03-01;204990,0;226161,0;11623,0;5916,0;21171,0;6360,0;31109,0;16969,0;171928,0;15862,0;54233,0;10488,0;34156,0;18238,0;4698,0;27304,0;9922,0;154959,0;49373,0;7459,0;209192,0
1997-04-01;203399,0;224615,0;11195,0;5968,0;21216,0;6456,0;31065,0;16613,0;170754,0;15709,0;53861,0;10642,0;34056,0;18096,0;4725,0;27179,0;9578,0;154141,0;49005,0;7417,0;208002,0
1997-05-01;201699,0;222929,0;11413,0;6004,0;21230,0;6400,0;30987,0;16367,0;170738,0;15805,0;52191,0;10547,0;33978,0;18194,0;4763,0;27328,0;9722,0;154371,0;47406,0;7181,0;206562,0
1997-06-01;204675,0;226057,0;11643,0;6034,0;21382,0;6440,0;30804,0;16378,0;171991,0;15918,0;54066,0;10643,0;33892,0;18276,0;4838,0;27433,0;9916,0;155613,0;49176,0;7474,0;209679,0
1997-07-01;207014,0;228703,0;11735,0;6039,0;21689,0;6525,0;31022,0;16396,0;173448,0;15973,0;55255,0;10836,0;34106,0;18529,0;4786,0;27949,0;9950,0;157052,0;50346,0;7464,0;212307,0
1997-08-01;207635,0;229309,0;11828,0;6146,0;21674,0;6541,0;31160,0;16682,0;173821,0;16027,0;55488,0;10432,0;34256,0;18556,0;4745,0;27939,0;9989,0;157139,0;50536,0;7562,0;212627,0
1997-09-01;208326,0;230312,0;11845,0;6162,0;21986,0;6559,0;31171,0;16757,0;174978,0;16283,0;55334,0;10669,0;34281,0;18446,0;4827,0;27868,0;10077,0;158221,0;50355,0;7664,0;213555,0
1997-10-01;208078,0;229836,0;11881,0;6154,0;21758,0;6572,0;31225,0;16711,0;174980,0;16232,0;54856,0;10529,0;34348,0;18580,0;4878,0;28155,0;10058,0;158269,0;49941,0;7704,0;213125,0
1997-11-01;208936,0;230440,0;11936,0;6267,0;21504,0;6628,0;31125,0;16638,0;175126,0;16158,0;55314,0;10675,0;34230,0;18652,0;5015,0;28151,0;10217,0;158488,0;50318,0;7707,0;213802,0
1997-12-01;209363,0;231181,0;12110,0;6290,0;21818,0;6659,0;31063,0;16536,0;175418,0;16356,0;55763,0;10490,0;34190,0;18427,0;4915,0;28008,0;10201,0;158882,0;50945,0;7845,0;214645,0
1998-01-01;209666,0;231587,0;12154,0;6377,0;21921,0;6776,0;30989,0;16225,0;176093,0;16436,0;55494,0;10390,0;34126,0;18474,0;4834,0;28402,0;10382,0;159868,0;50551,0;8070,0;215362,0
1998-02-01;209552,0;231684,0;12199,0;6342,0;22132,0;6797,0;30915,0;16054,0;176843,0;16462,0;54841,0;10626,0;34102,0;18698,0;5027,0;28748,0;10406,0;160789,0;49882,0;7948,0;215630,0
1998-03-01;210832,0;233083,0;12164,0;6340,0;22251,0;6788,0;31123,0;15703,0;176948,0;16511,0;56135,0;10844,0;34275,0;18529,0;5008,0;28714,0;10393,0;161245,0;51122,0;7957,0;217380,0
1998-04-01;213633,0;235986,0;12459,0;6369,0;22353,0;6766,0;31169,0;15798,0;178522,0;16716,0;57464,0;10992,0;34374,0;18649,0;5036,0;29123,0;10620,0;162724,0;52518,0;7916,0;220188,0
1998-05-01;214639,0;237075,0;12304,0;6359,0;22436,0;6829,0;31358,0;16057,0;179193,0;16741,0;57882,0;11189,0;34534,0;18653,0;4986,0;29076,0;10645,0;163136,0;52842,0;8037,0;221018,0
1998-06-01;216337,0;238971,0;12447,0;6426,0;22634,0;6921,0;31435,0;15933,0;179707,0;16662,0;59264,0;11103,0;34592,0;18553,0;5083,0;29170,0;10672,0;163774,0;54306,0;8064,0;223038,0
1998-07-01;214841,0;237411,0;12559,0;6447,0;22570,0;6960,0;31673,0;16087,0;181091,0;16819,0;56320,0;11580,0;34856,0;18489,0;5032,0;29113,0;10828,0;165004,0;51326,0;8240,0;221324,0
1998-08-01;213636,0;236379,0;12460,0;6444,0;22743,0;7047,0;31744,0;15851,0;181382,0;16828,0;54997,0;11375,0;34950,0;18548,0;5057,0;29274,0;11019,0;165531,0;50016,0;8334,0;220528,0
1998-09-01;215720,0;238550,0;12180,0;6419,0;22830,0;6954,0;31702,0;15812,0;181354,0;16972,0;57196,0;11302,0;34916,0;18589,0;5047,0;29559,0;10985,0;165542,0;52181,0;8378,0;222738,0
1998-10-01;219483,0;242549,0;12540,0;6504,0;23066,0;6940,0;31864,0;15948,0;183255,0;17209,0;59294,0;11577,0;35093,0;18692,0;5108,0;29720,0;11106,0;167307,0;54221,0;8444,0;226601,0
1998-11-01;221134,0;244291,0;12736,0;6666,0;23157,0;7000,0;31920,0;16014,0;184474,0;17341,0;59817,0;11553,0;35140,0;18805,0;5093,0;30094,0;11232,0;168460,0;54802,0;8448,0;228277,0
1998-12-01;223179,0;246530,0;12746,0;6687,0;23351,0;6964,0;32291,0;16399,0;186057,0;17702,0;60473,0;11459,0;35533,0;18855,0;5154,0;30129,0;11311,0;169658,0;55400,0;8622,0;230131,0
1999-01-01;223997,0;246868,0;12897,0;6617,0;22871,0;7000,0;32225,0;16394,0;186333,0;17732,0;60535,0;11720,0;35447,0;19059,0;5122,0;30664,0;11415,0;169939,0;55418,0;8454,0;230474,0
1999-02-01;226250,0;249520,0;12920,0;6767,0;23270,0;7024,0;32465,0;16309,0;188260,0;17943,0;61260,0;11821,0;35707,0;19351,0;5292,0;31094,0;11498,0;171951,0;56116,0;8615,0;233211,0
1999-03-01;227417,0;250667,0;13075,0;6831,0;23250,0;7116,0;32419,0;16529,0;189026,0;17760,0;61641,0;12052,0;35652,0;19372,0;5273,0;31390,0;11595,0;172497,0;56554,0;8503,0;234138,0
1999-04-01;229037,0;252477,0;13139,0;6794,0;23440,0;7195,0;32700,0;17115,0;190327,0;17791,0;62150,0;12345,0;36013,0;19075,0;5277,0;31009,0;11619,0;173212,0;56965,0;8590,0;235362,0
1999-05-01;231235,0;254735,0;13373,0;6884,0;23500,0;7230,0;32776,0;17186,0;191524,0;17914,0;63211,0;12558,0;36060,0;19032,0;5328,0;31165,0;11741,0;174338,0;58046,0;8585,0;237549,0
1999-06-01;231903,0;255449,0;13373,0;6986,0;23546,0;7286,0;32633,0;17070,0;191997,0;17969,0;63452,0;12558,0;35872,0;19270,0;5367,0;31652,0;11837,0;174927,0;58287,0;8481,0;238379,0
1999-07-01;233948,0;257456,0;13270,0;6954,0;23508,0;7378,0;32891,0;17704,0;192947,0;18183,0;64509,0;12742,0;36126,0;19203,0;5326,0;31549,0;11857,0;175243,0;59314,0;8350,0;239752,0
1999-08-01;236566,0;260230,0;13404,0;7147,0;23664,0;7281,0;32878,0;18135,0;194517,0;18341,0;65713,0;12965,0;36117,0;19191,0;5290,0;31806,0;11848,0;176382,0;60563,0;8519,0;242095,0
1999-09-01;237481,0;261317,0;13381,0;7292,0;23836,0;7410,0;33121,0;18339,0;196167,0;18175,0;65150,0;13196,0;36411,0;19343,0;5385,0;32152,0;11993,0;177828,0;59792,0;8597,0;242978,0
1999-10-01;237553,0;261818,0;13400,0;7324,0;24265,0;7400,0;32968,0;18632,0;197299,0;18606,0;64519,0;13127,0;36271,0;19256,0;5373,0;32085,0;12155,0;178667,0;59175,0;8661,0;243186,0
1999-11-01;240544,0;264965,0;13416,0;7272,0;24421,0;7350,0;32972,0;18992,0;198696,0;18944,0;66269,0;13110,0;36300,0;19116,0;5414,0;32161,0;12258,0;179704,0;60835,0;9058,0;245973,0
1999-12-01;245485,0;269863,0;13573,0;7246,0;24378,0;7498,0;34270,0;20095,0;203954,0;19125,0;65909,0;13528,0;37665,0;19249,0;5455,0;33101,0;12801,0;183859,0;60559,0;9489,0;249768,0
2000-01-01;243436,0;268044,0;13301,0;7484,0;24608,0;7605,0;32239,0;19358,0;200365,0;19613,0;67679,0;13855,0;35613,0;19204,0;5232,0;32179,0;12381,0;181007,0;62306,0;9136,0;248686,0
2000-02-01;247133,0;272020,0;13532,0;7548,0;24887,0;7674,0;32567,0;20214,0;202935,0;19193,0;69085,0;14241,0;35980,0;19158,0;5541,0;32576,0;12386,0;182721,0;63801,0;9163,0;251806,0
2000-03-01;249825,0;275192,0;13818,0;7599,0;25367,0;7652,0;33117,0;20819,0;206759,0;20175,0;68433,0;14261,0;36559,0;19227,0;5635,0;33105,0;12580,0;185940,0;63027,0;9189,0;254373,0
2000-04-01;245831,0;271046,0;13801,0;7729,0;25215,0;7813,0;33541,0;19907,0;205234,0;18986,0;65812,0;14458,0;37008,0;19208,0;5649,0;32879,0;12733,0;185327,0;60592,0;9056,0;251139,0
2000-05-01;246201,0;271394,0;14027,0;7673,0;25193,0;7611,0;33221,0;20242,0;205613,0;18941,0;65781,0;14539,0;36717,0;19397,0;5757,0;33339,0;12814,0;185371,0;60492,0;8760,0;251152,0
2000-06-01;248160,0;273422,0;13864,0;7593,0;25262,0;7435,0;33644,0;20885,0;206784,0;18878,0;66638,0;14949,0;37175,0;19217,0;5686,0;33408,0;12864,0;185899,0;61345,0;8785,0;252537,0
2000-07-01;247176,0;272630,0;13722,0;7748,0;25454,0;7397,0;33479,0;20905,0;207425,0;18982,0;65205,0;15037,0;37038,0;19132,0;5800,0;33586,0;12967,0;186520,0;59995,0;8789,0;251725,0
2000-08-01;247576,0;272918,0;14072,0;7682,0;25342,0;7440,0;33554,0;20574,0;207607,0;18951,0;65311,0;15280,0;37110,0;19203,0;5633,0;33823,0;13034,0;187033,0;60075,0;8666,0;252344,0
2000-09-01;251837,0;277548,0;14366,0;7665,0;25711,0;7588,0;33729,0;21327,0;210698,0;18926,0;66850,0;15775,0;37308,0;19362,0;5728,0;34146,0;13233,0;189371,0;61360,0;8925,0;256221,0
2000-10-01;251221,0;276927,0;14231,0;7737,0;25706,0;7416,0;33867,0;21412,0;210719,0;18965,0;66208,0;15698,0;37476,0;19319,0;5626,0;34280,0;13302,0;189307,0;61017,0;8870,0;255515,0
2000-11-01;250331,0;276029,0;14294,0;7580,0;25698,0;7392,0;34071,0;21906,0;211384,0;18689,0;64645,0;15883,0;37700,0;19529,0;5615,0;34458,0;13340,0;189478,0;59479,0;8829,0;254123,0
2000-12-01;250658,0;275791,0;14084,0;7160,0;25133,0;7346,0;34558,0;22124,0;212267,0;19356,0;63524,0;16538,0;38033,0;19677,0;5601,0;34734,0;13527,0;190143,0;58207,0;8631,0;253667,0
2001-01-01;252654,0;278834,0;14135,0;7764,0;26180,0;7376,0;34229,0;21931,0;212908,0;19248,0;65926,0;15505,0;37903,0;19904,0;5386,0;35601,0;13413,0;190977,0;60970,0;8466,0;256903,0
2001-02-01;252704,0;278773,0;14166,0;7611,0;26069,0;7334,0;34602,0;21615,0;212585,0;19698,0;66188,0;15223,0;38252,0;19170,0;5715,0;34655,0;13582,0;190970,0;61168,0;8665,0;257158,0
2001-03-01;250328,0;276450,0;13801,0;7549,0;26122,0;7267,0;34477,0;20652,0;210779,0;19562,0;65671,0;15354,0;38133,0;18542,0;5723,0;34069,0;13650,0;190127,0;60635,0;8897,0;255798,0
2001-04-01;254763,0;280808,0;14217,0;7560,0;26045,0;7212,0;34727,0;21618,0;213875,0;20373,0;66933,0;15289,0;38369,0;19073,0;5658,0;35364,0;13643,0;192257,0;61803,0;8527,0;259190,0
2001-05-01;255218,0;281496,0;13950,0;7559,0;26278,0;7135,0;34781,0;22628,0;214457,0;20147,0;67039,0;14876,0;38439,0;18991,0;5679,0;35202,0;13812,0;191829,0;61922,0;8752,0;258868,0
2001-06-01;254022,0;280401,0;13804,0;7613,0;26379,0;7246,0;34866,0;21928,0;213691,0;19900,0;66710,0;14981,0;38569,0;18889,0;5621,0;35114,0;13843,0;191763,0;61566,0;8693,0;258473,0
2001-07-01;252997,0;279504,0;13994,0;7671,0;26507,0;7298,0;34792,0;20686,0;213437,0;19838,0;66067,0;14964,0;38506,0;19121,0;5703,0;35720,0;13879,0;192751,0;60916,0;8671,0;258818,0
2001-08-01;254560,0;281413,0;14171,0;7628,0;26853,0;7276,0;35043,0;20878,0;215063,0;19920,0;66350,0;15214,0;38738,0;19093,0;5775,0;35915,0;14004,0;194185,0;61183,0;8691,0;260535,0
2001-09-01;249845,0;276084,0;13286,0;7419,0;26239,0;7141,0;35152,0;21336,0;212155,0;19664,0;63929,0;14473,0;38832,0;18864,0;5672,0;35822,0;13894,0;190819,0;58857,0;8377,0;254748,0
2001-10-01;267999,0;294540,0;13973,0;7543,0;26541,0;7237,0;35270,0;20033,0;214085,0;20054,0;80455,0;14979,0;38944,0;18955,0;5798,0;36229,0;14298,0;194052,0;75352,0;8456,0;274507,0
2001-11-01;260514,0;287111,0;13970,0;7694,0;26597,0;7662,0;35414,0;19245,0;214698,0;19982,0;72413,0;14837,0;39161,0;19135,0;6066,0;36656,0;14280,0;195453,0;67325,0;8548,0;267866,0
2001-12-01;256549,0;283705,0;14126,0;7869,0;27156,0;7825,0;35208,0;18950,0;215485,0;20120,0;68220,0;14810,0;38996,0;19038,0;5797,0;37054,0;14350,0;196535,0;63109,0;8432,0;264755,0
2002-01-01;256307,0;283508,0;14220,0;7847,0;27201,0;7604,0;35130,0;19130,0;215843,0;20359,0;67665,0;15091,0;38833,0;18935,0;5775,0;36811,0;14525,0;196713,0;62485,0;8447,0;264378,0
2002-02-01;257670,0;285054,0;14357,0;7932,0;27384,0;7643,0;35114,0;19068,0;216886,0;20515,0;68168,0;15054,0;38885,0;18811,0;5711,0;36974,0;14747,0;197818,0;62979,0;8616,0;265986,0
2002-03-01;257059,0;284262,0;14436,0;7936,0;27203,0;7690,0;35160,0;19813,0;217692,0;20370,0;66570,0;15345,0;38913,0;18905,0;5717,0;37144,0;14745,0;197879,0;61460,0;8380,0;264449,0
2002-04-01;261333,0;288833,0;14410,0;7874,0;27500,0;7616,0;34827,0;20856,0;220582,0;21274,0;68251,0;15675,0;38568,0;19018,0;5799,0;37491,0;14940,0;199726,0;63025,0;8579,0;267977,0
2002-05-01;257573,0;284951,0;14220,0;7959,0;27378,0;7678,0;34941,0;20930,0;219889,0;20874,0;65062,0;15850,0;38713,0;18530,0;5731,0;37114,0;14903,0;198959,0;59858,0;8539,0;264021,0
2002-06-01;259786,0;287372,0;14366,0;7831,0;27586,0;7656,0;34933,0;20733,0;220018,0;20725,0;67354,0;15725,0;38723,0;18604,0;5670,0;37417,0;14947,0;199285,0;62104,0;8639,0;266639,0
2002-07-01;262769,0;290385,0;14200,0;7741,0;27616,0;7543,0;35044,0;21438,0;220441,0;20674,0;69944,0;16018,0;38834,0;18297,0;5666,0;37132,0;15004,0;199003,0;64660,0;8575,0;268947,0
2002-08-01;265043,0;292650,0;14338,0;7837,0;27607,0;7520,0;34874,0;21182,0;220446,0;20683,0;72204,0;15881,0;38647,0;18261,0;5689,0;37202,0;15120,0;199264,0;66924,0;8740,0;271468,0
2002-09-01;260626,0;288410,0;13966,0;7832,0;27784,0;7511,0;34865,0;21272,0;220344,0;20732,0;68066,0;15725,0;38599,0;18041,0;5852,0;37059,0;15288,0;199072,0;62794,0;8724,0;267138,0
2002-10-01;261953,0;289576,0;14625,0;7789,0;27623,0;7522,0;34990,0;21659,0;222023,0;20603,0;67553,0;15977,0;38693,0;18541,0;5839,0;37816,0;15298,0;200364,0;62319,0;8579,0;267917,0
2002-11-01;263568,0;291484,0;14456,0;7963,0;27916,0;7545,0;35157,0;22009,0;223553,0;20969,0;67931,0;16416,0;38886,0;18010,0;5985,0;37698,0;15348,0;201544,0;62718,0;8362,0;269475,0
2002-12-01;265930,0;293947,0;14714,0;7927,0;28017,0;7660,0;35257,0;22464,0;224153,0;20415,0;69794,0;16497,0;39072,0;17917,0;5809,0;37716,0;15293,0;201689,0;64635,0;8569,0;271483,0
2003-01-01;267230,0;295248,0;14565,0;7824,0;28018,0;7439,0;35669,0;23073,0;225575,0;21270,0;69673,0;16434,0;39412,0;17807,0;5794,0;37740,0;15441,0;202502,0;64454,0;8565,0;272175,0
2003-02-01;263188,0;291167,0;14142,0;7501,0;27979,0;7354,0;35570,0;23885,0;224632,0;20041,0;66535,0;16933,0;39285,0;17670,0;5576,0;38030,0;15534,0;200747,0;61336,0;8372,0;267282,0
2003-03-01;267820,0;296325,0;14465,0;7854,0;28505,0;7364,0;35549,0;23968,0;227697,0;21326,0;68628,0;16764,0;39318,0;17763,0;5660,0;38391,0;15677,0;203729,0;63363,0;8405,0;272357,0
2003-04-01;267197,0;295600,0;14434,0;7895,0;28403,0;7440,0;35638,0;22581,0;226020,0;21139,0;69580,0;16593,0;39441,0;17687,0;5709,0;38321,0;15705,0;203439,0;64330,0;8359,0;273019,0
2003-05-01;267362,0;296410,0;14651,0;8062,0;29048,0;7563,0;35225,0;21810,0;226750,0;21328,0;69660,0;16722,0;39019,0;17838,0;5748,0;38483,0;15791,0;204940,0;64353,0;8525,0;274600,0
2003-06-01;270396,0;299626,0;14894,0;8084,0;29230,0;7650,0;35676,0;21777,0;229301,0;22003,0;70325,0;16938,0;39480,0;17912,0;5908,0;38866,0;15934,0;207524,0;64984,0;8537,0;277849,0
2003-07-01;273352,0;302747,0;15141,0;8115,0;29395,0;7731,0;35957,0;22196,0;231698,0;22372,0;71049,0;17049,0;39808,0;18140,0;5808,0;39404,0;16182,0;209502,0;65680,0;8497,0;280551,0
2003-08-01;277965,0;307809,0;15089,0;8156,0;29844,0;7914,0;35890,0;23073,0;234890,0;22489,0;72919,0;17312,0;39833,0;18207,0;6132,0;40085,0;16345,0;211817,0;67538,0;8618,0;284736,0
2003-09-01;276430,0;305933,0;15175,0;8214,0;29503,0;7909,0;35918,0;23214,0;234749,0;22630,0;71184,0;17595,0;39878,0;18157,0;5954,0;39896,0;16339,0;211535,0;65684,0;8442,0;282719,0
2003-10-01;274764,0;304809,0;15067,0;8244,0;30045,0;7984,0;35763,0;22714,0;234992,0;22869,0;69817,0;17778,0;39776,0;17889,0;5841,0;39649,0;16434,0;212278,0;64341,0;8591,0;282095,0
2003-11-01;278298,0;308527,0;15338,0;8358,0;30229,0;8030,0;35679,0;23472,0;236789,0;22864,0;71738,0;17881,0;39631,0;17810,0;6011,0;39945,0;16500,0;213317,0;66239,0;8530,0;285055,0
2003-12-01;277612,0;307407,0;15456,0;8312,0;29795,0;8127,0;35808,0;23994,0;237304,0;22748,0;70103,0;17742,0;39809,0;17791,0;6013,0;40084,0;16648,0;213310,0;64681,0;8576,0;283413,0
2004-01-01;278913,0;309254,0;15513,0;8307,0;30341,0;8104,0;36402,0;24889,0;239984,0;22637,0;69270,0;18275,0;40443,0;17800,0;6087,0;40436,0;16287,0;215095,0;63831,0;8665,0;284365,0
2004-02-01;280932,0;311393,0;15687,0;8375,0;30461,0;8080,0;35890,0;25256,0;240300,0;22727,0;71093,0;18566,0;39922,0;17871,0;6093,0;40519,0;16133,0;215044,0;65586,0;8481,0;286137,0
2004-03-01;286209,0;316912,0;15984,0;8585,0;30703,0;8117,0;36365,0;25679,0;244775,0;24992,0;72137,0;18072,0;40419,0;18165,0;6067,0;41079,0;16526,0;219096,0;66560,0;8552,0;291233,0
2004-04-01;282952,0;313512,0;15567,0;8519,0;30560,0;8218,0;36312,0;25518,0;243552,0;24565,0;69960,0;18442,0;40399,0;17752,0;5941,0;40662,0;16476,0;218034,0;64479,0;8685,0;287994,0
2004-05-01;288252,0;318964,0;15736,0;8389,0;30712,0;8241,0;36528,0;27011,0;246143,0;24420,0;72821,0;18351,0;40635,0;17921,0;5985,0;41332,0;16462,0;219132,0;67280,0;8869,0;291953,0
2004-06-01;284133,0;314958,0;15555,0;8572,0;30825,0;8297,0;36508,0;27050,0;245967,0;24622,0;68991,0;18649,0;40608,0;17695,0;6017,0;40756,0;16570,0;218917,0;63515,0;8446,0;287908,0
2004-07-01;287358,0;318549,0;15645,0;8868,0;31191,0;8337,0;36526,0;26745,0;247311,0;24538,0;71238,0;18927,0;40631,0;17888,0;6124,0;41197,0;16554,0;220566,0;65708,0;8554,0;291804,0
2004-08-01;287941,0;318977,0;15660,0;8675,0;31036,0;8335,0;36680,0;26552,0;247612,0;24713,0;71365,0;19178,0;40771,0;17896,0;6192,0;41323,0;16610,0;221060,0;65839,0;8567,0;292425,0
2004-09-01;293139,0;324569,0;15764,0;8604,0;31430,0;8422,0;36951,0;27161,0;249840,0;25045,0;74729,0;19472,0;41045,0;17943,0;6111,0;41555,0;16635,0;222679,0;69215,0;8596,0;297408,0
2004-10-01;295115,0;326740,0;16055,0;8806,0;31625,0;8494,0;37078,0;28656,0;252882,0;24842,0;73858,0;19675,0;41177,0;18016,0;6094,0;42042,0;16739,0;224226,0;68248,0;8677,0;298084,0
2004-11-01;296177,0;327836,0;16044,0;8722,0;31659,0;8479,0;37286,0;29349,0;254429,0;24974,0;73407,0;19789,0;41404,0;17942,0;6140,0;42179,0;16813,0;225080,0;67804,0;8877,0;298487,0
2004-12-01;299763,0;331874,0;16183,0;8905,0;32111,0;8513,0;37423,0;29046,0;256487,0;25679,0;75387,0;19942,0;41534,0;18137,0;6122,0;42656,0;16882,0;227441,0;69644,0;8914,0;302828,0
2005-01-01;296696,0;328696,0;16125,0;8856,0;32000,0;8555,0;37628,0;28375,0;256613,0;26126,0;72083,0;20237,0;41691,0;18034,0;6192,0;42556,0;17116,0;228238,0;66148,0;8784,0;300321,0
2005-02-01;300557,0;333026,0;16674,0;8908,0;32469,0;8765,0;37553,0;29015,0;259253,0;25797,0;73773,0;20175,0;41757,0;18173,0;6269,0;43183,0;17292,0;230238,0;67949,0;8949,0;304011,0
2005-03-01;301308,0;333581,0;16293,0;8840,0;32273,0;8784,0;37645,0;29498,0;259434,0;26219,0;74147,0;20506,0;41800,0;17818,0;6137,0;42949,0;17245,0;229936,0;68419,0;8890,0;304083,0
2005-04-01;303760,0;336583,0;16636,0;8994,0;32823,0;8820,0;38049,0;30009,0;262934,0;26520,0;73649,0;20741,0;42283,0;18153,0;6318,0;43601,0;17350,0;232925,0;67796,0;8839,0;306574,0
2005-05-01;301776,0;334522,0;16514,0;8963,0;32746,0;8775,0;37908,0;29140,0;261297,0;26510,0;73225,0;20568,0;42081,0;17808,0;6232,0;43423,0;17413,0;232157,0;67471,0;8932,0;305382,0
2005-06-01;310989,0;343998,0;16824,0;9093,0;33009,0;8828,0;38143,0;29889,0;264359,0;26569,0;79639,0;21024,0;42363,0;18263,0;6135,0;44354,0;17392,0;234470,0;73811,0;8879,0;314109,0
2005-07-01;313520,0;346576,0;16450,0;9084,0;33056,0;8877,0;37960,0;30976,0;264971,0;26538,0;81605,0;20988,0;42184,0;17858,0;6239,0;44017,0;17635,0;233995,0;75821,0;8927,0;315600,0
2005-08-01;310046,0;343307,0;16759,0;9193,0;33261,0;8868,0;38320,0;33399,0;269520,0;26814,0;73787,0;21767,0;42542,0;17822,0;6274,0;44214,0;17548,0;236121,0;67954,0;8881,0;309908,0
2005-09-01;310673,0;343956,0;16450,0;9244,0;33283,0;8955,0;38577,0;36116,0;273329,0;27111,0;70627,0;21951,0;42845,0;17557,0;6155,0;44502,0;17707,0;237213,0;64858,0;9010,0;307840,0
2005-10-01;310479,0;344097,0;17120,0;9315,0;33618,0;9047,0;38559,0;35911,0;276244,0;27664,0;67853,0;22255,0;42842,0;18070,0;6377,0;45267,0;17742,0;240333,0;62054,0;9086,0;308186,0
2005-11-01;313303,0;347325,0;17142,0;9319,0;34022,0;8965,0;38508,0;33185,0;274114,0;27674,0;73211,0;22461,0;42823,0;18048,0;6287,0;45226,0;17859,0;240929,0;67189,0;9151,0;314140,0
2005-12-01;313473,0;347405,0;17207,0;9260,0;33932,0;8889,0;38847,0;33154,0;274073,0;27324,0;73332,0;22827,0;43191,0;17765,0;6462,0;44778,0;18005,0;240919,0;67308,0;9044,0;314251,0
2006-01-01;322348,0;357331,0;17331,0;9561,0;34983,0;9395,0;38254,0;34298,0;280574,0;29686,0;76757,0;22574,0;42681,0;18107,0;6735,0;45710,0;18000,0;246276,0;70547,0;9620,0;323033,0
2006-02-01;320171,0;354706,0;17384,0;9439,0;34535,0;9101,0;38889,0;34174,0;280598,0;29479,0;74108,0;23068,0;43379,0;17981,0;6629,0;45774,0;18124,0;246424,0;68077,0;9512,0;320532,0
2006-03-01;320869,0;355665,0;17385,0;9431,0;34796,0;9185,0;38866,0;34195,0;281056,0;29289,0;74609,0;23677,0;43233,0;17888,0;6610,0;45635,0;18222,0;246861,0;68596,0;9398,0;321470,0
2006-04-01;322561,0;357423,0;17542,0;9402,0;34862,0;9165,0;38891,0;35646,0;282525,0;28905,0;74898,0;23305,0;43269,0;17932,0;6580,0;46048,0;18294,0;246879,0;68909,0;9507,0;321777,0
2006-05-01;321794,0;356704,0;17492,0;9368,0;34910,0;9132,0;39242,0;36159,0;282623,0;27864,0;74081,0;23794,0;43654,0;17757,0;6503,0;45806,0;18466,0;246464,0;68180,0;9475,0;320545,0
2006-06-01;323184,0;357879,0;17701,0;9485,0;34695,0;9130,0;39372,0;36228,0;282510,0;27339,0;75369,0;23762,0;43782,0;17847,0;6524,0;45956,0;18584,0;246282,0;69407,0;9324,0;321651,0
2006-07-01;324204,0;359006,0;17691,0;9442,0;34802,0;9126,0;39411,0;36963,0;283042,0;27327,0;75964,0;23638,0;43827,0;17584,0;6461,0;45838,0;18640,0;246079,0;69950,0;9287,0;322043,0
2006-08-01;325324,0;360691,0;17635,0;9422,0;35367,0;9124,0;39705,0;37696,0;285504,0;27358,0;75187,0;24225,0;44160,0;17490,0;6412,0;46043,0;18757,0;247808,0;69157,0;9305,0;322995,0
2006-09-01;323236,0;358961,0;18256,0;9549,0;35725,0;9158,0;39356,0;34935,0;284382,0;26994,0;74579,0;24206,0;43846,0;17826,0;6690,0;46712,0;18933,0;249447,0;68476,0;9378,0;324026,0
2006-10-01;322678,0;358462,0;18126,0;9375,0;35784,0;8953,0;40002,0;32912,0;283015,0;27161,0;75447,0;24349,0;44542,0;17657,0;6589,0;46679,0;19044,0;250103,0;69373,0;9501,0;325550,0
2006-11-01;323343,0;359266,0;17910,0;9311,0;35923,0;9158,0;39989,0;33322,0;283202,0;26647,0;76064,0;24259,0;44572,0;17609,0;6461,0;46800,0;19276,0;249880,0;70063,0;9563,0;325944,0
2006-12-01;326849,0;363730,0;18497,0;9334,0;36881,0;9478,0;40153,0;34895,0;288292,0;27100,0;75438,0;24206,0;44730,0;17713,0;6566,0;47344,0;19385,0;253397,0;69320,0;9876,0;328835,0
2007-01-01;327181,0;363616,0;18493,0;9609,0;36435,0;9229,0;40253,0;34244,0;288217,0;27533,0;75399,0;24243,0;44856,0;18064,0;6489,0;48034,0;19423,0;253973,0;69294,0;9629,0;329372,0
2007-02-01;327953,0;364006,0;18144,0;9369,0;36053,0;9123,0;40646,0;34932,0;288165,0;27088,0;75841,0;25505,0;45274,0;17586,0;6494,0;47293,0;19401,0;253233,0;69794,0;9489,0;329074,0
2007-03-01;330579,0;367158,0;18643,0;9406,0;36579,0;9026,0;40572,0;35999,0;291686,0;27506,0;75472,0;25034,0;45271,0;17798,0;6779,0;48132,0;19540,0;255687,0;69224,0;9771,0;331159,0
2007-04-01;329560,0;366187,0;18189,0;9430,0;36627,0;9008,0;40416,0;36350,0;289982,0;26610,0;76205,0;25303,0;44988,0;17480,0;6640,0;47679,0;19572,0;253632,0;70074,0;9586,0;329837,0
2007-05-01;334202,0;370934,0;18545,0;9331,0;36732,0;9090,0;40740,0;37996,0;293748,0;27144,0;77186,0;25271,0;45454,0;17521,0;6805,0;47887,0;19650,0;255752,0;70918,0;9843,0;332938,0
2007-06-01;331076,0;368154,0;18388,0;9264,0;37078,0;9023,0;40870,0;37310,0;293360,0;26638,0;74794,0;25462,0;45627,0;17328,0;6850,0;47852,0;19880,0;256050,0;68600,0;9988,0;330844,0
2007-07-01;332342,0;369614,0;18522,0;9315,0;37272,0;9088,0;41044,0;36963,0;294682,0;26860,0;74932,0;25970,0;45754,0;17559,0;6936,0;48412,0;19831,0;257719,0;68703,0;9759,0;332651,0
2007-08-01;334169,0;371358,0;18491,0;9300,0;37189,0;9274,0;40954,0;37223,0;294809,0;26625,0;76549,0;25826,0;45643,0;17527,0;6780,0;48704,0;20014,0;257586,0;70288,0;9740,0;334135,0
2007-09-01;335442,0;372869,0;18412,0;9141,0;37427,0;9174,0;41095,0;38210,0;295693,0;26412,0;77176,0;26112,0;45853,0;17260,0;6749,0;48288,0;20132,0;257483,0;70881,0;9783,0;334659,0
2007-10-01;337530,0;375289,0;18431,0;9142,0;37759,0;9293,0;41379,0;39307,0;297672,0;26248,0;77617,0;26397,0;46113,0;17292,0;6834,0;48540,0;19988,0;258365,0;71206,0;9620,0;335982,0
2007-11-01;341133,0;378860,0;18759,0;9094,0;37727,0;9562,0;41868,0;41985,0;302939,0;26566,0;75921,0;27065,0;46624,0;17346,0;6940,0;49047,0;19938,0;260954,0;69638,0;9632,0;336875,0
2007-12-01;336189,0;374298,0;18570,0;9009,0;38109,0;9368,0;41998,0;41593,0;300953,0;25634,0;73345,0;26268,0;46831,0;17199,0;6756,0;49302,0;19825,0;259360,0;67126,0;9688,0;332705,0
2008-01-01;337412,0;375236,0;18542,0;8873,0;37824,0;9175,0;42159,0;42423,0;301402,0;25721,0;73834,0;26019,0;46862,0;16813,0;6818,0;48951,0;20120,0;258979,0;67606,0;10074,0;332813,0
2008-02-01;334584,0;371833,0;18280,0;8594,0;37249,0;9196,0;42016,0;42504,0;299627,0;25659,0;72206,0;26101,0;46707,0;16822,0;6751,0;48927,0;20279,0;257123,0;65976,0;9380,0;329329,0
2008-03-01;335193,0;372745,0;18338,0;8631,0;37552,0;9171,0;42168,0;43044,0;300971,0;25456,0;71774,0;26530,0;46883,0;16697,0;6733,0;48990,0;20288,0;257927,0;65537,0;9355,0;329701,0
2008-04-01;334843,0;372572,0;18384,0;8606,0;37729,0;9286,0;42584,0;42933,0;302520,0;25292,0;70052,0;27243,0;47356,0;16708,0;6809,0;49433,0;20172,0;259587,0;63765,0;9277,0;329639,0
2008-05-01;337947,0;376036,0;18642,0;8587,0;38089,0;9530,0;42549,0;44344,0;306893,0;25650,0;69143,0;27526,0;47355,0;16916,0;6949,0;50375,0;20536,0;262549,0;62769,0;9310,0;331692,0
2008-06-01;338311,0;376455,0;18708,0;8473,0;38144,0;9305,0;42683,0;46547,0;309294,0;25700,0;67161,0;27403,0;47568,0;17059,0;6879,0;50762,0;20497,0;262747,0;60739,0;9308,0;329908,0
2008-07-01;336771,0;375038,0;18635,0;8369,0;38267,0;9329,0;42899,0;46813,0;310641,0;25897,0;64397,0;27823,0;47845,0;16779,0;6858,0;50582,0;20640,0;263828,0;57934,0;9583,0;328225,0
2008-08-01;334045,0;372284,0;18524,0;8154,0;38239,0;9201,0;43063,0;45645,0;307299,0;25329,0;64985,0;27374,0;47988,0;16645,0;6931,0;50131,0;20620,0;261654,0;58687,0;9163,0;326639,0
2008-09-01;328343,0;366729,0;17560,0;7722,0;38386,0;8814,0;42834,0;45777,0;304180,0;25217,0;62549,0;27258,0;47740,0;16079,0;6536,0;49436,0;20654,0;258403,0;56200,0;9080,0;320952,0
2008-10-01;314830,0;352950,0;17317,0;7735,0;38120,0;8732,0;42768,0;40584,0;296351,0;24568,0;56599,0;26333,0;47703,0;16016,0;6426,0;49260,0;20659,0;255767,0;50253,0;8914,0;312366,0
2008-11-01;301332,0;339350,0;17173,0;7640,0;38018,0;8737,0;42496,0;31776,0;284366,0;23196,0;54984,0;25149,0;47363,0;16329,0;6431,0;49464,0;20789,0;252590,0;48542,0;8630,0;307574,0
2008-12-01;294025,0;332091,0;16868,0;7460,0;38066,0;8351,0;42136,0;27999,0;277968,0;22909,0;54123,0;24751,0;46942,0;15839,0;6470,0;48906,0;20682,0;249969,0;47728,0;8564,0;304092,0
2009-01-01;298673,0;336929,0;17159,0;7363,0;38256,0;8884,0;42771,0;28818,0;281139,0;22758,0;55790,0;25049,0;47639,0;15861,0;6661,0;49288,0;20753,0;252321,0;49379,0;8511,0;308111,0
2009-02-01;297631,0;335576,0;17401,0;7285,0;37945,0;8844,0;42101,0;29860,0;281388,0;22498,0;54188,0;25241,0;46928,0;15627,0;6535,0;49199,0;20906,0;251528,0;47822,0;8746,0;305716,0
2009-03-01;292300,0;329747,0;16510,0;7041,0;37447,0;8099,0;42069,0;28825,0;276647,0;22149,0;53100,0;24941,0;46912,0;15532,0;6360,0;48840,0;20908,0;247822,0;46853,0;8615,0;300922,0
2009-04-01;293614,0;331352,0;16900,0;7067,0;37738,0;8049,0;42288,0;28747,0;277795,0;22092,0;53557,0;24932,0;47133,0;15638,0;6514,0;48887,0;21059,0;249048,0;47280,0;8677,0;302605,0
2009-05-01;296501,0;334256,0;17038,0;7087,0;37755,0;8026,0;42300,0;30488,0;280167,0;22310,0;54089,0;25159,0;47219,0;15727,0;6453,0;49085,0;21121,0;249679,0;47827,0;8426,0;303768,0
2009-06-01;302169,0;339883,0;16817,0;7092,0;37714,0;8039,0;42530,0;33375,0;283272,0;22332,0;56611,0;25768,0;47350,0;15427,0;6473,0;48792,0;21055,0;249897,0;50407,0;8465,0;306508,0
2009-07-01;302802,0;340517,0;17015,0;7039,0;37715,0;7965,0;42480,0;33066,0;282769,0;21883,0;57748,0;26110,0;47330,0;15493,0;6455,0;48812,0;21027,0;249703,0;51605,0;8352,0;307451,0
2009-08-01;309023,0;346668,0;17233,0;6991,0;37645,0;8000,0;42401,0;34658,0;284405,0;21474,0;62263,0;26150,0;47309,0;15539,0;6628,0;48934,0;21070,0;249747,0;56161,0;8313,0;312010,0
2009-09-01;301033,0;338507,0;17172,0;6981,0;37474,0;7965,0;42691,0;34800,0;284973,0;21363,0;53534,0;26339,0;47559,0;15493,0;6484,0;49220,0;21231,0;250173,0;47483,0;8385,0;303707,0
2009-10-01;304154,0;341654,0;17296,0;6915,0;37500,0;7920,0;42763,0;34885,0;285185,0;20661,0;56469,0;26634,0;47603,0;15620,0;6408,0;49725,0;21278,0;250300,0;50371,0;8360,0;306769,0
2009-11-01;306675,0;344375,0;17105,0;6991,0;37700,0;8208,0;42808,0;36573,0;287020,0;20931,0;57355,0;26666,0;47689,0;15482,0;6307,0;49156,0;21288,0;250447,0;51339,0;8406,0;307802,0
2009-12-01;308413,0;346072,0;17127,0;7024,0;37659,0;8068,0;43192,0;37182,0;288993,0;20849,0;57079,0;26984,0;48134,0;15459,0;6523,0;49657,0;21195,0;251811,0;50990,0;8591,0;308890,0
2010-01-01;308229,0;345889,0;17356,0;7003,0;37660,0;8223,0;43028,0;37399,0;289091,0;20557,0;56798,0;27172,0;47878,0;15523,0;6507,0;49782,0;21187,0;251692,0;50701,0;8367,0;308490,0
2010-02-01;308457,0;346724,0;17402,0;7131,0;38267,0;8491,0;43735,0;36950,0;290921,0;20448,0;55803,0;27183,0;48699,0;15459,0;6412,0;50490,0;21199,0;253971,0;49585,0;8249,0;309774,0
2010-03-01;315743,0;354119,0;17909,0;7242,0;38376,0;8139,0;43304,0;37160,0;293264,0;21870,0;60855,0;27761,0;48269,0;15401,0;6515,0;50017,0;21343,0;256104,0;54535,0;8663,0;316959,0
2010-04-01;318696,0;357354,0;17728,0;7128,0;38658,0;8270,0;43186,0;37182,0;295544,0;23552,0;61810,0;27682,0;48221,0;15698,0;6409,0;50636,0;21471,0;258362,0;55332,0;8607,0;320172,0
2010-05-01;315409,0;354068,0;17667,0;7110,0;38659,0;8384,0;43224,0;36640,0;292491,0;21727,0;61577,0;27671,0;48153,0;15368,0;6488,0;49967,0;21399,0;255851,0;55152,0;8626,0;317428,0
2010-06-01;314770,0;353647,0;17487,0;7079,0;38877,0;8483,0;42920,0;35642,0;292228,0;21518,0;61419,0;28374,0;47864,0;15358,0;6497,0;49950,0;21661,0;256586,0;54973,0;8796,0;318005,0
2010-07-01;315684,0;354717,0;17579,0;7094,0;39033,0;8361,0;43052,0;35797,0;292044,0;21481,0;62673,0;27998,0;47961,0;15156,0;6516,0;49857,0;21755,0;256247,0;56204,0;8612,0;318920,0
2010-08-01;317008,0;356448,0;17636,0;7123,0;39440,0;8320,0;43258,0;36155,0;293856,0;21258,0;62592,0;28654,0;48260,0;15178,0;6441,0;50063,0;21863,0;257701,0;55950,0;8643,0;320293,0
2010-09-01;320014,0;359359,0;17709,0;7108,0;39345,0;8402,0;43646,0;37319,0;296092,0;21358,0;63267,0;28855,0;48679,0;15150,0;6455,0;50208,0;21888,0;258773,0;56619,0;8766,0;322040,0
2010-10-01;323990,0;363469,0;18015,0;7032,0;39479,0;8265,0;43493,0;38480,0;298553,0;22055,0;64916,0;28835,0;48574,0;15120,0;6579,0;50204,0;22105,0;260073,0;58259,0;8930,0;324989,0
2010-11-01;327341,0;367051,0;18413,0;7098,0;39710,0;8093,0;44121,0;39272,0;301678,0;21934,0;65373,0;28846,0;49175,0;15614,0;6755,0;51308,0;22180,0;262406,0;58660,0;8894,0;327779,0
2010-12-01;329670,0;369139,0;18194,0;7057,0;39469,0;8269,0;44184,0;41279,0;303843,0;22171,0;65296,0;29562,0;49183,0;15260,0;6588,0;50902,0;22272,0;262564,0;58525,0;8897,0;327860,0
2011-01-01;332141,0;371841,0;18371,0;6984,0;39700,0;8236,0;44639,0;41824,0;305616,0;21483,0;66225,0;30487,0;49626,0;15204,0;6558,0;50834,0;22695,0;263792,0;59609,0;8818,0;330017,0
2011-02-01;334635,0;375017,0;18588,0;7145,0;40382,0;8356,0;44961,0;42294,0;307697,0;21202,0;67320,0;30039,0;50064,0;15440,0;6611,0;51466,0;22428,0;265403,0;60656,0;9122,0;332723,0
2011-03-01;337892,0;378506,0;18707,0;7426,0;40614,0;8468,0;45068,0;43780,0;310925,0;21868,0;67581,0;30401,0;50080,0;15321,0;6552,0;51622,0;22563,0;267145,0;60775,0;8844,0;334726,0
2011-04-01;339711,0;380335,0;18969,0;7313,0;40624,0;8529,0;45769,0;44648,0;313631,0;22053,0;66704,0;30619,0;50840,0;15447,0;6615,0;51916,0;22448,0;268983,0;59960,0;9057,0;335687,0
2011-05-01;338974,0;380024,0;18814,0;7245,0;41050,0;8407,0;45365,0;45258,0;314176,0;22306,0;65848,0;30880,0;50423,0;15225,0;6535,0;51680,0;22608,0;268918,0;59027,0;8970,0;334766,0
2011-06-01;341643,0;383142,0;19206,0;7234,0;41499,0;8439,0;45791,0;44614,0;316368,0;22731,0;66774,0;31051,0;50945,0;15564,0;6578,0;52404,0;22607,0;271754,0;59739,0;9060,0;338528,0
2011-07-01;341321,0;382837,0;19009,0;7263,0;41516,0;8548,0;45797,0;44796,0;316301,0;22763,0;66536,0;31059,0;50946,0;15229,0;6469,0;52037,0;22728,0;271505,0;59589,0;9167,0;338041,0
2011-08-01;341973,0;383691,0;18912,0;7326,0;41718,0;8615,0;46034,0;45075,0;317886,0;22771,0;65805,0;31511,0;51177,0;15054,0;6650,0;52084,0;22822,0;272811,0;58685,0;9225,0;338616,0
2011-09-01;345554,0;387567,0;19502,0;7391,0;42013,0;8465,0;45887,0;45082,0;318694,0;22636,0;68873,0;31457,0;51099,0;15196,0;6686,0;52484,0;22718,0;273612,0;61746,0;9161,0;342485,0
2011-10-01;347691,0;389853,0;19138,0;7295,0;42162,0;8825,0;46001,0;44801,0;319967,0;23240,0;69886,0;32326,0;51276,0;15113,0;6597,0;52411,0;22830,0;275166,0;62855,0;9066,0;345052,0
2011-11-01;349082,0;391274,0;19290,0;7385,0;42192,0;8638,0;46138,0;45622,0;321051,0;22924,0;70223,0;32633,0;51364,0;15135,0;6588,0;52635,0;22735,0;275429,0;63166,0;9045,0;345652,0
2011-12-01;349646,0;391510,0;19500,0;7512,0;41864,0;8456,0;46078,0;45339,0;320025,0;23447,0;71485,0;32325,0;51266,0;15058,0;6353,0;52404,0;22677,0;274686,0;64463,0;8882,0;346171,0
2012-01-01;352564,0;395469,0;19567,0;7646,0;42905,0;8504,0;46248,0;45702,0;323749,0;23625,0;71720,0;32357,0;51535,0;14972,0;6568,0;53057,0;22973,0;278047,0;64527,0;9310,0;349767,0
2012-02-01;357350,0;400300,0;20287,0;7627,0;42950,0;8547,0;46353,0;47171,0;327635,0;23608,0;72665,0;32815,0;51658,0;15200,0;6675,0;53905,0;22976,0;280464,0;65590,0;9416,0;353129,0
2012-03-01;358627,0;401569,0;20085,0;7602,0;42942,0;8707,0;46800,0;47541,0;328977,0;24591,0;72592,0;32761,0;52159,0;15121,0;6808,0;53635,0;22967,0;281436,0;65612,0;9179,0;354028,0
2012-04-01;356607,0;399972,0;19557,0;7502,0;43365,0;8569,0;46879,0;46960,0;327035,0;23430,0;72937,0;33104,0;52248,0;14828,0;6827,0;53229,0;23045,0;280075,0;65933,0;9199,0;353012,0
2012-05-01;355867,0;399180,0;19627,0;7660,0;43313,0;8713,0;46873,0;45766,0;325534,0;22721,0;73646,0;33707,0;52281,0;14631,0;6862,0;53106,0;22883,0;279768,0;66687,0;8895,0;353414,0
2012-06-01;352053,0;395595,0;19874,0;7544,0;43542,0;8640,0;46889,0;43769,0;323209,0;22532,0;72386,0;33597,0;52251,0;14713,0;6804,0;53108,0;22471,0;279440,0;65451,0;9077,0;351826,0
2012-07-01;353688,0;397407,0;19691,0;7658,0;43719,0;8741,0;46910,0;43443,0;324217,0;22678,0;73190,0;34074,0;52231,0;14734,0;6805,0;53207,0;22793,0;280774,0;66153,0;9177,0;353964,0
2012-08-01;358499,0;402211,0;19987,0;7600,0;43712,0;8638,0;47059,0;46391,0;328229,0;23123,0;73982,0;34311,0;52364,0;14712,0;6750,0;53527,0;22741,0;281838,0;67071,0;9085,0;355820,0
2012-09-01;361272,0;405357,0;20111,0;7606,0;44085,0;8628,0;47131,0;47107,0;330154,0;23637,0;75203,0;34644,0;52492,0;14669,0;6713,0;53413,0;22608,0;283047,0;68148,0;9110,0;358250,0
2012-10-01;361685,0;405437,0;19911,0;7416,0;43752,0;8350,0;47402,0;47976,0;330617,0;23804,0;74820,0;34591,0;52805,0;14493,0;6742,0;53613,0;22504,0;282641,0;67769,0;9153,0;357461,0
2012-11-01;362788,0;407308,0;19978,0;7634,0;44520,0;8660,0;47310,0;46773,0;331477,0;24167,0;75831,0;35134,0;52717,0;14391,0;6700,0;53444,0;22661,0;284704,0;68866,0;9089,0;360535,0
2012-12-01;364127,0;408665,0;20191,0;7931,0;44538,0;8811,0;47142,0;45886,0;331870,0;24110,0;76795,0;35062,0;52693,0;14399,0;6824,0;53609,0;22898,0;285984,0;69817,0;9317,0;362779,0
2013-01-01;366967,0;412115,0;20431,0;7932,0;45148,0;8801,0;47236,0;45993,0;334400,0;24384,0;77715,0;35613,0;52654,0;14729,0;7004,0;54067,0;23140,0;288407,0;70715,0;9233,0;366122,0
2013-02-01;372138,0;417013,0;20306,0;7871,0;44875,0;8863,0;47729,0;49044,0;338184,0;24760,0;78829,0;35427,0;53279,0;14490,0;7013,0;54485,0;22975,0;289140,0;71723,0;9286,0;367969,0
2013-03-01;368962,0;414024,0;20354,0;7869,0;45062,0;8613,0;47625,0;47585,0;335983,0;24698,0;78041,0;35256,0;53100,0;14378,0;6907,0;54140,0;23002,0;288398,0;71043,0;9397,0;366439,0
2013-04-01;367040,0;411770,0;20464,0;7837,0;44730,0;8656,0;47307,0;46165,0;333501,0;24783,0;78269,0;35048,0;52730,0;14154,0;6767,0;54122,0;22896,0;287336,0;71286,0;9303,0;365605,0
2013-05-01;369500,0;414325,0;20410,0;7768,0;44825,0;8651,0;47799,0;45589,0;334517,0;25360,0;79808,0;35033,0;53256,0;14294,0;6857,0;54457,0;22985,0;288928,0;72712,0;9326,0;368736,0
2013-06-01;370730,0;415442,0;20363,0;7989,0;44712,0;8664,0;47745,0;45823,0;334094,0;24792,0;81348,0;35162,0;53162,0;14194,0;6906,0;54396,0;22956,0;288271,0;74304,0;9169,0;369619,0
2013-07-01;373090,0;418110,0;20558,0;7966,0;45020,0;8594,0;48053,0;46000,0;336438,0;25356,0;81672,0;35448,0;53569,0;14046,0;6931,0;54578,0;23213,0;290438,0;74588,0;9205,0;372110,0
2013-08-01;372210,0;417377,0;20327,0;8030,0;45167,0;8588,0;48182,0;45673,0;336043,0;25295,0;81334,0;35586,0;53742,0;14024,0;6766,0;54366,0;23199,0;290370,0;74171,0;9304,0;371704,0
2013-09-01;372302,0;417654,0;20307,0;8087,0;45352,0;8522,0;48291,0;45698,0;337424,0;25276,0;80230,0;35536,0;53812,0;14103,0;6872,0;54855,0;23611,0;291726,0;73092,0;9496,0;371956,0
2013-10-01;373253,0;419247,0;20742,0;8199,0;45994,0;8630,0;48444,0;44982,0;337726,0;24904,0;81521,0;35482,0;53937,0;14225,0;6858,0;54892,0;23625,0;292744,0;74248,0;9481,0;374265,0
2013-11-01;373756,0;420513,0;20267,0;8234,0;46757,0;8550,0;48492,0;44810,0;338653,0;24833,0;81860,0;36307,0;54062,0;14019,0;6897,0;54753,0;23639,0;293843,0;74528,0;9544,0;375703,0
2013-12-01;376445,0;422794,0;20497,0;7957,0;46349,0;8451,0;48938,0;46613,0;341288,0;24955,0;81506,0;37364,0;54548,0;13960,0;6861,0;54634,0;23677,0;294675,0;74132,0;9382,0;376181,0
2014-01-01;373083,0;419015,0;20538,0;7826,0;45932,0;8495,0;49128,0;47126,0;339861,0;24927,0;79154,0;36314,0;54795,0;13698,0;6477,0;54548,0;23634,0;292735,0;71919,0;9249,0;371889,0
2014-02-01;378355,0;424793,0;20525,0;8120,0;46438,0;8521,0;49211,0;47513,0;343185,0;24832,0;81608,0;37130,0;54807,0;14110,0;6792,0;55363,0;23761,0;295672,0;74290,0;9383,0;377280,0
2014-03-01;382101,0;429132,0;20666,0;8245,0;47031,0;8556,0;49195,0;46860,0;344720,0;25281,0;84412,0;37581,0;54834,0;14112,0;6785,0;55523,0;23907,0;297860,0;77084,0;9451,0;382272,0
2014-04-01;386376,0;433530,0;21127,0;8375,0;47154,0;8532,0;49591,0;47078,0;347671,0;26134,0;85859,0;37727,0;55271,0;14397,0;6891,0;55900,0;24106,0;300593,0;78550,0;9376,0;386452,0
2014-05-01;386735,0;434248,0;20759,0;8348,0;47513,0;8406,0;49770,0;46822,0;348290,0;26424,0;85958,0;37759,0;55453,0;14219,0;6863,0;55951,0;24458,0;301468,0;78758,0;9534,0;387426,0
2014-06-01;387708,0;435438,0;20800,0;8362,0;47730,0;8321,0;50096,0;45730,0;349161,0;26635,0;86277,0;38604,0;55896,0;14003,0;6950,0;55922,0;24627,0;303431,0;79162,0;9584,0;389708,0
2014-07-01;388043,0;436150,0;20882,0;8391,0;48107,0;8403,0;50369,0;45762,0;349501,0;26107,0;86649,0;38490,0;56138,0;14071,0;6927,0;56035,0;24637,0;303739,0;79529,0;9622,0;390388,0
2014-08-01;391074,0;439518,0;21042,0;8520,0;48444,0;8469,0;50507,0;45903,0;352093,0;26611,0;87425,0;38880,0;56298,0;14109,0;7178,0;56263,0;24743,0;306190,0;80237,0;9742,0;393615,0
2014-09-01;389456,0;438459,0;20764,0;8462,0;49003,0;8634,0;50727,0;45430,0;351980,0;26511,0;86479,0;38983,0;56460,0;13859,0;7048,0;56111,0;24850,0;306550,0;79310,0;9724,0;393029,0
2014-10-01;390413,0;440095,0;21132,0;8485,0;49682,0;8592,0;50941,0;44500,0;353196,0;26528,0;86899,0;39411,0;56768,0;13877,0;7165,0;56274,0;24763,0;308696,0;79708,0;9896,0;395595,0
2014-11-01;391491,0;441249,0;21344,0;8580,0;49758,0;8904,0;50964,0;43584,0;353361,0;26630,0;87888,0;39623,0;56754,0;13928,0;7146,0;56338,0;24872,0;309777,0;80293,0;9828,0;397665,0
2014-12-01;388012,0;438509,0;21239,0;8721,0;50497,0;8761,0;51141,0;40489,0;351052,0;26311,0;87457,0;39713,0;57054,0;13977,0;7069,0;56388,0;25015,0;310563,0;80301,0;9795,0;398020,0
2015-01-01;385312,0;436125,0;21031,0;8692,0;50813,0;8619,0;51235,0;36614,0;347543,0;26522,0;88582,0;39703,0;57106,0;13952,0;6939,0;56447,0;25208,0;310929,0;81299,0;9849,0;399511,0
2015-02-01;384779,0;435450,0;21284,0;8506,0;50671,0;8488,0;51322,0;37844,0;348097,0;25579,0;87353,0;40670,0;57183,0;13774,0;6985,0;56120,0;25005,0;310253,0;79965,0;9762,0;397606,0
2015-03-01;390738,0;441895,0;21331,0;8774,0;51157,0;8266,0;51273,0;38365,0;350761,0;26511,0;91134,0;40554,0;57165,0;13867,0;7073,0;56294,0;25538,0;312396,0;83684,0;9733,0;403530,0
2015-04-01;391246,0;442967,0;21430,0;8885,0;51721,0;8391,0;51136,0;37782,0;351115,0;26765,0;91852,0;40795,0;57083,0;13759,0;7084,0;56278,0;25111,0;313333,0;84293,0;9790,0;405185,0
2015-05-01;394260,0;446114,0;21590,0;9060,0;51854,0;8432,0;51191,0;39293,0;353644,0;26809,0;92470,0;40588,0;57101,0;13960,0;7139,0;56700,0;25081,0;314351,0;84879,0;9997,0;406821,0
2015-06-01;394652,0;446572,0;21313,0;8895,0;51920,0;8505,0;51404,0;39835,0;354174,0;26552,0;92398,0;40894,0;57341,0;13660,0;7077,0;56555,0;25261,0;314339,0;84720,0;10026,0;406737,0
2015-07-01;397994,0;450143,0;21562,0;9065,0;52149,0;8351,0;51572,0;40313,0;357476,0;27416,0;92667,0;41495,0;57566,0;13644,0;7136,0;56896,0;25474,0;317163,0;84932,0;10053,0;409830,0
2015-08-01;397712,0;450168,0;21588,0;9079,0;52456,0;8354,0;51526,0;39175,0;356955,0;27425,0;93213,0;41413,0;57525,0;13640,0;7175,0;56923,0;25695,0;317780,0;85581,0;10147,0;410993,0
2015-09-01;395625,0;448090,0;21387,0;9066,0;52465,0;8369,0;51419,0;36902,0;354397,0;27237,0;93693,0;41888,0;57387,0;13695,0;7203,0;56878,0;25902,0;317495,0;86111,0;9713,0;411188,0
2015-10-01;394121,0;446905,0;21245,0;9165,0;52784,0;8273,0;51280,0;36547,0;354008,0;27360,0;92897,0;42095,0;57182,0;13631,0;7097,0;56793,0;25750,0;317461,0;85302,0;9717,0;410358,0
2015-11-01;395827,0;448738,0;21288,0;9155,0;52911,0;8205,0;51596,0;36076,0;354712,0;27639,0;94026,0;41978,0;57524,0;13648,0;7198,0;57007,0;25883,0;318636,0;86298,0;9848,0;412662,0
2015-12-01;396822,0;450598,0;21439,0;9368,0;53776,0;8121,0;51376,0;35920,0;357016,0;28190,0;93582,0;42259,0;57407,0;13545,0;7344,0;57303,0;26124,0;321096,0;85921,0;9765,0;414678,0
2016-01-01;394305,0;447376,0;21281,0;9242,0;53071,0;7950,0;51598,0;34552,0;354186,0;28204,0;93190,0;43068,0;57553,0;13242,0;7292,0;56229,0;25952,0;319634,0;85419,0;9792,0;412824,0
2016-02-01;397747,0;451898,0;21919,0;9277,0;54151,0;8050,0;51578,0;32917,0;356316,0;28216,0;95582,0;43315,0;57714,0;13214,0;7279,0;57220,0;26487,0;323399,0;87825,0;9771,0;418981,0
2016-03-01;396522,0;450462,0;21426,0;9238,0;53940,0;7879,0;51172,0;34177,0;356820,0;28923,0;93642,0;43380,0;57226,0;13146,0;7273,0;56992,0;26301,0;322643,0;85988,0;10065,0;416285,0
2016-04-01;397977,0;452238,0;21380,0;9197,0;54261,0;7872,0;51832,0;35219,0;358400,0;27973,0;93838,0;43881,0;57903,0;12886,0;7198,0;56857,0;26531,0;323181,0;86276,0;10128,0;417019,0
2016-05-01;399587,0;453898,0;21482,0;9272,0;54311,0;7908,0;51957,0;36006,0;359692,0;27545,0;94206,0;44746,0;58103,0;12765,0;7254,0;56583,0;26480,0;323686,0;86588,0;10002,0;417892,0
2016-06-01;404408,0;458711,0;21642,0;9426,0;54303,0;7879,0;52276,0;37135,0;363863,0;28340,0;94848,0;45299,0;58458,0;13059,0;7562,0;57142,0;26610,0;326728,0;87115,0;10067,0;421576,0
2016-07-01;403560,0;457894,0;21411,0;9342,0;54334,0;7922,0;51976,0;36816,0;361779,0;28033,0;96115,0;45153,0;58161,0;12790,0;7218,0;56762,0;26612,0;324963,0;88517,0;10015,0;421078,0
2016-08-01;403580,0;458375,0;21742,0;9326,0;54795,0;8010,0;52212,0;35961,0;361951,0;27862,0;96424,0;45505,0;58381,0;12818,0;7019,0;56886,0;26529,0;325990,0;88737,0;9935,0;422414,0
2016-09-01;405979,0;461400,0;21889,0;9533,0;55421,0;7713,0;52510,0;36905,0;364054,0;28030,0;97346,0;45865,0;58770,0;12725,0;7049,0;56186,0;26487,0;327149,0;89718,0;10206,0;424495,0
2016-10-01;407000,0;462362,0;21703,0;9380,0;55362,0;7618,0;52818,0;37859,0;365338,0;28033,0;97024,0;46304,0;59053,0;12636,0;7092,0;56845,0;25721,0;327479,0;89312,0;10368,0;424503,0
2016-11-01;405846,0;462231,0;21494,0;9348,0;56385,0;7534,0;52834,0;37483,0;365542,0;28225,0;96689,0;46411,0;59105,0;12330,0;6961,0;56671,0;25944,0;328059,0;89087,0;9981,0;424748,0
2016-12-01;412437,0;467852,0;21932,0;9328,0;55415,0;7599,0;53210,0;39386,0;368424,0;28146,0;99428,0;47412,0;59399,0;12324,0;7081,0;56516,0;26051,0;329038,0;91246,0;10159,0;428466,0
2017-01-01;415660,0;473019,0;22058,0;9501,0;57359,0;7682,0;53316,0;39949,0;373649,0;28464,0;99370,0;48025,0;59565,0;12631,0;7216,0;57644,0;26060,0;333700,0;91596,0;10126,0;433070,0
2017-02-01;415563,0;472945,0;21686,0;9497,0;57382,0;7613,0;53687,0;40240,0;374178,0;28853,0;98767,0;48178,0;59912,0;12419,0;7073,0;57059,0;26390,0;333938,0;91088,0;10295,0;432705,0
2017-03-01;414869,0;472149,0;21836,0;9557,0;57280,0;7796,0;54117,0;39897,0;375324,0;28676,0;96825,0;48809,0;60346,0;12419,0;6980,0;57390,0;26545,0;335427,0;89067,0;10212,0;432252,0
2017-04-01;416613,0;473986,0;21834,0;9395,0;57373,0;7865,0;54199,0;39776,0;376592,0;29033,0;97394,0;49324,0;60480,0;12399,0;7050,0;57482,0;26725,0;336816,0;89571,0;10255,0;434210,0
2017-05-01;414253,0;471630,0;21627,0;9490,0;57377,0;7739,0;54318,0;38127,0;373836,0;28736,0;97794,0;49760,0;60621,0;12258,0;6954,0;56512,0;26823,0;335709,0;90043,0;10070,0;433503,0
2017-06-01;416255,0;473546,0;21777,0;9580,0;57291,0;7651,0;54152,0;37460,0;374836,0;28784,0;98710,0;50181,0;60423,0;12289,0;6971,0;57664,0;27004,0;337376,0;90996,0;10050,0;436086,0
2017-07-01;416403,0;473552,0;21646,0;9520,0;57149,0;7582,0;54139,0;37409,0;374694,0;28933,0;98858,0;50511,0;60397,0;12122,0;6848,0;57331,0;27101,0;337285,0;91046,0;10267,0;436143,0
2017-08-01;416861,0;474449,0;21760,0;9599,0;57588,0;7576,0;54430,0;38625,0;377727,0;28906,0;96722,0;50853,0;60757,0;12068,0;6915,0;57565,0;27365,0;339102,0;89033,0;10218,0;435824,0
2017-09-01;426256,0;484163,0;21857,0;9534,0;57907,0;7645,0;55012,0;40824,0;383328,0;29997,0;100835,0;51303,0;61321,0;12096,0;6989,0;58198,0;27427,0;342504,0;92953,0;10326,0;443339,0
2017-10-01;426561,0;484848,0;21754,0;9824,0;58287,0;7695,0;55200,0;40784,0;383302,0;29544,0;101546,0;50938,0;61600,0;11997,0;7016,0;57920,0;27594,0;342518,0;93807,0;10346,0;444064,0
2017-11-01;431085,0;490013,0;22028,0;9937,0;58928,0;7904,0;55239,0;41835,0;389356,0;30002,0;100657,0;53278,0;61678,0;12083,0;7112,0;58317,0;27746,0;347521,0;92764,0;10591,0;448178,0
2017-12-01;433299,0;492579,0;21750,0;10054,0;59280,0;7798,0;55885,0;42676,0;392099,0;30059,0;100480,0;54125,0;62306,0;11912,0;7073,0;58692,0;27615,0;349423,0;92351,0;10671,0;449903,0
2018-01-01;431006,0;490426,0;21791,0;9860,0;59420,0;7840,0;55336,0;42901,0;390478,0;28991,0;99948,0;54220,0;61792,0;12102,0;6793,0;58405,0;27604,0;347577,0;92157,0;10861,0;447525,0
2018-02-01;433647,0;493334,0;22343,0;9872,0;59687,0;7942,0;55555,0;43180,0;393621,0;29981,0;99713,0;54421,0;62052,0;12109,0;7090,0;58777,0;27484,0;350441,0;91880,0;10792,0;450154,0
2018-03-01;432774,0;493022,0;21655,0;9875,0;60248,0;7867,0;55716,0;42913,0;393112,0;29626,0;99910,0;55275,0;62229,0;11433,0;7157,0;58033,0;27626,0;350199,0;92095,0;10608,0;450109,0
2018-04-01;434998,0;494498,0;22038,0;10031,0;59500,0;7941,0;55859,0;43181,0;394497,0;29813,0;100001,0;55928,0;62345,0;12202,0;7063,0;58071,0;27909,0;351316,0;92207,0;10677,0;451317,0
2018-05-01;440091,0;500930,0;22766,0;9925,0;60839,0;7907,0;55897,0;44044,0;400155,0;30643,0;100775,0;55657,0;62439,0;12313,0;7060,0;59624,0;28397,0;356111,0;92817,0;10854,0;456886,0
2018-06-01;437762,0;499218,0;22192,0;9948,0;61456,0;7944,0;55696,0;43811,0;398827,0;31162,0;100391,0;55803,0;62198,0;11797,0;6851,0;58575,0;28105,0;355016,0;92479,0;10782,0;455407,0
2018-07-01;440024,0;502255,0;22495,0;10020,0;62231,0;7843,0;56057,0;43996,0;401378,0;31279,0;100877,0;56769,0;62598,0;11863,0;6544,0;58934,0;28247,0;357382,0;92897,0;10422,0;458259,0
2018-08-01;439439,0;501962,0;22061,0;9878,0;62523,0;7898,0;55937,0;44681,0;401912,0;30910,0;100050,0;56962,0;62430,0;11760,0;6479,0;58998,0;28478,0;357231,0;92105,0;10614,0;457281,0
2018-09-01;438880,0;500033,0;21941,0;9868,0;61153,0;7753,0;56177,0;44178,0;400619,0;31106,0;99414,0;57665,0;62775,0;11596,0;6384,0;58786,0;28379,0;356441,0;91395,0;10631,0;455855,0
2018-10-01;443924,0;505622,0;22407,0;9915,0;61698,0;7797,0;56408,0;45871,0;405531,0;31608,0;100091,0;58016,0;63058,0;11729,0;6380,0;59320,0;28595,0;359660,0;92093,0;10866,0;459751,0
2018-11-01;445847,0;507278,0;22464,0;9928,0;61431,0;7770,0;56569,0;43530,0;406156,0;30952,0;101122,0;60461,0;63222,0;11873,0;6428,0;60005,0;29102,0;362626,0;93151,0;10863,0;463748,0
2018-12-01;435613,0;496973,0;22109,0;10067,0;61360,0;7669,0;56629,0;41031,0;394765,0;30922,0;102208,0;53907,0;63263,0;11494,0;6326,0;59530,0;27925,0;353734,0;94274,0;10656,0;455942,0
2019-01-01;438860,0;500208,0;21976,0;9778,0;61348,0;7711,0;57470,0;40002,0;400975,0;32019,0;99233,0;58949,0;64131,0;11428,0;6431,0;59416,0;28785,0;360973,0;91481,0;10429,0;460206,0
2019-02-01;439249,0;500928,0;22033,0;9804,0;61679,0;7615,0;56351,0;41491,0;400446,0;30501,0;100482,0;59293,0;62976,0;11438,0;6500,0;58865,0;29126,0;358955,0;92478,0;10563,0;459437,0
2019-03-01;446687,0;508944,0;22357,0;9889,0;62257,0;7630,0;57446,0;43205,0;405566,0;30834,0;103378,0;59384,0;64087,0;11362,0;6541,0;59647,0;29035,0;362361,0;95268,0;10700,0;465739,0
2019-04-01;446833,0;509564,0;22306,0;9958,0;62731,0;7467,0;57652,0;44734,0;408179,0;30855,0;101385,0;59821,0;64304,0;11357,0;6659,0;59513,0;28936,0;363445,0;93287,0;10895,0;464830,0
2019-05-01;449524,0;512930,0;22116,0;10032,0;63406,0;7624,0;57652,0;43911,0;409972,0;30572,0;102958,0;61732,0;64292,0;11338,0;6684,0;59340,0;29185,0;366061,0;94885,0;11078,0;469019,0
2019-06-01;449409,0;513716,0;22119,0;10098,0;64307,0;7570,0;57913,0;42168,0;411009,0;30622,0;102707,0;63238,0;64586,0;11185,0;6739,0;59471,0;29029,0;368841,0;94602,0;11062,0;471548,0
2019-07-01;453221,0;518274,0;22450,0;10125,0;65053,0;7607,0;58604,0;42831,0;414802,0;31137,0;103472,0;63579,0;65380,0;11479,0;6617,0;60189,0;28895,0;371971,0;95380,0;10939,0;475443,0
2019-08-01;456082,0;521348,0;22412,0;10093,0;65266,0;7560,0;58671,0;42803,0;415683,0;31469,0;105665,0;64017,0;65444,0;11319,0;6684,0;59883,0;28902,0;372880,0;97492,0;11150,0;478545,0
2019-09-01;452230,0;518188,0;22216,0;10252,0;65958,0;7560,0;58124,0;42444,0;414939,0;31151,0;103249,0;64585,0;64867,0;10949,0;6661,0;59355,0;28825,0;372495,0;95207,0;11065,0;475744,0
2019-10-01;453365,0;519795,0;22283,0;10132,0;66430,0;7500,0;57880,0;42961,0;416565,0;31076,0;103230,0;64762,0;64643,0;10947,0;6713,0;59726,0;29107,0;373604,0;95131,0;11232,0;476834,0
2019-11-01;456587,0;523120,0;22247,0;10185,0;66533,0;7534,0;58049,0;42884,0;417162,0;31164,0;105958,0;64723,0;64816,0;11139,0;6473,0;60360,0;28827,0;374278,0;97828,0;11416,0;480236,0
2019-12-01;457253,0;524954,0;23116,0;10239,0;67701,0;7584,0;58537,0;44150,0;421008,0;31527,0;103946,0;64626,0;65335,0;10952,0;6684,0;60287,0;28517,0;376858,0;95904,0;11242,0;480804,0
2020-01-01;456420,0;525411,0;22854,0;10405,0;68991,0;7429,0;57885,0;43402,0;423094,0;32015,0;102317,0;65279,0;64626,0;10844,0;6705,0;60539,0;29318,0;379692,0;94327,0;11531,0;482009,0
2020-02-01;456401,0;525380,0;22679,0;10239,0;68979,0;7327,0;57922,0;41481,0;422416,0;32081,0;102964,0;66223,0;64741,0;10817,0;6682,0;60821,0;29680,0;380935,0;95047,0;11483,0;483899,0
2020-03-01;429196,0;477676,0;11435,0;7977,0;48480,0;6005,0;74168,0;35024,0;401728,0;31953,0;75948,0;70307,0;81748,0;8811,0;5508,0;62573,0;31032,0;366704,0;68873,0;9686,0;442652,0
2020-04-01;376918,0;408312,0;2885,0;3971,0;31394,0;3364,0;64097,0;27076,0;342849,0;31734,0;65463,0;78380,0;70991,0;6206,0;3683,0;55973,0;26361,0;315773,0;58737,0;7037,0;381236,0
2020-05-01;443726,0;484978,0;8345,0;7159,0;41252,0;4137,0;64573,0;30045,0;386584,0;36132,0;98394,0;84367,0;72203,0;8700,0;6432,0;60914,0;26900,0;356539,0;90080,0;8698,0;454933,0
2020-06-01;473811,0;526970,0;17254,0;9917,0;53159,0;5834,0;63140,0;33866,0;420143,0;36468,0;106827,0;83680,0;70807,0;9514,0;8113,0;61590,0;28822,0;386277,0;97914,0;10633,0;493104,0
2020-07-01;480116,0;535644,0;17984,0;10230,0;55528,0;6652,0;63546,0;35471,0;429142,0;35941,0;106502,0;85221,0;71251,0;9524,0;7851,0;61365,0;30474,0;393671,0;97797,0;11174,0;500173,0
2020-08-01;482243,0;540423,0;18300,0;10736,0;58180,0;6754,0;62387,0;36328,0;433213,0;36389,0;107210,0;87449,0;70182,0;9379,0;7319,0;60132,0;30019,0;396885,0;98517,0;11425,0;504095,0
2020-09-01;491386,0;551131,0;20719,0;10798,0;59745,0;6565,0;62303,0;36584,0;440259,0;36819,0;110872,0;87335,0;70133,0;10258,0;7790,0;61876,0;30429,0;403675,0;102320,0;11466,0;514547,0
2020-10-01;489705,0;549271,0;20229,0;10666,0;59566,0;6998,0;61887,0;36510,0;438994,0;36278,0;110277,0;88301,0;69628,0;9856,0;7686,0;61206,0;30384,0;402484,0;102032,0;11542,0;512761,0
2020-11-01;487287,0;544421,0;19275,0;10452,0;57134,0;6730,0;62798,0;35533,0;435206,0;36532,0;109215,0;89028,0;70535,0;9636,0;7590,0;60817,0;29955,0;399673,0;100958,0;11625,0;508888,0
2020-12-01;495533,0;549300,0;20072,0;10657,0;53767,0;6471,0;62749,0;38879,0;437961,0;36471,0;111339,0;90106,0;70450,0;9704,0;7635,0;61041,0;30157,0;399082,0;103058,0;12255,0;510421,0
2021-01-01;511693,0;570510,0;20888,0;11790,0;58817,0;7286,0;63472,0;40944,0;456234,0;38691,0;114276,0;90483,0;71487,0;10442,0;8436,0;65060,0;30204,0;415290,0;105691,0;12148,0;529566,0
2021-02-01;498200,0;555489,0;19869,0;11152,0;57289,0;6982,0;63821,0;41744,0;444792,0;36956,0;110697,0;87714,0;71740,0;9849,0;7602,0;61821,0;30005,0;403048,0;102239,0;11918,0;513745,0
2021-03-01;550963,0;616348,0;24261,0;11949,0;65385,0;8190,0;64006,0;46437,0;485780,0;42276,0;130568,0;93564,0;72199,0;11232,0;9207,0;66483,0;32527,0;439343,0;120865,0;13302,0;569911,0
2021-04-01;554420,0;622705,0;24274,0;12005,0;68285,0;8255,0;64604,0;45214,0;488795,0;42189,0;133910,0;93681,0;72826,0;11129,0;9013,0;67371,0;32394,0;443581,0;124254,0;13288,0;577491,0
2021-05-01;545289,0;615543,0;24875,0;11822,0;70254,0;8088,0;65195,0;45585,0;485306,0;40385,0;130237,0;91282,0;73368,0;11300,0;8732,0;66479,0;31795,0;439721,0;120892,0;12641,0;569958,0
2021-06-01;548693,0;622125,0;25868,0;11706,0;73432,0;8410,0;65814,0;46655,0;495623,0;39911,0;126502,0;94583,0;74046,0;11500,0;8656,0;66184,0;32826,0;448968,0;117122,0;13346,0;575470,0
2021-07-01;537817,0;612647,0;25152,0;11775,0;74830,0;8270,0;65850,0;47502,0;490570,0;39109,0;122077,0;89228,0;73879,0;11286,0;8434,0;66217,0;32678,0;443068,0;112620,0;13496,0;565145,0
2021-08-01;542140,0;616892,0;24677,0;11738,0;74752,0;7962,0;67509,0;48620,0;497954,0;39041,0;118938,0;93745,0;75605,0;11245,0;8451,0;66738,0;32981,0;449334,0;109445,0;13644,0;568272,0
2021-09-01;545726,0;620529,0;25076,0;11763,0;74803,0;7854,0;67771,0;50151,0;500530,0;39307,0;119999,0;93979,0;75819,0;11283,0;8406,0;66875,0;32676,0;450379,0;110549,0;13821,0;570378,0
2021-10-01;555517,0;630562,0;25248,0;11996,0;75045,0;8349,0;68142,0;51883,0;508378,0;40011,0;122184,0;97034,0;76140,0;11437,0;8414,0;67801,0;32506,0;456495,0;112526,0;13951,0;578679,0
2021-11-01;562175,0;637775,0;25824,0;11920,0;75600,0;7458,0;68218,0;52934,0;513205,0;41147,0;124570,0;98482,0;76378,0;11344,0;8666,0;67820,0;32870,0;460271,0;114854,0;14106,0;584841,0
2021-12-01;558148,0;632515,0;24718,0;11509,0;74367,0;7410,0;68824,0;54338,0;510926,0;41298,0;121589,0;97032,0;76948,0;11177,0;8424,0;67998,0;32866,0;456588,0;111514,0;14018,0;578177,0
2022-01-01;571325,0;644034,0;24050,0;11808,0;72709,0;7454,0;69283,0;53670,0;515204,0;42376,0;128830,0;101825,0;77429,0;11170,0;8236,0;68679,0;33049,0;461534,0;118803,0;13919,0;590364,0
2022-02-01;574609,0;650522,0;24708,0;11926,0;75913,0;7580,0;69294,0;56028,0;520961,0;42196,0;129561,0;100238,0;77479,0;11269,0;8545,0;69414,0;32877,0;464933,0;119573,0;14057,0;594494,0
2022-03-01;585912,0;664167,0;25838,0;12056,0;78255,0;8216,0;70083,0;63183,0;535564,0;43113,0;128603,0;100514,0;78318,0;11378,0;8620,0;70000,0;33011,0;472381,0;118541,0;14440,0;600984,0
2022-04-01;592141,0;673245,0;25882,0;12383,0;81104,0;8459,0;70380,0;63821,0;542369,0;42996,0;130876,0;101659,0;78537,0;11495,0;8550,0;71187,0;33315,0;478548,0;120719,0;14476,0;609424,0
2022-05-01;589282,0;671040,0;25379,0;12206,0;81758,0;8056,0;71182,0;66679,0;545667,0;42543,0;125373,0;101939,0;79299,0;11492,0;8523,0;71773,0;33166,0;478988,0;115056,0;14346,0;604361,0
2022-06-01;593360,0;675702,0;25565,0;11989,0;82342,0;7864,0;71725,0;67937,0;550125,0;42581,0;125577,0;102301,0;79908,0;11400,0;8542,0;72751,0;33736,0;482188,0;115312,0;14609,0;607765,0
2022-07-01;589039,0;671067,0;24969,0;11914,0;82028,0;7984,0;71705,0;66021,0;547617,0;42692,0;123450,0;103264,0;79859,0;11305,0;8534,0;71997,0;33973,0;481596,0;113203,0;14382,0;605046,0
2022-08-01;590987,0;675107,0;25259,0;12066,0;84120,0;7895,0;71934,0;61054,0;548150,0;43154,0;126957,0;104535,0;80268,0;11402,0;8645,0;72566,0;33883,0;487096,0;116544,0;14705,0;614053,0
2022-09-01;588894,0;673312,0;25552,0;11927,0;84418,0;7835,0;72470,0;58395,0;547395,0;42924,0;125917,0;105118,0;80777,0;11566,0;8623,0;73296,0;34170,0;489000,0;115291,0;14360,0;614917,0
2022-10-01;595839,0;681748,0;25599,0;12218,0;85909,0;7800,0;73214,0;60478,0;553149,0;43297,0;128599,0;105990,0;81592,0;11395,0;8682,0;73268,0;34080,0;492671,0;118084,0;14236,0;621270,0
2022-11-01;588309,0;673674,0;25384,0;11808,0;85365,0;7176,0;73438,0;59627,0;547867,0;41994,0;125807,0;104600,0;81795,0;11193,0;8574,0;73388,0;34304,0;488240,0;115254,0;13852,0;614047,0
2022-12-01;581749,0;666734,0;24916,0;11503,0;84985,0;7087,0;73347,0;56526,0;544358,0;42275,0;122376,0;106279,0;81576,0;11233,0;8699,0;73022,0;33644,0;487832,0;111653,0;13846,0;610208,0
2023-01-01;603496,0;693826,0;26045,0;12964,0;90330,0;8032,0;72793,0;56394,0;560045,0;43082,0;133781,0;108861,0;81347,0;11770,0;8663,0;74707,0;35002,0;503651,0;123039,0;14618,0;637432,0
2023-02-01;598274,0;686434,0;25559,0;12159,0;88160,0;7723,0;73572,0;55233,0;555928,0;42685,0;130506,0;109584,0;81935,0;11516,0;8556,0;74429,0;35582,0;500695,0;119623,0;14323,0;631201,0
2023-03-01;590606,0;679067,0;25387,0;11835,0;88461,0;7788,0;73158,0;54863,0;549907,0;40867,0;129160,0;108825,0;81425,0;11231,0;8554,0;72099,0;35682,0;495044,0;118674,0;14121,0;624204,0
2023-04-01;594962,0;683698,0;25155,0;11553,0;88736,0;7622,0;72913,0;53994,0;552715,0;41077,0;130983,0;111076,0;81206,0;11124,0;8616,0;73169,0;36074,0;498721,0;120004,0;14437,0;629704,0
2023-05-01;597315,0;687470,0;25381,0;11502,0;90155,0;7678,0;72878,0;52756,0;555099,0;41818,0;132371,0;111956,0;81363,0;11089,0;8565,0;73287,0;36378,0;502343,0;121320,0;14260,0;634714,0
2023-06-01;596128,0;686757,0;25336,0;11631,0;90629,0;7730,0;72298,0;51698,0;554088,0;40980,0;132669,0;112766,0;80759,0;10860,0;8505,0;73117,0;36302,0;502390,0;121395,0;14635,0;635059,0
2023-07-01;599037,0;690408,0;25608,0;11467,0;91371,0;7657,0;73021,0;52074,0;558244,0;41051,0;132164,0;114732,0;81533,0;11001,0;8616,0;73788,0;35993,0;506170,0;120856,0;14354,0;638334,0
2023-08-01;603784,0;695476,0;25824,0;11372,0;91692,0;7685,0;73390,0;55612,0;562972,0;41208,0;132504,0;114808,0;81818,0;11033,0;8458,0;73933,0;36666,0;507360,0;121224,0;13896,0;639864,0
2023-09-01;608307,0;701286,0;25583,0;11326,0;92979,0;7718,0;73522,0;56439,0;567433,0;41045,0;133853,0;116376,0;82046,0;11010,0;8480,0;74074,0;36755,0;510994,0;122521,0;14612,0;644847,0
2023-10-01;606596,0;699977,0;25516,0;11049,0;93381,0;7792,0;73546,0;55546,0;567694,0;40940,0;132283,0;116529,0;82114,0;10880,0;8439,0;74007,0;37607,0;512148,0;120903,0;14774,0;644431,0
2023-11-01;606035,0;700707,0;25764,0;11319,0;94672,0;7508,0;73583,0;53518,0;567582,0;40841,0;133125,0;117235,0;82181,0;10671,0;8501,0;73841,0;37455,0;514064,0;121754,0;14747,0;647189,0
2023-12-01;608730,0;703256,0;26147,0;11198,0;94526,0;7363,0;73465,0;53099,0;569502,0;40963,0;133754,0;119373,0;82158,0;10989,0;8364,0;74767,0;36799,0;516403,0;122394,0;14745,0;650157,0
2024-01-01;601921,0;695631,0;25960,0;11209,0;93710,0;7597,0;73370,0;52376,0;564886,0;39375,0;130745,0;118589,0;81865,0;11096,0;8367,0;74833,0;36213,0;512510,0;119428,0;14792,0;643255,0
2024-02-01;606720,0;700519,0;25949,0;10968,0;93799,0;7814,0;73341,0;53397,0;566846,0;40301,0;133673,0;117806,0;81992,0;11063,0;8424,0;75145,0;36142,0;513449,0;122433,0;15109,0;647122,0
2024-03-01;610060,0;703738,0;25321,0;10743,0;93678,0;7611,0;73617,0;53801,0;570253,0;40222,0;133485,0;120781,0;82265,0;10878,0;8316,0;75835,0;36202,0;516452,0;122067,0;15478,0;649937,0
2024-04-01;608440,0;702458,0;25763,0;10837,0;94018,0;7782,0;74092,0;54800,0;569534,0;40345,0;132924,0;118584,0;82814,0;10909,0;8120,0;75149,0;36091,0;514734,0;121456,0;15231,0;647658,0
2024-05-01;609474,0;703088,0;26001,0;10722,0;93614,0;7814,0;73816,0;53585,0;569035,0;40028,0;134053,0;119581,0;82658,0;10909,0;8345,0;75250,0;36141,0;515450,0;122452,0;15296,0;649503,0
